2026/04/10 09:01:23 No .env file found, using environment variables
2026/04/10 09:01:23 Warning: Cannot create /var/cloudai/files: mkdir /var/cloudai: permission denied
2026/04/10 09:01:23 ✓ Using fallback file storage directory: /Users/codesmith28/.cloudai/files
2026/04/10 09:01:23 === System Information ===
2026/04/10 09:01:23 Hostname: Thea
2026/04/10 09:01:23 IP Addresses: [10.237.185.229]
2026/04/10 09:01:23 OS: darwin
2026/04/10 09:01:23 Architecture: arm64
2026/04/10 09:01:23 CPU Cores: 12
2026/04/10 09:01:23 Process ID: 91782
2026/04/10 09:01:23 User ID: 501
2026/04/10 09:01:23 Group ID: 20
2026/04/10 09:01:23 Master Address: 10.237.185.229
2026/04/10 09:01:23 Master Port: :61051
2026/04/10 09:01:23 ==========================
2026/04/10 09:01:23 ✓ MongoDB collections ensured
2026/04/10 09:01:23 ✓ WorkerDB initialized
2026/04/10 09:01:23 ✓ TaskDB initialized
2026/04/10 09:01:23 ✓ AssignmentDB initialized
2026/04/10 09:01:23 ✓ AttemptDB initialized
2026/04/10 09:01:23 ✓ ResultDB initialized
2026/04/10 09:01:23 ✓ UserDB initialized
2026/04/10 09:01:23 ✓ FileMetadataDB initialized
2026/04/10 09:01:23 Warning: Failed to create SchedulerModelDB: create scheduler model indexes: (IndexOptionsConflict) Index already exists with a different name: sched_model_lookup_idx
2026/04/10 09:01:23 ✓ FileStorageService initialized with access control
2026/04/10 09:01:23 ✓ FileStorageService initialized (base: /Users/codesmith28/.cloudai/files)
2026/04/10 09:01:23 Telemetry manager started
2026/04/10 09:01:23 ✓ Telemetry manager started
2026/04/10 09:01:23 ✓ Tau store initialized with default values:
2026/04/10 09:01:23   - cpu-heavy: 15.0s
2026/04/10 09:01:23   - memory-heavy: 20.0s
2026/04/10 09:01:23   - mixed: 10.0s
2026/04/10 09:01:23   - cpu-light: 5.0s
2026/04/10 09:01:23 ✓ SLA multiplier (k): 2.0
2026/04/10 09:01:23 ✓ Round-Robin scheduler created
2026/04/10 09:01:23 ✓ Telemetry source adapter created
2026/04/10 09:01:23 ✓ RTS params store initialized (MongoDB: RTS_WEIGHTS)
2026/04/10 09:01:23 ✓ RTS Scheduler initialized with params from /Users/codesmith28/personal/Projects/acc/BTEP/master/config/ga_output.json
2026/04/10 09:01:23 ✓ RTS scheduler initialized (params: /Users/codesmith28/personal/Projects/acc/BTEP/master/config/ga_output.json)
2026/04/10 09:01:23   - Fallback: Round-Robin
2026/04/10 09:01:23   - Parameter hot-reload: enabled (every 30s from local cache)
2026/04/10 09:01:23 ✓ PPO deployment mode: active (online updates: true)
2026/04/10 09:01:26 ✓ PPO service healthy (model=v0, fingerprint=)
2026/04/10 09:01:26 ✓ Selected scheduler: PPO (mode=active fallback=RTS)
2026/04/10 09:01:26 Scheduler set: PPO
2026/04/10 09:01:26 ✓ Master server configured with PPO scheduler
2026/04/10 09:01:26 Master info set: ID=master-1, Address=127.0.0.1:61051
2026/04/10 09:01:26 ✓ HistoryDB initialized for AOD/GA training
2026/04/10 09:01:26 ✓ AOD training ticker started (interval: 1m0s)
2026/04/10 09:01:26   - Training method: Linear regression (Theta) + Direct computation (Affinity/Penalty)
2026/04/10 09:01:26   - Training data window: 24 hours
2026/04/10 09:01:26   - Output: /Users/codesmith28/personal/Projects/acc/BTEP/master/config/ga_output.json
2026/04/10 09:01:26   - Persistent store: MongoDB collection RTS_WEIGHTS
2026/04/10 09:01:26   - RTS hot-reload: every 30s
2026/04/10 09:01:26 🔄 Starting resource reconciliation...
2026/04/10 09:01:26 ✓ Resource reconciliation complete: all workers correct
2026/04/10 09:01:26 Loaded 0 workers from database
2026/04/10 09:01:26 ✓ Task queue processor started (checking every 5s)
2026/04/10 09:01:26 ✓ Task queue processor started
2026/04/10 09:01:26 ✓ Worker reconnection monitor started
2026/04/10 09:01:26 🔄 Worker reconnection monitor started
2026/04/10 09:01:26 ✓ File API handlers registered
2026/04/10 09:01:26 WARNING: JWT_SECRET not set, generated a random secret. Sessions will not survive restarts.
2026/04/10 09:01:26 ✓ Auth API handlers registered
2026/04/10 09:01:26 ✓ HTTP API server started on port 21080
2026/04/10 09:01:26   - Telemetry: GET /health, /telemetry, /workers
2026/04/10 09:01:26   - WebSocket: WS /ws/telemetry, /ws/telemetry/{worker_id}
2026/04/10 09:01:26   - Tasks: POST/GET/DELETE /api/tasks, GET /api/tasks/{id}
2026/04/10 09:01:26   - Workers: GET /api/workers, /api/workers/{id}
2026/04/10 09:01:26   - Files: GET /api/files, /api/files/{task_id}
2026/04/10 09:01:26            GET /api/files/{task_id}/download/{file_path}
2026/04/10 09:01:26            DELETE /api/files/{task_id}
2026/04/10 09:01:26 Starting WebSocket telemetry server on :21080
2026/04/10 09:01:26 WebSocket endpoints:
2026/04/10 09:01:26   - ws://localhost:21080/ws/telemetry (all workers)
2026/04/10 09:01:26   - ws://localhost:21080/ws/telemetry/{worker_id} (specific worker)
2026/04/10 09:01:26 
✓ Master node started successfully
2026/04/10 09:01:26 ✓ Starting gRPC server on 127.0.0.1:61051 (advertise: 127.0.0.1:61051)
2026/04/10 09:01:26 ✓ Headless mode enabled (CLOUDAI_HEADLESS=true), CLI disabled
2026/04/10 09:01:53 ✓ RTS: Reloaded GA parameters from /Users/codesmith28/personal/Projects/acc/BTEP/master/config/ga_output.json
2026/04/10 09:02:23 ✓ RTS: Reloaded GA parameters from /Users/codesmith28/personal/Projects/acc/BTEP/master/config/ga_output.json
2026/04/10 09:02:26 🧬 Starting AOD training cycle...
2026/04/10 09:02:26 🧬 Starting AOD training cycle...
2026/04/10 09:02:26 📊 Fetching task history from 2026-04-09T09:02:26+05:30 to 2026-04-10T09:02:26+05:30
2026/04/10 09:02:26 🔍 DEBUG: Querying TASKS collection for completed_at between 2026-04-09T09:02:26+05:30 and 2026-04-10T09:02:26+05:30
2026/04/10 09:02:26 🔍 DEBUG: Query returned 0 task history records
2026/04/10 09:02:26 📊 Fetching worker stats from 2026-04-09T09:02:26+05:30 to 2026-04-10T09:02:26+05:30
2026/04/10 09:02:26 🔍 DEBUG: Querying TASKS collection for completed_at between 2026-04-09T09:02:26+05:30 and 2026-04-10T09:02:26+05:30
2026/04/10 09:02:26 🔍 DEBUG: Query returned 0 task history records
2026/04/10 09:02:26 ✓ Retrieved 0 task history records and 0 worker stats
2026/04/10 09:02:26 ⚠️  Insufficient data (0 tasks < 2 required), using default parameters
2026/04/10 09:02:26 ✓ AOD parameters saved to /Users/codesmith28/personal/Projects/acc/BTEP/master/config/ga_output.json
2026/04/10 09:02:26 ✓ AOD parameters saved to MongoDB collection RTS_WEIGHTS
2026/04/10 09:02:26 ✅ AOD training cycle completed successfully
2026/04/10 09:02:53 ✓ RTS: Reloaded GA parameters from mongodb collection RTS_WEIGHTS
2026/04/10 09:03:23 ✓ RTS: Reloaded GA parameters from mongodb collection RTS_WEIGHTS
2026/04/10 09:03:26 🧬 Starting AOD training cycle...
2026/04/10 09:03:26 🧬 Starting AOD training cycle...
2026/04/10 09:03:26 📊 Fetching task history from 2026-04-09T09:03:26+05:30 to 2026-04-10T09:03:26+05:30
2026/04/10 09:03:26 🔍 DEBUG: Querying TASKS collection for completed_at between 2026-04-09T09:03:26+05:30 and 2026-04-10T09:03:26+05:30
2026/04/10 09:03:26 🔍 DEBUG: Query returned 0 task history records
2026/04/10 09:03:26 📊 Fetching worker stats from 2026-04-09T09:03:26+05:30 to 2026-04-10T09:03:26+05:30
2026/04/10 09:03:26 🔍 DEBUG: Querying TASKS collection for completed_at between 2026-04-09T09:03:26+05:30 and 2026-04-10T09:03:26+05:30
2026/04/10 09:03:26 🔍 DEBUG: Query returned 0 task history records
2026/04/10 09:03:26 ✓ Retrieved 0 task history records and 0 worker stats
2026/04/10 09:03:26 ⚠️  Insufficient data (0 tasks < 2 required), using default parameters
2026/04/10 09:03:26 ✓ AOD parameters saved to /Users/codesmith28/personal/Projects/acc/BTEP/master/config/ga_output.json
2026/04/10 09:03:26 ✓ AOD parameters saved to MongoDB collection RTS_WEIGHTS
2026/04/10 09:03:26 ✅ AOD training cycle completed successfully
2026/04/10 09:03:53 ✓ RTS: Reloaded GA parameters from mongodb collection RTS_WEIGHTS
2026/04/10 09:04:23 ✓ RTS: Reloaded GA parameters from mongodb collection RTS_WEIGHTS
2026/04/10 09:04:26 🧬 Starting AOD training cycle...
2026/04/10 09:04:26 🧬 Starting AOD training cycle...
2026/04/10 09:04:26 📊 Fetching task history from 2026-04-09T09:04:26+05:30 to 2026-04-10T09:04:26+05:30
2026/04/10 09:04:26 🔍 DEBUG: Querying TASKS collection for completed_at between 2026-04-09T09:04:26+05:30 and 2026-04-10T09:04:26+05:30
2026/04/10 09:04:26 🔍 DEBUG: Query returned 0 task history records
2026/04/10 09:04:26 📊 Fetching worker stats from 2026-04-09T09:04:26+05:30 to 2026-04-10T09:04:26+05:30
2026/04/10 09:04:26 🔍 DEBUG: Querying TASKS collection for completed_at between 2026-04-09T09:04:26+05:30 and 2026-04-10T09:04:26+05:30
2026/04/10 09:04:26 🔍 DEBUG: Query returned 0 task history records
2026/04/10 09:04:26 ✓ Retrieved 0 task history records and 0 worker stats
2026/04/10 09:04:26 ⚠️  Insufficient data (0 tasks < 2 required), using default parameters
2026/04/10 09:04:26 ✓ AOD parameters saved to /Users/codesmith28/personal/Projects/acc/BTEP/master/config/ga_output.json
2026/04/10 09:04:26 ✓ AOD parameters saved to MongoDB collection RTS_WEIGHTS
2026/04/10 09:04:26 ✅ AOD training cycle completed successfully
2026/04/10 09:04:53 ✓ RTS: Reloaded GA parameters from mongodb collection RTS_WEIGHTS
2026/04/10 09:05:23 ✓ RTS: Reloaded GA parameters from mongodb collection RTS_WEIGHTS
2026/04/10 09:05:26 🧬 Starting AOD training cycle...
2026/04/10 09:05:26 🧬 Starting AOD training cycle...
2026/04/10 09:05:26 📊 Fetching task history from 2026-04-09T09:05:26+05:30 to 2026-04-10T09:05:26+05:30
2026/04/10 09:05:26 🔍 DEBUG: Querying TASKS collection for completed_at between 2026-04-09T09:05:26+05:30 and 2026-04-10T09:05:26+05:30
2026/04/10 09:05:26 🔍 DEBUG: Query returned 0 task history records
2026/04/10 09:05:26 📊 Fetching worker stats from 2026-04-09T09:05:26+05:30 to 2026-04-10T09:05:26+05:30
2026/04/10 09:05:26 🔍 DEBUG: Querying TASKS collection for completed_at between 2026-04-09T09:05:26+05:30 and 2026-04-10T09:05:26+05:30
2026/04/10 09:05:26 🔍 DEBUG: Query returned 0 task history records
2026/04/10 09:05:26 ✓ Retrieved 0 task history records and 0 worker stats
2026/04/10 09:05:26 ⚠️  Insufficient data (0 tasks < 2 required), using default parameters
2026/04/10 09:05:26 ✓ AOD parameters saved to /Users/codesmith28/personal/Projects/acc/BTEP/master/config/ga_output.json
2026/04/10 09:05:26 ✓ AOD parameters saved to MongoDB collection RTS_WEIGHTS
2026/04/10 09:05:26 ✅ AOD training cycle completed successfully
2026/04/10 09:05:53 ✓ RTS: Reloaded GA parameters from mongodb collection RTS_WEIGHTS
2026/04/10 09:06:23 ✓ RTS: Reloaded GA parameters from mongodb collection RTS_WEIGHTS
2026/04/10 09:06:26 🧬 Starting AOD training cycle...
2026/04/10 09:06:26 🧬 Starting AOD training cycle...
2026/04/10 09:06:26 📊 Fetching task history from 2026-04-09T09:06:26+05:30 to 2026-04-10T09:06:26+05:30
2026/04/10 09:06:26 🔍 DEBUG: Querying TASKS collection for completed_at between 2026-04-09T09:06:26+05:30 and 2026-04-10T09:06:26+05:30
2026/04/10 09:06:26 🔍 DEBUG: Query returned 0 task history records
2026/04/10 09:06:26 📊 Fetching worker stats from 2026-04-09T09:06:26+05:30 to 2026-04-10T09:06:26+05:30
2026/04/10 09:06:26 🔍 DEBUG: Querying TASKS collection for completed_at between 2026-04-09T09:06:26+05:30 and 2026-04-10T09:06:26+05:30
2026/04/10 09:06:26 🔍 DEBUG: Query returned 0 task history records
2026/04/10 09:06:26 ✓ Retrieved 0 task history records and 0 worker stats
2026/04/10 09:06:26 ⚠️  Insufficient data (0 tasks < 2 required), using default parameters
2026/04/10 09:06:26 ✓ AOD parameters saved to /Users/codesmith28/personal/Projects/acc/BTEP/master/config/ga_output.json
2026/04/10 09:06:26 ✓ AOD parameters saved to MongoDB collection RTS_WEIGHTS
2026/04/10 09:06:26 ✅ AOD training cycle completed successfully
2026/04/10 09:06:53 ✓ RTS: Reloaded GA parameters from mongodb collection RTS_WEIGHTS
2026/04/10 09:07:23 ✓ RTS: Reloaded GA parameters from mongodb collection RTS_WEIGHTS
2026/04/10 09:07:26 🧬 Starting AOD training cycle...
2026/04/10 09:07:26 🧬 Starting AOD training cycle...
2026/04/10 09:07:26 📊 Fetching task history from 2026-04-09T09:07:26+05:30 to 2026-04-10T09:07:26+05:30
2026/04/10 09:07:26 🔍 DEBUG: Querying TASKS collection for completed_at between 2026-04-09T09:07:26+05:30 and 2026-04-10T09:07:26+05:30
2026/04/10 09:07:26 🔍 DEBUG: Query returned 0 task history records
2026/04/10 09:07:26 📊 Fetching worker stats from 2026-04-09T09:07:26+05:30 to 2026-04-10T09:07:26+05:30
2026/04/10 09:07:26 🔍 DEBUG: Querying TASKS collection for completed_at between 2026-04-09T09:07:26+05:30 and 2026-04-10T09:07:26+05:30
2026/04/10 09:07:26 🔍 DEBUG: Query returned 0 task history records
2026/04/10 09:07:26 ✓ Retrieved 0 task history records and 0 worker stats
2026/04/10 09:07:26 ⚠️  Insufficient data (0 tasks < 2 required), using default parameters
2026/04/10 09:07:26 ✓ AOD parameters saved to /Users/codesmith28/personal/Projects/acc/BTEP/master/config/ga_output.json
2026/04/10 09:07:26 ✓ AOD parameters saved to MongoDB collection RTS_WEIGHTS
2026/04/10 09:07:26 ✅ AOD training cycle completed successfully
2026/04/10 09:07:53 ✓ RTS: Reloaded GA parameters from mongodb collection RTS_WEIGHTS
2026/04/10 09:08:23 ✓ RTS: Reloaded GA parameters from mongodb collection RTS_WEIGHTS
2026/04/10 09:08:26 🧬 Starting AOD training cycle...
2026/04/10 09:08:26 🧬 Starting AOD training cycle...
2026/04/10 09:08:26 📊 Fetching task history from 2026-04-09T09:08:26+05:30 to 2026-04-10T09:08:26+05:30
2026/04/10 09:08:26 🔍 DEBUG: Querying TASKS collection for completed_at between 2026-04-09T09:08:26+05:30 and 2026-04-10T09:08:26+05:30
2026/04/10 09:08:26 🔍 DEBUG: Query returned 0 task history records
2026/04/10 09:08:26 📊 Fetching worker stats from 2026-04-09T09:08:26+05:30 to 2026-04-10T09:08:26+05:30
2026/04/10 09:08:26 🔍 DEBUG: Querying TASKS collection for completed_at between 2026-04-09T09:08:26+05:30 and 2026-04-10T09:08:26+05:30
2026/04/10 09:08:26 🔍 DEBUG: Query returned 0 task history records
2026/04/10 09:08:26 ✓ Retrieved 0 task history records and 0 worker stats
2026/04/10 09:08:26 ⚠️  Insufficient data (0 tasks < 2 required), using default parameters
2026/04/10 09:08:26 ✓ AOD parameters saved to /Users/codesmith28/personal/Projects/acc/BTEP/master/config/ga_output.json
2026/04/10 09:08:26 ✓ AOD parameters saved to MongoDB collection RTS_WEIGHTS
2026/04/10 09:08:26 ✅ AOD training cycle completed successfully
2026/04/10 09:08:53 ✓ RTS: Reloaded GA parameters from mongodb collection RTS_WEIGHTS
2026/04/10 09:09:23 ✓ RTS: Reloaded GA parameters from mongodb collection RTS_WEIGHTS
2026/04/10 09:09:26 🧬 Starting AOD training cycle...
2026/04/10 09:09:26 🧬 Starting AOD training cycle...
2026/04/10 09:09:26 📊 Fetching task history from 2026-04-09T09:09:26+05:30 to 2026-04-10T09:09:26+05:30
2026/04/10 09:09:26 🔍 DEBUG: Querying TASKS collection for completed_at between 2026-04-09T09:09:26+05:30 and 2026-04-10T09:09:26+05:30
2026/04/10 09:09:26 🔍 DEBUG: Query returned 0 task history records
2026/04/10 09:09:26 📊 Fetching worker stats from 2026-04-09T09:09:26+05:30 to 2026-04-10T09:09:26+05:30
2026/04/10 09:09:26 🔍 DEBUG: Querying TASKS collection for completed_at between 2026-04-09T09:09:26+05:30 and 2026-04-10T09:09:26+05:30
2026/04/10 09:09:26 🔍 DEBUG: Query returned 0 task history records
2026/04/10 09:09:26 ✓ Retrieved 0 task history records and 0 worker stats
2026/04/10 09:09:26 ⚠️  Insufficient data (0 tasks < 2 required), using default parameters
2026/04/10 09:09:26 ✓ AOD parameters saved to /Users/codesmith28/personal/Projects/acc/BTEP/master/config/ga_output.json
2026/04/10 09:09:26 ✓ AOD parameters saved to MongoDB collection RTS_WEIGHTS
2026/04/10 09:09:26 ✅ AOD training cycle completed successfully
2026/04/10 09:09:53 ✓ RTS: Reloaded GA parameters from mongodb collection RTS_WEIGHTS
2026/04/10 09:10:23 ✓ RTS: Reloaded GA parameters from mongodb collection RTS_WEIGHTS
2026/04/10 09:10:26 🧬 Starting AOD training cycle...
2026/04/10 09:10:26 🧬 Starting AOD training cycle...
2026/04/10 09:10:26 📊 Fetching task history from 2026-04-09T09:10:26+05:30 to 2026-04-10T09:10:26+05:30
2026/04/10 09:10:26 🔍 DEBUG: Querying TASKS collection for completed_at between 2026-04-09T09:10:26+05:30 and 2026-04-10T09:10:26+05:30
2026/04/10 09:10:26 🔍 DEBUG: Query returned 0 task history records
2026/04/10 09:10:26 📊 Fetching worker stats from 2026-04-09T09:10:26+05:30 to 2026-04-10T09:10:26+05:30
2026/04/10 09:10:26 🔍 DEBUG: Querying TASKS collection for completed_at between 2026-04-09T09:10:26+05:30 and 2026-04-10T09:10:26+05:30
2026/04/10 09:10:26 🔍 DEBUG: Query returned 0 task history records
2026/04/10 09:10:26 ✓ Retrieved 0 task history records and 0 worker stats
2026/04/10 09:10:26 ⚠️  Insufficient data (0 tasks < 2 required), using default parameters
2026/04/10 09:10:26 ✓ AOD parameters saved to /Users/codesmith28/personal/Projects/acc/BTEP/master/config/ga_output.json
2026/04/10 09:10:26 ✓ AOD parameters saved to MongoDB collection RTS_WEIGHTS
2026/04/10 09:10:26 ✅ AOD training cycle completed successfully
2026/04/10 09:10:53 ✓ RTS: Reloaded GA parameters from mongodb collection RTS_WEIGHTS
2026/04/10 09:11:23 ✓ RTS: Reloaded GA parameters from mongodb collection RTS_WEIGHTS
2026/04/10 09:11:26 🧬 Starting AOD training cycle...
2026/04/10 09:11:26 🧬 Starting AOD training cycle...
2026/04/10 09:11:26 📊 Fetching task history from 2026-04-09T09:11:26+05:30 to 2026-04-10T09:11:26+05:30
2026/04/10 09:11:26 🔍 DEBUG: Querying TASKS collection for completed_at between 2026-04-09T09:11:26+05:30 and 2026-04-10T09:11:26+05:30
2026/04/10 09:11:26 🔍 DEBUG: Query returned 0 task history records
2026/04/10 09:11:26 📊 Fetching worker stats from 2026-04-09T09:11:26+05:30 to 2026-04-10T09:11:26+05:30
2026/04/10 09:11:26 🔍 DEBUG: Querying TASKS collection for completed_at between 2026-04-09T09:11:26+05:30 and 2026-04-10T09:11:26+05:30
2026/04/10 09:11:26 🔍 DEBUG: Query returned 0 task history records
2026/04/10 09:11:26 ✓ Retrieved 0 task history records and 0 worker stats
2026/04/10 09:11:26 ⚠️  Insufficient data (0 tasks < 2 required), using default parameters
2026/04/10 09:11:26 ✓ AOD parameters saved to /Users/codesmith28/personal/Projects/acc/BTEP/master/config/ga_output.json
2026/04/10 09:11:26 ✓ AOD parameters saved to MongoDB collection RTS_WEIGHTS
2026/04/10 09:11:26 ✅ AOD training cycle completed successfully
2026/04/10 09:11:53 ✓ RTS: Reloaded GA parameters from mongodb collection RTS_WEIGHTS
2026/04/10 09:12:23 ✓ RTS: Reloaded GA parameters from mongodb collection RTS_WEIGHTS
2026/04/10 09:12:26 🧬 Starting AOD training cycle...
2026/04/10 09:12:26 🧬 Starting AOD training cycle...
2026/04/10 09:12:26 📊 Fetching task history from 2026-04-09T09:12:26+05:30 to 2026-04-10T09:12:26+05:30
2026/04/10 09:12:26 🔍 DEBUG: Querying TASKS collection for completed_at between 2026-04-09T09:12:26+05:30 and 2026-04-10T09:12:26+05:30
2026/04/10 09:12:26 🔍 DEBUG: Query returned 0 task history records
2026/04/10 09:12:26 📊 Fetching worker stats from 2026-04-09T09:12:26+05:30 to 2026-04-10T09:12:26+05:30
2026/04/10 09:12:26 🔍 DEBUG: Querying TASKS collection for completed_at between 2026-04-09T09:12:26+05:30 and 2026-04-10T09:12:26+05:30
2026/04/10 09:12:26 🔍 DEBUG: Query returned 0 task history records
2026/04/10 09:12:26 ✓ Retrieved 0 task history records and 0 worker stats
2026/04/10 09:12:26 ⚠️  Insufficient data (0 tasks < 2 required), using default parameters
2026/04/10 09:12:26 ✓ AOD parameters saved to /Users/codesmith28/personal/Projects/acc/BTEP/master/config/ga_output.json
2026/04/10 09:12:26 ✓ AOD parameters saved to MongoDB collection RTS_WEIGHTS
2026/04/10 09:12:26 ✅ AOD training cycle completed successfully
2026/04/10 09:12:53 ✓ RTS: Reloaded GA parameters from mongodb collection RTS_WEIGHTS
2026/04/10 09:13:23 ✓ RTS: Reloaded GA parameters from mongodb collection RTS_WEIGHTS
2026/04/10 09:13:26 🧬 Starting AOD training cycle...
2026/04/10 09:13:26 🧬 Starting AOD training cycle...
2026/04/10 09:13:26 📊 Fetching task history from 2026-04-09T09:13:26+05:30 to 2026-04-10T09:13:26+05:30
2026/04/10 09:13:26 🔍 DEBUG: Querying TASKS collection for completed_at between 2026-04-09T09:13:26+05:30 and 2026-04-10T09:13:26+05:30
2026/04/10 09:13:26 🔍 DEBUG: Query returned 0 task history records
2026/04/10 09:13:26 📊 Fetching worker stats from 2026-04-09T09:13:26+05:30 to 2026-04-10T09:13:26+05:30
2026/04/10 09:13:26 🔍 DEBUG: Querying TASKS collection for completed_at between 2026-04-09T09:13:26+05:30 and 2026-04-10T09:13:26+05:30
2026/04/10 09:13:26 🔍 DEBUG: Query returned 0 task history records
2026/04/10 09:13:26 ✓ Retrieved 0 task history records and 0 worker stats
2026/04/10 09:13:26 ⚠️  Insufficient data (0 tasks < 2 required), using default parameters
2026/04/10 09:13:26 ✓ AOD parameters saved to /Users/codesmith28/personal/Projects/acc/BTEP/master/config/ga_output.json
2026/04/10 09:13:26 ✓ AOD parameters saved to MongoDB collection RTS_WEIGHTS
2026/04/10 09:13:26 ✅ AOD training cycle completed successfully
2026/04/10 09:13:53 ✓ RTS: Reloaded GA parameters from mongodb collection RTS_WEIGHTS
2026/04/10 09:14:23 ✓ RTS: Reloaded GA parameters from mongodb collection RTS_WEIGHTS
2026/04/10 09:14:26 🧬 Starting AOD training cycle...
2026/04/10 09:14:26 🧬 Starting AOD training cycle...
2026/04/10 09:14:26 📊 Fetching task history from 2026-04-09T09:14:26+05:30 to 2026-04-10T09:14:26+05:30
2026/04/10 09:14:26 🔍 DEBUG: Querying TASKS collection for completed_at between 2026-04-09T09:14:26+05:30 and 2026-04-10T09:14:26+05:30
2026/04/10 09:14:26 🔍 DEBUG: Query returned 0 task history records
2026/04/10 09:14:26 📊 Fetching worker stats from 2026-04-09T09:14:26+05:30 to 2026-04-10T09:14:26+05:30
2026/04/10 09:14:26 🔍 DEBUG: Querying TASKS collection for completed_at between 2026-04-09T09:14:26+05:30 and 2026-04-10T09:14:26+05:30
2026/04/10 09:14:26 🔍 DEBUG: Query returned 0 task history records
2026/04/10 09:14:26 ✓ Retrieved 0 task history records and 0 worker stats
2026/04/10 09:14:26 ⚠️  Insufficient data (0 tasks < 2 required), using default parameters
2026/04/10 09:14:26 ✓ AOD parameters saved to /Users/codesmith28/personal/Projects/acc/BTEP/master/config/ga_output.json
2026/04/10 09:14:26 ✓ AOD parameters saved to MongoDB collection RTS_WEIGHTS
2026/04/10 09:14:26 ✅ AOD training cycle completed successfully
2026/04/10 09:14:53 ✓ RTS: Reloaded GA parameters from mongodb collection RTS_WEIGHTS
2026/04/10 09:15:23 ✓ RTS: Reloaded GA parameters from mongodb collection RTS_WEIGHTS
2026/04/10 09:15:26 🧬 Starting AOD training cycle...
2026/04/10 09:15:26 🧬 Starting AOD training cycle...
2026/04/10 09:15:26 📊 Fetching task history from 2026-04-09T09:15:26+05:30 to 2026-04-10T09:15:26+05:30
2026/04/10 09:15:26 🔍 DEBUG: Querying TASKS collection for completed_at between 2026-04-09T09:15:26+05:30 and 2026-04-10T09:15:26+05:30
2026/04/10 09:15:26 🔍 DEBUG: Query returned 0 task history records
2026/04/10 09:15:26 📊 Fetching worker stats from 2026-04-09T09:15:26+05:30 to 2026-04-10T09:15:26+05:30
2026/04/10 09:15:26 🔍 DEBUG: Querying TASKS collection for completed_at between 2026-04-09T09:15:26+05:30 and 2026-04-10T09:15:26+05:30
2026/04/10 09:15:26 🔍 DEBUG: Query returned 0 task history records
2026/04/10 09:15:26 ✓ Retrieved 0 task history records and 0 worker stats
2026/04/10 09:15:26 ⚠️  Insufficient data (0 tasks < 2 required), using default parameters
2026/04/10 09:15:26 ✓ AOD parameters saved to /Users/codesmith28/personal/Projects/acc/BTEP/master/config/ga_output.json
2026/04/10 09:15:26 ✓ AOD parameters saved to MongoDB collection RTS_WEIGHTS
2026/04/10 09:15:26 ✅ AOD training cycle completed successfully
2026/04/10 09:15:53 ✓ RTS: Reloaded GA parameters from mongodb collection RTS_WEIGHTS
2026/04/10 09:16:23 ✓ RTS: Reloaded GA parameters from mongodb collection RTS_WEIGHTS
2026/04/10 09:16:26 🧬 Starting AOD training cycle...
2026/04/10 09:16:26 🧬 Starting AOD training cycle...
2026/04/10 09:16:26 📊 Fetching task history from 2026-04-09T09:16:26+05:30 to 2026-04-10T09:16:26+05:30
2026/04/10 09:16:26 🔍 DEBUG: Querying TASKS collection for completed_at between 2026-04-09T09:16:26+05:30 and 2026-04-10T09:16:26+05:30
2026/04/10 09:16:26 🔍 DEBUG: Query returned 0 task history records
2026/04/10 09:16:26 📊 Fetching worker stats from 2026-04-09T09:16:26+05:30 to 2026-04-10T09:16:26+05:30
2026/04/10 09:16:26 🔍 DEBUG: Querying TASKS collection for completed_at between 2026-04-09T09:16:26+05:30 and 2026-04-10T09:16:26+05:30
2026/04/10 09:16:26 🔍 DEBUG: Query returned 0 task history records
2026/04/10 09:16:26 ✓ Retrieved 0 task history records and 0 worker stats
2026/04/10 09:16:26 ⚠️  Insufficient data (0 tasks < 2 required), using default parameters
2026/04/10 09:16:26 ✓ AOD parameters saved to /Users/codesmith28/personal/Projects/acc/BTEP/master/config/ga_output.json
2026/04/10 09:16:26 ✓ AOD parameters saved to MongoDB collection RTS_WEIGHTS
2026/04/10 09:16:26 ✅ AOD training cycle completed successfully
2026/04/10 09:16:53 ✓ RTS: Reloaded GA parameters from mongodb collection RTS_WEIGHTS
2026/04/10 09:17:23 ✓ RTS: Reloaded GA parameters from mongodb collection RTS_WEIGHTS
2026/04/10 09:24:24 🧬 Starting AOD training cycle...
2026/04/10 09:24:24 🧬 Starting AOD training cycle...
2026/04/10 09:24:24 📊 Fetching task history from 2026-04-09T09:24:24+05:30 to 2026-04-10T09:24:24+05:30
2026/04/10 09:24:24 🔍 DEBUG: Querying TASKS collection for completed_at between 2026-04-09T09:24:24+05:30 and 2026-04-10T09:24:24+05:30
2026/04/10 09:24:24 🔍 DEBUG: Query returned 0 task history records
2026/04/10 09:24:24 📊 Fetching worker stats from 2026-04-09T09:24:24+05:30 to 2026-04-10T09:24:24+05:30
2026/04/10 09:24:24 🔍 DEBUG: Querying TASKS collection for completed_at between 2026-04-09T09:24:24+05:30 and 2026-04-10T09:24:24+05:30
2026/04/10 09:24:24 🔍 DEBUG: Query returned 0 task history records
2026/04/10 09:24:24 ✓ Retrieved 0 task history records and 0 worker stats
2026/04/10 09:24:24 ⚠️  Insufficient data (0 tasks < 2 required), using default parameters
2026/04/10 09:24:24 ✓ AOD parameters saved to /Users/codesmith28/personal/Projects/acc/BTEP/master/config/ga_output.json
2026/04/10 09:24:24 ✓ AOD parameters saved to MongoDB collection RTS_WEIGHTS
2026/04/10 09:24:24 ✅ AOD training cycle completed successfully
2026/04/10 09:24:52 ✓ RTS: Reloaded GA parameters from mongodb collection RTS_WEIGHTS
2026/04/10 09:25:22 ✓ RTS: Reloaded GA parameters from mongodb collection RTS_WEIGHTS
2026/04/10 09:25:24 🧬 Starting AOD training cycle...
2026/04/10 09:25:24 🧬 Starting AOD training cycle...
2026/04/10 09:25:24 📊 Fetching task history from 2026-04-09T09:25:24+05:30 to 2026-04-10T09:25:24+05:30
2026/04/10 09:25:24 🔍 DEBUG: Querying TASKS collection for completed_at between 2026-04-09T09:25:24+05:30 and 2026-04-10T09:25:24+05:30
2026/04/10 09:25:24 🔍 DEBUG: Query returned 0 task history records
2026/04/10 09:25:24 📊 Fetching worker stats from 2026-04-09T09:25:24+05:30 to 2026-04-10T09:25:24+05:30
2026/04/10 09:25:24 🔍 DEBUG: Querying TASKS collection for completed_at between 2026-04-09T09:25:24+05:30 and 2026-04-10T09:25:24+05:30
2026/04/10 09:25:24 🔍 DEBUG: Query returned 0 task history records
2026/04/10 09:25:24 ✓ Retrieved 0 task history records and 0 worker stats
2026/04/10 09:25:24 ⚠️  Insufficient data (0 tasks < 2 required), using default parameters
2026/04/10 09:25:24 ✓ AOD parameters saved to /Users/codesmith28/personal/Projects/acc/BTEP/master/config/ga_output.json
2026/04/10 09:25:24 ✓ AOD parameters saved to MongoDB collection RTS_WEIGHTS
2026/04/10 09:25:24 ✅ AOD training cycle completed successfully
2026/04/10 09:25:52 ✓ RTS: Reloaded GA parameters from mongodb collection RTS_WEIGHTS
2026/04/10 09:26:22 ✓ RTS: Reloaded GA parameters from mongodb collection RTS_WEIGHTS
2026/04/10 09:26:24 🧬 Starting AOD training cycle...
2026/04/10 09:26:24 🧬 Starting AOD training cycle...
2026/04/10 09:26:24 📊 Fetching task history from 2026-04-09T09:26:24+05:30 to 2026-04-10T09:26:24+05:30
2026/04/10 09:26:24 🔍 DEBUG: Querying TASKS collection for completed_at between 2026-04-09T09:26:24+05:30 and 2026-04-10T09:26:24+05:30
2026/04/10 09:26:24 🔍 DEBUG: Query returned 0 task history records
2026/04/10 09:26:24 📊 Fetching worker stats from 2026-04-09T09:26:24+05:30 to 2026-04-10T09:26:24+05:30
2026/04/10 09:26:24 🔍 DEBUG: Querying TASKS collection for completed_at between 2026-04-09T09:26:24+05:30 and 2026-04-10T09:26:24+05:30
2026/04/10 09:26:24 🔍 DEBUG: Query returned 0 task history records
2026/04/10 09:26:24 ✓ Retrieved 0 task history records and 0 worker stats
2026/04/10 09:26:24 ⚠️  Insufficient data (0 tasks < 2 required), using default parameters
2026/04/10 09:26:24 ✓ AOD parameters saved to /Users/codesmith28/personal/Projects/acc/BTEP/master/config/ga_output.json
2026/04/10 09:26:24 ✓ AOD parameters saved to MongoDB collection RTS_WEIGHTS
2026/04/10 09:26:24 ✅ AOD training cycle completed successfully
2026/04/10 09:26:52 ✓ RTS: Reloaded GA parameters from mongodb collection RTS_WEIGHTS
2026/04/10 09:27:22 ✓ RTS: Reloaded GA parameters from mongodb collection RTS_WEIGHTS
2026/04/10 09:27:24 🧬 Starting AOD training cycle...
2026/04/10 09:27:24 🧬 Starting AOD training cycle...
2026/04/10 09:27:24 📊 Fetching task history from 2026-04-09T09:27:24+05:30 to 2026-04-10T09:27:24+05:30
2026/04/10 09:27:24 🔍 DEBUG: Querying TASKS collection for completed_at between 2026-04-09T09:27:24+05:30 and 2026-04-10T09:27:24+05:30
2026/04/10 09:27:24 🔍 DEBUG: Query returned 0 task history records
2026/04/10 09:27:24 📊 Fetching worker stats from 2026-04-09T09:27:24+05:30 to 2026-04-10T09:27:24+05:30
2026/04/10 09:27:24 🔍 DEBUG: Querying TASKS collection for completed_at between 2026-04-09T09:27:24+05:30 and 2026-04-10T09:27:24+05:30
2026/04/10 09:27:24 🔍 DEBUG: Query returned 0 task history records
2026/04/10 09:27:24 ✓ Retrieved 0 task history records and 0 worker stats
2026/04/10 09:27:24 ⚠️  Insufficient data (0 tasks < 2 required), using default parameters
2026/04/10 09:27:24 ✓ AOD parameters saved to /Users/codesmith28/personal/Projects/acc/BTEP/master/config/ga_output.json
2026/04/10 09:27:24 ✓ AOD parameters saved to MongoDB collection RTS_WEIGHTS
2026/04/10 09:27:24 ✅ AOD training cycle completed successfully
2026/04/10 09:27:52 ✓ RTS: Reloaded GA parameters from mongodb collection RTS_WEIGHTS
2026/04/10 09:28:22 ✓ RTS: Reloaded GA parameters from mongodb collection RTS_WEIGHTS
2026/04/10 09:28:24 🧬 Starting AOD training cycle...
2026/04/10 09:28:24 🧬 Starting AOD training cycle...
2026/04/10 09:28:24 📊 Fetching task history from 2026-04-09T09:28:24+05:30 to 2026-04-10T09:28:24+05:30
2026/04/10 09:28:24 🔍 DEBUG: Querying TASKS collection for completed_at between 2026-04-09T09:28:24+05:30 and 2026-04-10T09:28:24+05:30
2026/04/10 09:28:24 🔍 DEBUG: Query returned 0 task history records
2026/04/10 09:28:24 📊 Fetching worker stats from 2026-04-09T09:28:24+05:30 to 2026-04-10T09:28:24+05:30
2026/04/10 09:28:24 🔍 DEBUG: Querying TASKS collection for completed_at between 2026-04-09T09:28:24+05:30 and 2026-04-10T09:28:24+05:30
2026/04/10 09:28:24 🔍 DEBUG: Query returned 0 task history records
2026/04/10 09:28:24 ✓ Retrieved 0 task history records and 0 worker stats
2026/04/10 09:28:24 ⚠️  Insufficient data (0 tasks < 2 required), using default parameters
2026/04/10 09:28:24 ✓ AOD parameters saved to /Users/codesmith28/personal/Projects/acc/BTEP/master/config/ga_output.json
2026/04/10 09:28:24 ✓ AOD parameters saved to MongoDB collection RTS_WEIGHTS
2026/04/10 09:28:24 ✅ AOD training cycle completed successfully
2026/04/10 09:28:52 ✓ RTS: Reloaded GA parameters from mongodb collection RTS_WEIGHTS
2026/04/10 09:29:22 ✓ RTS: Reloaded GA parameters from mongodb collection RTS_WEIGHTS
2026/04/10 09:29:24 🧬 Starting AOD training cycle...
2026/04/10 09:29:24 🧬 Starting AOD training cycle...
2026/04/10 09:29:24 📊 Fetching task history from 2026-04-09T09:29:24+05:30 to 2026-04-10T09:29:24+05:30
2026/04/10 09:29:24 🔍 DEBUG: Querying TASKS collection for completed_at between 2026-04-09T09:29:24+05:30 and 2026-04-10T09:29:24+05:30
2026/04/10 09:29:24 🔍 DEBUG: Query returned 0 task history records
2026/04/10 09:29:24 📊 Fetching worker stats from 2026-04-09T09:29:24+05:30 to 2026-04-10T09:29:24+05:30
2026/04/10 09:29:24 🔍 DEBUG: Querying TASKS collection for completed_at between 2026-04-09T09:29:24+05:30 and 2026-04-10T09:29:24+05:30
2026/04/10 09:29:24 🔍 DEBUG: Query returned 0 task history records
2026/04/10 09:29:24 ✓ Retrieved 0 task history records and 0 worker stats
2026/04/10 09:29:24 ⚠️  Insufficient data (0 tasks < 2 required), using default parameters
2026/04/10 09:29:24 ✓ AOD parameters saved to /Users/codesmith28/personal/Projects/acc/BTEP/master/config/ga_output.json
2026/04/10 09:29:24 ✓ AOD parameters saved to MongoDB collection RTS_WEIGHTS
2026/04/10 09:29:24 ✅ AOD training cycle completed successfully
2026/04/10 09:29:52 ✓ RTS: Reloaded GA parameters from mongodb collection RTS_WEIGHTS
2026/04/10 09:30:22 ✓ RTS: Reloaded GA parameters from mongodb collection RTS_WEIGHTS
2026/04/10 09:30:24 🧬 Starting AOD training cycle...
2026/04/10 09:30:24 🧬 Starting AOD training cycle...
2026/04/10 09:30:24 📊 Fetching task history from 2026-04-09T09:30:24+05:30 to 2026-04-10T09:30:24+05:30
2026/04/10 09:30:24 🔍 DEBUG: Querying TASKS collection for completed_at between 2026-04-09T09:30:24+05:30 and 2026-04-10T09:30:24+05:30
2026/04/10 09:30:24 🔍 DEBUG: Query returned 0 task history records
2026/04/10 09:30:24 📊 Fetching worker stats from 2026-04-09T09:30:24+05:30 to 2026-04-10T09:30:24+05:30
2026/04/10 09:30:24 🔍 DEBUG: Querying TASKS collection for completed_at between 2026-04-09T09:30:24+05:30 and 2026-04-10T09:30:24+05:30
2026/04/10 09:30:24 🔍 DEBUG: Query returned 0 task history records
2026/04/10 09:30:24 ✓ Retrieved 0 task history records and 0 worker stats
2026/04/10 09:30:24 ⚠️  Insufficient data (0 tasks < 2 required), using default parameters
2026/04/10 09:30:24 ✓ AOD parameters saved to /Users/codesmith28/personal/Projects/acc/BTEP/master/config/ga_output.json
2026/04/10 09:30:24 ✓ AOD parameters saved to MongoDB collection RTS_WEIGHTS
2026/04/10 09:30:24 ✅ AOD training cycle completed successfully
2026/04/10 09:30:52 ✓ RTS: Reloaded GA parameters from mongodb collection RTS_WEIGHTS
2026/04/10 09:31:22 ✓ RTS: Reloaded GA parameters from mongodb collection RTS_WEIGHTS
2026/04/10 09:31:24 🧬 Starting AOD training cycle...
2026/04/10 09:31:24 🧬 Starting AOD training cycle...
2026/04/10 09:31:24 📊 Fetching task history from 2026-04-09T09:31:24+05:30 to 2026-04-10T09:31:24+05:30
2026/04/10 09:31:24 🔍 DEBUG: Querying TASKS collection for completed_at between 2026-04-09T09:31:24+05:30 and 2026-04-10T09:31:24+05:30
2026/04/10 09:31:24 🔍 DEBUG: Query returned 0 task history records
2026/04/10 09:31:24 📊 Fetching worker stats from 2026-04-09T09:31:24+05:30 to 2026-04-10T09:31:24+05:30
2026/04/10 09:31:24 🔍 DEBUG: Querying TASKS collection for completed_at between 2026-04-09T09:31:24+05:30 and 2026-04-10T09:31:24+05:30
2026/04/10 09:31:24 🔍 DEBUG: Query returned 0 task history records
2026/04/10 09:31:24 ✓ Retrieved 0 task history records and 0 worker stats
2026/04/10 09:31:24 ⚠️  Insufficient data (0 tasks < 2 required), using default parameters
2026/04/10 09:31:24 ✓ AOD parameters saved to /Users/codesmith28/personal/Projects/acc/BTEP/master/config/ga_output.json
2026/04/10 09:31:24 ✓ AOD parameters saved to MongoDB collection RTS_WEIGHTS
2026/04/10 09:31:24 ✅ AOD training cycle completed successfully
2026/04/10 09:31:52 ✓ RTS: Reloaded GA parameters from mongodb collection RTS_WEIGHTS
2026/04/10 09:32:22 ✓ RTS: Reloaded GA parameters from mongodb collection RTS_WEIGHTS
2026/04/10 09:32:24 🧬 Starting AOD training cycle...
2026/04/10 09:32:24 🧬 Starting AOD training cycle...
2026/04/10 09:32:24 📊 Fetching task history from 2026-04-09T09:32:24+05:30 to 2026-04-10T09:32:24+05:30
2026/04/10 09:32:24 🔍 DEBUG: Querying TASKS collection for completed_at between 2026-04-09T09:32:24+05:30 and 2026-04-10T09:32:24+05:30
2026/04/10 09:32:24 🔍 DEBUG: Query returned 0 task history records
2026/04/10 09:32:24 📊 Fetching worker stats from 2026-04-09T09:32:24+05:30 to 2026-04-10T09:32:24+05:30
2026/04/10 09:32:24 🔍 DEBUG: Querying TASKS collection for completed_at between 2026-04-09T09:32:24+05:30 and 2026-04-10T09:32:24+05:30
2026/04/10 09:32:24 🔍 DEBUG: Query returned 0 task history records
2026/04/10 09:32:24 ✓ Retrieved 0 task history records and 0 worker stats
2026/04/10 09:32:24 ⚠️  Insufficient data (0 tasks < 2 required), using default parameters
2026/04/10 09:32:24 ✓ AOD parameters saved to /Users/codesmith28/personal/Projects/acc/BTEP/master/config/ga_output.json
2026/04/10 09:32:24 ✓ AOD parameters saved to MongoDB collection RTS_WEIGHTS
2026/04/10 09:32:24 ✅ AOD training cycle completed successfully
2026/04/10 09:32:52 ✓ RTS: Reloaded GA parameters from mongodb collection RTS_WEIGHTS
2026/04/10 09:33:22 ✓ RTS: Reloaded GA parameters from mongodb collection RTS_WEIGHTS
2026/04/10 09:33:24 🧬 Starting AOD training cycle...
2026/04/10 09:33:24 🧬 Starting AOD training cycle...
2026/04/10 09:33:24 📊 Fetching task history from 2026-04-09T09:33:24+05:30 to 2026-04-10T09:33:24+05:30
2026/04/10 09:33:24 🔍 DEBUG: Querying TASKS collection for completed_at between 2026-04-09T09:33:24+05:30 and 2026-04-10T09:33:24+05:30
2026/04/10 09:33:24 🔍 DEBUG: Query returned 0 task history records
2026/04/10 09:33:24 📊 Fetching worker stats from 2026-04-09T09:33:24+05:30 to 2026-04-10T09:33:24+05:30
2026/04/10 09:33:24 🔍 DEBUG: Querying TASKS collection for completed_at between 2026-04-09T09:33:24+05:30 and 2026-04-10T09:33:24+05:30
2026/04/10 09:33:24 🔍 DEBUG: Query returned 0 task history records
2026/04/10 09:33:24 ✓ Retrieved 0 task history records and 0 worker stats
2026/04/10 09:33:24 ⚠️  Insufficient data (0 tasks < 2 required), using default parameters
2026/04/10 09:33:24 ✓ AOD parameters saved to /Users/codesmith28/personal/Projects/acc/BTEP/master/config/ga_output.json
2026/04/10 09:33:24 ✓ AOD parameters saved to MongoDB collection RTS_WEIGHTS
2026/04/10 09:33:24 ✅ AOD training cycle completed successfully
2026/04/10 09:33:52 ✓ RTS: Reloaded GA parameters from mongodb collection RTS_WEIGHTS
2026/04/10 09:34:22 ✓ RTS: Reloaded GA parameters from mongodb collection RTS_WEIGHTS
2026/04/10 09:34:24 🧬 Starting AOD training cycle...
2026/04/10 09:34:24 🧬 Starting AOD training cycle...
2026/04/10 09:34:24 📊 Fetching task history from 2026-04-09T09:34:24+05:30 to 2026-04-10T09:34:24+05:30
2026/04/10 09:34:24 🔍 DEBUG: Querying TASKS collection for completed_at between 2026-04-09T09:34:24+05:30 and 2026-04-10T09:34:24+05:30
2026/04/10 09:34:24 🔍 DEBUG: Query returned 0 task history records
2026/04/10 09:34:24 📊 Fetching worker stats from 2026-04-09T09:34:24+05:30 to 2026-04-10T09:34:24+05:30
2026/04/10 09:34:24 🔍 DEBUG: Querying TASKS collection for completed_at between 2026-04-09T09:34:24+05:30 and 2026-04-10T09:34:24+05:30
2026/04/10 09:34:24 🔍 DEBUG: Query returned 0 task history records
2026/04/10 09:34:24 ✓ Retrieved 0 task history records and 0 worker stats
2026/04/10 09:34:24 ⚠️  Insufficient data (0 tasks < 2 required), using default parameters
2026/04/10 09:34:24 ✓ AOD parameters saved to /Users/codesmith28/personal/Projects/acc/BTEP/master/config/ga_output.json
2026/04/10 09:34:24 ✓ AOD parameters saved to MongoDB collection RTS_WEIGHTS
2026/04/10 09:34:24 ✅ AOD training cycle completed successfully
2026/04/10 09:34:52 ✓ RTS: Reloaded GA parameters from mongodb collection RTS_WEIGHTS
2026/04/10 09:35:22 ✓ RTS: Reloaded GA parameters from mongodb collection RTS_WEIGHTS
2026/04/10 09:35:24 🧬 Starting AOD training cycle...
2026/04/10 09:35:24 🧬 Starting AOD training cycle...
2026/04/10 09:35:24 📊 Fetching task history from 2026-04-09T09:35:24+05:30 to 2026-04-10T09:35:24+05:30
2026/04/10 09:35:24 🔍 DEBUG: Querying TASKS collection for completed_at between 2026-04-09T09:35:24+05:30 and 2026-04-10T09:35:24+05:30
2026/04/10 09:35:24 🔍 DEBUG: Query returned 0 task history records
2026/04/10 09:35:24 📊 Fetching worker stats from 2026-04-09T09:35:24+05:30 to 2026-04-10T09:35:24+05:30
2026/04/10 09:35:24 🔍 DEBUG: Querying TASKS collection for completed_at between 2026-04-09T09:35:24+05:30 and 2026-04-10T09:35:24+05:30
2026/04/10 09:35:24 🔍 DEBUG: Query returned 0 task history records
2026/04/10 09:35:24 ✓ Retrieved 0 task history records and 0 worker stats
2026/04/10 09:35:24 ⚠️  Insufficient data (0 tasks < 2 required), using default parameters
2026/04/10 09:35:24 ✓ AOD parameters saved to /Users/codesmith28/personal/Projects/acc/BTEP/master/config/ga_output.json
2026/04/10 09:35:24 ✓ AOD parameters saved to MongoDB collection RTS_WEIGHTS
2026/04/10 09:35:24 ✅ AOD training cycle completed successfully
2026/04/10 09:35:52 ✓ RTS: Reloaded GA parameters from mongodb collection RTS_WEIGHTS
2026/04/10 09:36:22 ✓ RTS: Reloaded GA parameters from mongodb collection RTS_WEIGHTS
2026/04/10 09:36:24 🧬 Starting AOD training cycle...
2026/04/10 09:36:24 🧬 Starting AOD training cycle...
2026/04/10 09:36:24 📊 Fetching task history from 2026-04-09T09:36:24+05:30 to 2026-04-10T09:36:24+05:30
2026/04/10 09:36:24 🔍 DEBUG: Querying TASKS collection for completed_at between 2026-04-09T09:36:24+05:30 and 2026-04-10T09:36:24+05:30
2026/04/10 09:36:24 🔍 DEBUG: Query returned 0 task history records
2026/04/10 09:36:24 📊 Fetching worker stats from 2026-04-09T09:36:24+05:30 to 2026-04-10T09:36:24+05:30
2026/04/10 09:36:24 🔍 DEBUG: Querying TASKS collection for completed_at between 2026-04-09T09:36:24+05:30 and 2026-04-10T09:36:24+05:30
2026/04/10 09:36:24 🔍 DEBUG: Query returned 0 task history records
2026/04/10 09:36:24 ✓ Retrieved 0 task history records and 0 worker stats
2026/04/10 09:36:24 ⚠️  Insufficient data (0 tasks < 2 required), using default parameters
2026/04/10 09:36:24 ✓ AOD parameters saved to /Users/codesmith28/personal/Projects/acc/BTEP/master/config/ga_output.json
2026/04/10 09:36:24 ✓ AOD parameters saved to MongoDB collection RTS_WEIGHTS
2026/04/10 09:36:24 ✅ AOD training cycle completed successfully
2026/04/10 09:36:52 ✓ RTS: Reloaded GA parameters from mongodb collection RTS_WEIGHTS
2026/04/10 09:37:22 ✓ RTS: Reloaded GA parameters from mongodb collection RTS_WEIGHTS
2026/04/10 09:37:24 🧬 Starting AOD training cycle...
2026/04/10 09:37:24 🧬 Starting AOD training cycle...
2026/04/10 09:37:24 📊 Fetching task history from 2026-04-09T09:37:24+05:30 to 2026-04-10T09:37:24+05:30
2026/04/10 09:37:24 🔍 DEBUG: Querying TASKS collection for completed_at between 2026-04-09T09:37:24+05:30 and 2026-04-10T09:37:24+05:30
2026/04/10 09:37:24 🔍 DEBUG: Query returned 0 task history records
2026/04/10 09:37:24 📊 Fetching worker stats from 2026-04-09T09:37:24+05:30 to 2026-04-10T09:37:24+05:30
2026/04/10 09:37:24 🔍 DEBUG: Querying TASKS collection for completed_at between 2026-04-09T09:37:24+05:30 and 2026-04-10T09:37:24+05:30
2026/04/10 09:37:24 🔍 DEBUG: Query returned 0 task history records
2026/04/10 09:37:24 ✓ Retrieved 0 task history records and 0 worker stats
2026/04/10 09:37:24 ⚠️  Insufficient data (0 tasks < 2 required), using default parameters
2026/04/10 09:37:24 ✓ AOD parameters saved to /Users/codesmith28/personal/Projects/acc/BTEP/master/config/ga_output.json
2026/04/10 09:37:24 ✓ AOD parameters saved to MongoDB collection RTS_WEIGHTS
2026/04/10 09:37:24 ✅ AOD training cycle completed successfully
2026/04/10 09:37:52 ✓ RTS: Reloaded GA parameters from mongodb collection RTS_WEIGHTS
2026/04/10 09:38:22 ✓ RTS: Reloaded GA parameters from mongodb collection RTS_WEIGHTS
2026/04/10 09:38:24 🧬 Starting AOD training cycle...
2026/04/10 09:38:24 🧬 Starting AOD training cycle...
2026/04/10 09:38:24 📊 Fetching task history from 2026-04-09T09:38:24+05:30 to 2026-04-10T09:38:24+05:30
2026/04/10 09:38:24 🔍 DEBUG: Querying TASKS collection for completed_at between 2026-04-09T09:38:24+05:30 and 2026-04-10T09:38:24+05:30
2026/04/10 09:38:24 🔍 DEBUG: Query returned 0 task history records
2026/04/10 09:38:24 📊 Fetching worker stats from 2026-04-09T09:38:24+05:30 to 2026-04-10T09:38:24+05:30
2026/04/10 09:38:24 🔍 DEBUG: Querying TASKS collection for completed_at between 2026-04-09T09:38:24+05:30 and 2026-04-10T09:38:24+05:30
2026/04/10 09:38:24 🔍 DEBUG: Query returned 0 task history records
2026/04/10 09:38:24 ✓ Retrieved 0 task history records and 0 worker stats
2026/04/10 09:38:24 ⚠️  Insufficient data (0 tasks < 2 required), using default parameters
2026/04/10 09:38:24 ✓ AOD parameters saved to /Users/codesmith28/personal/Projects/acc/BTEP/master/config/ga_output.json
2026/04/10 09:38:24 ✓ AOD parameters saved to MongoDB collection RTS_WEIGHTS
2026/04/10 09:38:24 ✅ AOD training cycle completed successfully
2026/04/10 09:38:52 ✓ RTS: Reloaded GA parameters from mongodb collection RTS_WEIGHTS
2026/04/10 09:39:22 ✓ RTS: Reloaded GA parameters from mongodb collection RTS_WEIGHTS
2026/04/10 09:39:24 🧬 Starting AOD training cycle...
2026/04/10 09:39:24 🧬 Starting AOD training cycle...
2026/04/10 09:39:24 📊 Fetching task history from 2026-04-09T09:39:24+05:30 to 2026-04-10T09:39:24+05:30
2026/04/10 09:39:24 🔍 DEBUG: Querying TASKS collection for completed_at between 2026-04-09T09:39:24+05:30 and 2026-04-10T09:39:24+05:30
2026/04/10 09:39:24 🔍 DEBUG: Query returned 0 task history records
2026/04/10 09:39:24 📊 Fetching worker stats from 2026-04-09T09:39:24+05:30 to 2026-04-10T09:39:24+05:30
2026/04/10 09:39:24 🔍 DEBUG: Querying TASKS collection for completed_at between 2026-04-09T09:39:24+05:30 and 2026-04-10T09:39:24+05:30
2026/04/10 09:39:24 🔍 DEBUG: Query returned 0 task history records
2026/04/10 09:39:24 ✓ Retrieved 0 task history records and 0 worker stats
2026/04/10 09:39:24 ⚠️  Insufficient data (0 tasks < 2 required), using default parameters
2026/04/10 09:39:24 ✓ AOD parameters saved to /Users/codesmith28/personal/Projects/acc/BTEP/master/config/ga_output.json
2026/04/10 09:39:24 ✓ AOD parameters saved to MongoDB collection RTS_WEIGHTS
2026/04/10 09:39:24 ✅ AOD training cycle completed successfully
2026/04/10 09:39:52 ✓ RTS: Reloaded GA parameters from mongodb collection RTS_WEIGHTS
2026/04/10 09:40:22 ✓ RTS: Reloaded GA parameters from mongodb collection RTS_WEIGHTS
2026/04/10 09:40:24 🧬 Starting AOD training cycle...
2026/04/10 09:40:24 🧬 Starting AOD training cycle...
2026/04/10 09:40:24 📊 Fetching task history from 2026-04-09T09:40:24+05:30 to 2026-04-10T09:40:24+05:30
2026/04/10 09:40:24 🔍 DEBUG: Querying TASKS collection for completed_at between 2026-04-09T09:40:24+05:30 and 2026-04-10T09:40:24+05:30
2026/04/10 09:40:24 🔍 DEBUG: Query returned 0 task history records
2026/04/10 09:40:24 📊 Fetching worker stats from 2026-04-09T09:40:24+05:30 to 2026-04-10T09:40:24+05:30
2026/04/10 09:40:24 🔍 DEBUG: Querying TASKS collection for completed_at between 2026-04-09T09:40:24+05:30 and 2026-04-10T09:40:24+05:30
2026/04/10 09:40:24 🔍 DEBUG: Query returned 0 task history records
2026/04/10 09:40:24 ✓ Retrieved 0 task history records and 0 worker stats
2026/04/10 09:40:24 ⚠️  Insufficient data (0 tasks < 2 required), using default parameters
2026/04/10 09:40:24 ✓ AOD parameters saved to /Users/codesmith28/personal/Projects/acc/BTEP/master/config/ga_output.json
2026/04/10 09:40:24 ✓ AOD parameters saved to MongoDB collection RTS_WEIGHTS
2026/04/10 09:40:24 ✅ AOD training cycle completed successfully
2026/04/10 09:40:52 ✓ RTS: Reloaded GA parameters from mongodb collection RTS_WEIGHTS
2026/04/10 09:41:22 ✓ RTS: Reloaded GA parameters from mongodb collection RTS_WEIGHTS
2026/04/10 09:41:24 🧬 Starting AOD training cycle...
2026/04/10 09:41:24 🧬 Starting AOD training cycle...
2026/04/10 09:41:24 📊 Fetching task history from 2026-04-09T09:41:24+05:30 to 2026-04-10T09:41:24+05:30
2026/04/10 09:41:24 🔍 DEBUG: Querying TASKS collection for completed_at between 2026-04-09T09:41:24+05:30 and 2026-04-10T09:41:24+05:30
2026/04/10 09:41:24 🔍 DEBUG: Query returned 0 task history records
2026/04/10 09:41:24 📊 Fetching worker stats from 2026-04-09T09:41:24+05:30 to 2026-04-10T09:41:24+05:30
2026/04/10 09:41:24 🔍 DEBUG: Querying TASKS collection for completed_at between 2026-04-09T09:41:24+05:30 and 2026-04-10T09:41:24+05:30
2026/04/10 09:41:24 🔍 DEBUG: Query returned 0 task history records
2026/04/10 09:41:24 ✓ Retrieved 0 task history records and 0 worker stats
2026/04/10 09:41:24 ⚠️  Insufficient data (0 tasks < 2 required), using default parameters
2026/04/10 09:41:24 ✓ AOD parameters saved to /Users/codesmith28/personal/Projects/acc/BTEP/master/config/ga_output.json
2026/04/10 09:41:24 ✓ AOD parameters saved to MongoDB collection RTS_WEIGHTS
2026/04/10 09:41:24 ✅ AOD training cycle completed successfully
2026/04/10 09:41:52 ✓ RTS: Reloaded GA parameters from mongodb collection RTS_WEIGHTS
2026/04/10 09:42:22 ✓ RTS: Reloaded GA parameters from mongodb collection RTS_WEIGHTS
2026/04/10 09:42:24 🧬 Starting AOD training cycle...
2026/04/10 09:42:24 🧬 Starting AOD training cycle...
2026/04/10 09:42:24 📊 Fetching task history from 2026-04-09T09:42:24+05:30 to 2026-04-10T09:42:24+05:30
2026/04/10 09:42:24 🔍 DEBUG: Querying TASKS collection for completed_at between 2026-04-09T09:42:24+05:30 and 2026-04-10T09:42:24+05:30
2026/04/10 09:42:24 🔍 DEBUG: Query returned 0 task history records
2026/04/10 09:42:24 📊 Fetching worker stats from 2026-04-09T09:42:24+05:30 to 2026-04-10T09:42:24+05:30
2026/04/10 09:42:24 🔍 DEBUG: Querying TASKS collection for completed_at between 2026-04-09T09:42:24+05:30 and 2026-04-10T09:42:24+05:30
2026/04/10 09:42:24 🔍 DEBUG: Query returned 0 task history records
2026/04/10 09:42:24 ✓ Retrieved 0 task history records and 0 worker stats
2026/04/10 09:42:24 ⚠️  Insufficient data (0 tasks < 2 required), using default parameters
2026/04/10 09:42:24 ✓ AOD parameters saved to /Users/codesmith28/personal/Projects/acc/BTEP/master/config/ga_output.json
2026/04/10 09:42:24 ✓ AOD parameters saved to MongoDB collection RTS_WEIGHTS
2026/04/10 09:42:24 ✅ AOD training cycle completed successfully
2026/04/10 09:42:52 ✓ RTS: Reloaded GA parameters from mongodb collection RTS_WEIGHTS
2026/04/10 09:43:22 ✓ RTS: Reloaded GA parameters from mongodb collection RTS_WEIGHTS
2026/04/10 09:43:24 🧬 Starting AOD training cycle...
2026/04/10 09:43:24 🧬 Starting AOD training cycle...
2026/04/10 09:43:24 📊 Fetching task history from 2026-04-09T09:43:24+05:30 to 2026-04-10T09:43:24+05:30
2026/04/10 09:43:24 🔍 DEBUG: Querying TASKS collection for completed_at between 2026-04-09T09:43:24+05:30 and 2026-04-10T09:43:24+05:30
2026/04/10 09:43:24 🔍 DEBUG: Query returned 0 task history records
2026/04/10 09:43:24 📊 Fetching worker stats from 2026-04-09T09:43:24+05:30 to 2026-04-10T09:43:24+05:30
2026/04/10 09:43:24 🔍 DEBUG: Querying TASKS collection for completed_at between 2026-04-09T09:43:24+05:30 and 2026-04-10T09:43:24+05:30
2026/04/10 09:43:24 🔍 DEBUG: Query returned 0 task history records
2026/04/10 09:43:24 ✓ Retrieved 0 task history records and 0 worker stats
2026/04/10 09:43:24 ⚠️  Insufficient data (0 tasks < 2 required), using default parameters
2026/04/10 09:43:24 ✓ AOD parameters saved to /Users/codesmith28/personal/Projects/acc/BTEP/master/config/ga_output.json
2026/04/10 09:43:24 ✓ AOD parameters saved to MongoDB collection RTS_WEIGHTS
2026/04/10 09:43:24 ✅ AOD training cycle completed successfully
2026/04/10 09:43:52 ✓ RTS: Reloaded GA parameters from mongodb collection RTS_WEIGHTS
2026/04/10 09:44:22 ✓ RTS: Reloaded GA parameters from mongodb collection RTS_WEIGHTS
2026/04/10 09:44:24 🧬 Starting AOD training cycle...
2026/04/10 09:44:24 🧬 Starting AOD training cycle...
2026/04/10 09:44:24 📊 Fetching task history from 2026-04-09T09:44:24+05:30 to 2026-04-10T09:44:24+05:30
2026/04/10 09:44:24 🔍 DEBUG: Querying TASKS collection for completed_at between 2026-04-09T09:44:24+05:30 and 2026-04-10T09:44:24+05:30
2026/04/10 09:44:24 🔍 DEBUG: Query returned 0 task history records
2026/04/10 09:44:24 📊 Fetching worker stats from 2026-04-09T09:44:24+05:30 to 2026-04-10T09:44:24+05:30
2026/04/10 09:44:24 🔍 DEBUG: Querying TASKS collection for completed_at between 2026-04-09T09:44:24+05:30 and 2026-04-10T09:44:24+05:30
2026/04/10 09:44:24 🔍 DEBUG: Query returned 0 task history records
2026/04/10 09:44:24 ✓ Retrieved 0 task history records and 0 worker stats
2026/04/10 09:44:24 ⚠️  Insufficient data (0 tasks < 2 required), using default parameters
2026/04/10 09:44:24 ✓ AOD parameters saved to /Users/codesmith28/personal/Projects/acc/BTEP/master/config/ga_output.json
2026/04/10 09:44:24 ✓ AOD parameters saved to MongoDB collection RTS_WEIGHTS
2026/04/10 09:44:24 ✅ AOD training cycle completed successfully
2026/04/10 09:44:52 ✓ RTS: Reloaded GA parameters from mongodb collection RTS_WEIGHTS
2026/04/10 09:45:22 ✓ RTS: Reloaded GA parameters from mongodb collection RTS_WEIGHTS
2026/04/10 09:45:24 🧬 Starting AOD training cycle...
2026/04/10 09:45:24 🧬 Starting AOD training cycle...
2026/04/10 09:45:24 📊 Fetching task history from 2026-04-09T09:45:24+05:30 to 2026-04-10T09:45:24+05:30
2026/04/10 09:45:24 🔍 DEBUG: Querying TASKS collection for completed_at between 2026-04-09T09:45:24+05:30 and 2026-04-10T09:45:24+05:30
2026/04/10 09:45:24 🔍 DEBUG: Query returned 0 task history records
2026/04/10 09:45:24 📊 Fetching worker stats from 2026-04-09T09:45:24+05:30 to 2026-04-10T09:45:24+05:30
2026/04/10 09:45:24 🔍 DEBUG: Querying TASKS collection for completed_at between 2026-04-09T09:45:24+05:30 and 2026-04-10T09:45:24+05:30
2026/04/10 09:45:24 🔍 DEBUG: Query returned 0 task history records
2026/04/10 09:45:24 ✓ Retrieved 0 task history records and 0 worker stats
2026/04/10 09:45:24 ⚠️  Insufficient data (0 tasks < 2 required), using default parameters
2026/04/10 09:45:24 ✓ AOD parameters saved to /Users/codesmith28/personal/Projects/acc/BTEP/master/config/ga_output.json
2026/04/10 09:45:24 ✓ AOD parameters saved to MongoDB collection RTS_WEIGHTS
2026/04/10 09:45:24 ✅ AOD training cycle completed successfully
2026/04/10 09:45:52 ✓ RTS: Reloaded GA parameters from mongodb collection RTS_WEIGHTS
2026/04/10 09:46:22 ✓ RTS: Reloaded GA parameters from mongodb collection RTS_WEIGHTS
2026/04/10 09:46:24 🧬 Starting AOD training cycle...
2026/04/10 09:46:24 🧬 Starting AOD training cycle...
2026/04/10 09:46:24 📊 Fetching task history from 2026-04-09T09:46:24+05:30 to 2026-04-10T09:46:24+05:30
2026/04/10 09:46:24 🔍 DEBUG: Querying TASKS collection for completed_at between 2026-04-09T09:46:24+05:30 and 2026-04-10T09:46:24+05:30
2026/04/10 09:46:24 🔍 DEBUG: Query returned 0 task history records
2026/04/10 09:46:24 📊 Fetching worker stats from 2026-04-09T09:46:24+05:30 to 2026-04-10T09:46:24+05:30
2026/04/10 09:46:24 🔍 DEBUG: Querying TASKS collection for completed_at between 2026-04-09T09:46:24+05:30 and 2026-04-10T09:46:24+05:30
2026/04/10 09:46:24 🔍 DEBUG: Query returned 0 task history records
2026/04/10 09:46:24 ✓ Retrieved 0 task history records and 0 worker stats
2026/04/10 09:46:24 ⚠️  Insufficient data (0 tasks < 2 required), using default parameters
2026/04/10 09:46:24 ✓ AOD parameters saved to /Users/codesmith28/personal/Projects/acc/BTEP/master/config/ga_output.json
2026/04/10 09:46:24 ✓ AOD parameters saved to MongoDB collection RTS_WEIGHTS
2026/04/10 09:46:24 ✅ AOD training cycle completed successfully
2026/04/10 09:46:52 ✓ RTS: Reloaded GA parameters from mongodb collection RTS_WEIGHTS
2026/04/10 09:47:22 ✓ RTS: Reloaded GA parameters from mongodb collection RTS_WEIGHTS
2026/04/10 09:47:24 🧬 Starting AOD training cycle...
2026/04/10 09:47:24 🧬 Starting AOD training cycle...
2026/04/10 09:47:24 📊 Fetching task history from 2026-04-09T09:47:24+05:30 to 2026-04-10T09:47:24+05:30
2026/04/10 09:47:24 🔍 DEBUG: Querying TASKS collection for completed_at between 2026-04-09T09:47:24+05:30 and 2026-04-10T09:47:24+05:30
2026/04/10 09:47:24 🔍 DEBUG: Query returned 0 task history records
2026/04/10 09:47:24 📊 Fetching worker stats from 2026-04-09T09:47:24+05:30 to 2026-04-10T09:47:24+05:30
2026/04/10 09:47:24 🔍 DEBUG: Querying TASKS collection for completed_at between 2026-04-09T09:47:24+05:30 and 2026-04-10T09:47:24+05:30
2026/04/10 09:47:24 🔍 DEBUG: Query returned 0 task history records
2026/04/10 09:47:24 ✓ Retrieved 0 task history records and 0 worker stats
2026/04/10 09:47:24 ⚠️  Insufficient data (0 tasks < 2 required), using default parameters
2026/04/10 09:47:24 ✓ AOD parameters saved to /Users/codesmith28/personal/Projects/acc/BTEP/master/config/ga_output.json
2026/04/10 09:47:24 ✓ AOD parameters saved to MongoDB collection RTS_WEIGHTS
2026/04/10 09:47:24 ✅ AOD training cycle completed successfully
2026/04/10 09:47:52 ✓ RTS: Reloaded GA parameters from mongodb collection RTS_WEIGHTS
2026/04/10 09:48:22 ✓ RTS: Reloaded GA parameters from mongodb collection RTS_WEIGHTS
2026/04/10 09:48:24 🧬 Starting AOD training cycle...
2026/04/10 09:48:24 🧬 Starting AOD training cycle...
2026/04/10 09:48:24 📊 Fetching task history from 2026-04-09T09:48:24+05:30 to 2026-04-10T09:48:24+05:30
2026/04/10 09:48:24 🔍 DEBUG: Querying TASKS collection for completed_at between 2026-04-09T09:48:24+05:30 and 2026-04-10T09:48:24+05:30
2026/04/10 09:48:24 🔍 DEBUG: Query returned 0 task history records
2026/04/10 09:48:24 📊 Fetching worker stats from 2026-04-09T09:48:24+05:30 to 2026-04-10T09:48:24+05:30
2026/04/10 09:48:24 🔍 DEBUG: Querying TASKS collection for completed_at between 2026-04-09T09:48:24+05:30 and 2026-04-10T09:48:24+05:30
2026/04/10 09:48:24 🔍 DEBUG: Query returned 0 task history records
2026/04/10 09:48:24 ✓ Retrieved 0 task history records and 0 worker stats
2026/04/10 09:48:24 ⚠️  Insufficient data (0 tasks < 2 required), using default parameters
2026/04/10 09:48:24 ✓ AOD parameters saved to /Users/codesmith28/personal/Projects/acc/BTEP/master/config/ga_output.json
2026/04/10 09:48:24 ✓ AOD parameters saved to MongoDB collection RTS_WEIGHTS
2026/04/10 09:48:24 ✅ AOD training cycle completed successfully
2026/04/10 09:48:52 ✓ RTS: Reloaded GA parameters from mongodb collection RTS_WEIGHTS
2026/04/10 09:49:22 ✓ RTS: Reloaded GA parameters from mongodb collection RTS_WEIGHTS
2026/04/10 09:49:24 🧬 Starting AOD training cycle...
2026/04/10 09:49:24 🧬 Starting AOD training cycle...
2026/04/10 09:49:24 📊 Fetching task history from 2026-04-09T09:49:24+05:30 to 2026-04-10T09:49:24+05:30
2026/04/10 09:49:24 🔍 DEBUG: Querying TASKS collection for completed_at between 2026-04-09T09:49:24+05:30 and 2026-04-10T09:49:24+05:30
2026/04/10 09:49:24 🔍 DEBUG: Query returned 0 task history records
2026/04/10 09:49:24 📊 Fetching worker stats from 2026-04-09T09:49:24+05:30 to 2026-04-10T09:49:24+05:30
2026/04/10 09:49:24 🔍 DEBUG: Querying TASKS collection for completed_at between 2026-04-09T09:49:24+05:30 and 2026-04-10T09:49:24+05:30
2026/04/10 09:49:24 🔍 DEBUG: Query returned 0 task history records
2026/04/10 09:49:24 ✓ Retrieved 0 task history records and 0 worker stats
2026/04/10 09:49:24 ⚠️  Insufficient data (0 tasks < 2 required), using default parameters
2026/04/10 09:49:24 ✓ AOD parameters saved to /Users/codesmith28/personal/Projects/acc/BTEP/master/config/ga_output.json
2026/04/10 09:49:24 ✓ AOD parameters saved to MongoDB collection RTS_WEIGHTS
2026/04/10 09:49:24 ✅ AOD training cycle completed successfully
2026/04/10 09:49:52 ✓ RTS: Reloaded GA parameters from mongodb collection RTS_WEIGHTS
2026/04/10 09:50:22 ✓ RTS: Reloaded GA parameters from mongodb collection RTS_WEIGHTS
2026/04/10 09:50:24 🧬 Starting AOD training cycle...
2026/04/10 09:50:24 🧬 Starting AOD training cycle...
2026/04/10 09:50:24 📊 Fetching task history from 2026-04-09T09:50:24+05:30 to 2026-04-10T09:50:24+05:30
2026/04/10 09:50:24 🔍 DEBUG: Querying TASKS collection for completed_at between 2026-04-09T09:50:24+05:30 and 2026-04-10T09:50:24+05:30
2026/04/10 09:50:24 🔍 DEBUG: Query returned 0 task history records
2026/04/10 09:50:24 📊 Fetching worker stats from 2026-04-09T09:50:24+05:30 to 2026-04-10T09:50:24+05:30
2026/04/10 09:50:24 🔍 DEBUG: Querying TASKS collection for completed_at between 2026-04-09T09:50:24+05:30 and 2026-04-10T09:50:24+05:30
2026/04/10 09:50:24 🔍 DEBUG: Query returned 0 task history records
2026/04/10 09:50:24 ✓ Retrieved 0 task history records and 0 worker stats
2026/04/10 09:50:24 ⚠️  Insufficient data (0 tasks < 2 required), using default parameters
2026/04/10 09:50:24 ✓ AOD parameters saved to /Users/codesmith28/personal/Projects/acc/BTEP/master/config/ga_output.json
2026/04/10 09:50:24 ✓ AOD parameters saved to MongoDB collection RTS_WEIGHTS
2026/04/10 09:50:24 ✅ AOD training cycle completed successfully
2026/04/10 09:50:52 ✓ RTS: Reloaded GA parameters from mongodb collection RTS_WEIGHTS
2026/04/10 09:51:22 ✓ RTS: Reloaded GA parameters from mongodb collection RTS_WEIGHTS
2026/04/10 09:51:24 🧬 Starting AOD training cycle...
2026/04/10 09:51:24 🧬 Starting AOD training cycle...
2026/04/10 09:51:24 📊 Fetching task history from 2026-04-09T09:51:24+05:30 to 2026-04-10T09:51:24+05:30
2026/04/10 09:51:24 🔍 DEBUG: Querying TASKS collection for completed_at between 2026-04-09T09:51:24+05:30 and 2026-04-10T09:51:24+05:30
2026/04/10 09:51:24 🔍 DEBUG: Query returned 0 task history records
2026/04/10 09:51:24 📊 Fetching worker stats from 2026-04-09T09:51:24+05:30 to 2026-04-10T09:51:24+05:30
2026/04/10 09:51:24 🔍 DEBUG: Querying TASKS collection for completed_at between 2026-04-09T09:51:24+05:30 and 2026-04-10T09:51:24+05:30
2026/04/10 09:51:24 🔍 DEBUG: Query returned 0 task history records
2026/04/10 09:51:24 ✓ Retrieved 0 task history records and 0 worker stats
2026/04/10 09:51:24 ⚠️  Insufficient data (0 tasks < 2 required), using default parameters
2026/04/10 09:51:24 ✓ AOD parameters saved to /Users/codesmith28/personal/Projects/acc/BTEP/master/config/ga_output.json
2026/04/10 09:51:24 ✓ AOD parameters saved to MongoDB collection RTS_WEIGHTS
2026/04/10 09:51:24 ✅ AOD training cycle completed successfully
2026/04/10 09:51:52 ✓ RTS: Reloaded GA parameters from mongodb collection RTS_WEIGHTS
2026/04/10 09:52:22 ✓ RTS: Reloaded GA parameters from mongodb collection RTS_WEIGHTS
2026/04/10 09:52:24 🧬 Starting AOD training cycle...
2026/04/10 09:52:24 🧬 Starting AOD training cycle...
2026/04/10 09:52:24 📊 Fetching task history from 2026-04-09T09:52:24+05:30 to 2026-04-10T09:52:24+05:30
2026/04/10 09:52:24 🔍 DEBUG: Querying TASKS collection for completed_at between 2026-04-09T09:52:24+05:30 and 2026-04-10T09:52:24+05:30
2026/04/10 09:52:24 🔍 DEBUG: Query returned 0 task history records
2026/04/10 09:52:24 📊 Fetching worker stats from 2026-04-09T09:52:24+05:30 to 2026-04-10T09:52:24+05:30
2026/04/10 09:52:24 🔍 DEBUG: Querying TASKS collection for completed_at between 2026-04-09T09:52:24+05:30 and 2026-04-10T09:52:24+05:30
2026/04/10 09:52:24 🔍 DEBUG: Query returned 0 task history records
2026/04/10 09:52:24 ✓ Retrieved 0 task history records and 0 worker stats
2026/04/10 09:52:24 ⚠️  Insufficient data (0 tasks < 2 required), using default parameters
2026/04/10 09:52:24 ✓ AOD parameters saved to /Users/codesmith28/personal/Projects/acc/BTEP/master/config/ga_output.json
2026/04/10 09:52:24 ✓ AOD parameters saved to MongoDB collection RTS_WEIGHTS
2026/04/10 09:52:24 ✅ AOD training cycle completed successfully
2026/04/10 09:52:52 ✓ RTS: Reloaded GA parameters from mongodb collection RTS_WEIGHTS
2026/04/10 09:53:22 ✓ RTS: Reloaded GA parameters from mongodb collection RTS_WEIGHTS
2026/04/10 09:53:24 🧬 Starting AOD training cycle...
2026/04/10 09:53:24 🧬 Starting AOD training cycle...
2026/04/10 09:53:24 📊 Fetching task history from 2026-04-09T09:53:24+05:30 to 2026-04-10T09:53:24+05:30
2026/04/10 09:53:24 🔍 DEBUG: Querying TASKS collection for completed_at between 2026-04-09T09:53:24+05:30 and 2026-04-10T09:53:24+05:30
2026/04/10 09:53:24 🔍 DEBUG: Query returned 0 task history records
2026/04/10 09:53:24 📊 Fetching worker stats from 2026-04-09T09:53:24+05:30 to 2026-04-10T09:53:24+05:30
2026/04/10 09:53:24 🔍 DEBUG: Querying TASKS collection for completed_at between 2026-04-09T09:53:24+05:30 and 2026-04-10T09:53:24+05:30
2026/04/10 09:53:24 🔍 DEBUG: Query returned 0 task history records
2026/04/10 09:53:24 ✓ Retrieved 0 task history records and 0 worker stats
2026/04/10 09:53:24 ⚠️  Insufficient data (0 tasks < 2 required), using default parameters
2026/04/10 09:53:24 ✓ AOD parameters saved to /Users/codesmith28/personal/Projects/acc/BTEP/master/config/ga_output.json
2026/04/10 09:53:24 ✓ AOD parameters saved to MongoDB collection RTS_WEIGHTS
2026/04/10 09:53:24 ✅ AOD training cycle completed successfully
2026/04/10 09:53:52 ✓ RTS: Reloaded GA parameters from mongodb collection RTS_WEIGHTS
2026/04/10 09:54:22 ✓ RTS: Reloaded GA parameters from mongodb collection RTS_WEIGHTS
2026/04/10 09:54:24 🧬 Starting AOD training cycle...
2026/04/10 09:54:24 🧬 Starting AOD training cycle...
2026/04/10 09:54:24 📊 Fetching task history from 2026-04-09T09:54:24+05:30 to 2026-04-10T09:54:24+05:30
2026/04/10 09:54:24 🔍 DEBUG: Querying TASKS collection for completed_at between 2026-04-09T09:54:24+05:30 and 2026-04-10T09:54:24+05:30
2026/04/10 09:54:24 🔍 DEBUG: Query returned 0 task history records
2026/04/10 09:54:24 📊 Fetching worker stats from 2026-04-09T09:54:24+05:30 to 2026-04-10T09:54:24+05:30
2026/04/10 09:54:24 🔍 DEBUG: Querying TASKS collection for completed_at between 2026-04-09T09:54:24+05:30 and 2026-04-10T09:54:24+05:30
2026/04/10 09:54:24 🔍 DEBUG: Query returned 0 task history records
2026/04/10 09:54:24 ✓ Retrieved 0 task history records and 0 worker stats
2026/04/10 09:54:24 ⚠️  Insufficient data (0 tasks < 2 required), using default parameters
2026/04/10 09:54:24 ✓ AOD parameters saved to /Users/codesmith28/personal/Projects/acc/BTEP/master/config/ga_output.json
2026/04/10 09:54:24 ✓ AOD parameters saved to MongoDB collection RTS_WEIGHTS
2026/04/10 09:54:24 ✅ AOD training cycle completed successfully
2026/04/10 09:54:52 ✓ RTS: Reloaded GA parameters from mongodb collection RTS_WEIGHTS
2026/04/10 09:55:22 ✓ RTS: Reloaded GA parameters from mongodb collection RTS_WEIGHTS
2026/04/10 09:55:24 🧬 Starting AOD training cycle...
2026/04/10 09:55:24 🧬 Starting AOD training cycle...
2026/04/10 09:55:24 📊 Fetching task history from 2026-04-09T09:55:24+05:30 to 2026-04-10T09:55:24+05:30
2026/04/10 09:55:24 🔍 DEBUG: Querying TASKS collection for completed_at between 2026-04-09T09:55:24+05:30 and 2026-04-10T09:55:24+05:30
2026/04/10 09:55:24 🔍 DEBUG: Query returned 0 task history records
2026/04/10 09:55:24 📊 Fetching worker stats from 2026-04-09T09:55:24+05:30 to 2026-04-10T09:55:24+05:30
2026/04/10 09:55:24 🔍 DEBUG: Querying TASKS collection for completed_at between 2026-04-09T09:55:24+05:30 and 2026-04-10T09:55:24+05:30
2026/04/10 09:55:24 🔍 DEBUG: Query returned 0 task history records
2026/04/10 09:55:24 ✓ Retrieved 0 task history records and 0 worker stats
2026/04/10 09:55:24 ⚠️  Insufficient data (0 tasks < 2 required), using default parameters
2026/04/10 09:55:24 ✓ AOD parameters saved to /Users/codesmith28/personal/Projects/acc/BTEP/master/config/ga_output.json
2026/04/10 09:55:24 ✓ AOD parameters saved to MongoDB collection RTS_WEIGHTS
2026/04/10 09:55:24 ✅ AOD training cycle completed successfully
2026/04/10 09:55:52 ✓ RTS: Reloaded GA parameters from mongodb collection RTS_WEIGHTS
2026/04/10 09:56:22 ✓ RTS: Reloaded GA parameters from mongodb collection RTS_WEIGHTS
2026/04/10 09:56:24 🧬 Starting AOD training cycle...
2026/04/10 09:56:24 🧬 Starting AOD training cycle...
2026/04/10 09:56:24 📊 Fetching task history from 2026-04-09T09:56:24+05:30 to 2026-04-10T09:56:24+05:30
2026/04/10 09:56:24 🔍 DEBUG: Querying TASKS collection for completed_at between 2026-04-09T09:56:24+05:30 and 2026-04-10T09:56:24+05:30
2026/04/10 09:56:24 🔍 DEBUG: Query returned 0 task history records
2026/04/10 09:56:24 📊 Fetching worker stats from 2026-04-09T09:56:24+05:30 to 2026-04-10T09:56:24+05:30
2026/04/10 09:56:24 🔍 DEBUG: Querying TASKS collection for completed_at between 2026-04-09T09:56:24+05:30 and 2026-04-10T09:56:24+05:30
2026/04/10 09:56:24 🔍 DEBUG: Query returned 0 task history records
2026/04/10 09:56:24 ✓ Retrieved 0 task history records and 0 worker stats
2026/04/10 09:56:24 ⚠️  Insufficient data (0 tasks < 2 required), using default parameters
2026/04/10 09:56:24 ✓ AOD parameters saved to /Users/codesmith28/personal/Projects/acc/BTEP/master/config/ga_output.json
2026/04/10 09:56:24 ✓ AOD parameters saved to MongoDB collection RTS_WEIGHTS
2026/04/10 09:56:24 ✅ AOD training cycle completed successfully
2026/04/10 09:56:52 ✓ RTS: Reloaded GA parameters from mongodb collection RTS_WEIGHTS
2026/04/10 09:56:58 Manually registered worker: ppo-worker-1 (Address: 127.0.0.1:61152)
2026/04/10 09:56:58 🔄 Worker ppo-worker-1 connected with new specs, reconciling resources...
2026/04/10 09:56:58   🔍 Reconciliation: Found 0 tasks with 'running' status in database
2026/04/10 09:56:58   ✓ Reconciled ppo-worker-1: CPU=0.0, Memory=0.0, Storage=0.0, Tasks=0
2026/04/10 09:57:22 ✓ RTS: Reloaded GA parameters from mongodb collection RTS_WEIGHTS
2026/04/10 09:57:24 🧬 Starting AOD training cycle...
2026/04/10 09:57:24 🧬 Starting AOD training cycle...
2026/04/10 09:57:24 📊 Fetching task history from 2026-04-09T09:57:24+05:30 to 2026-04-10T09:57:24+05:30
2026/04/10 09:57:24 🔍 DEBUG: Querying TASKS collection for completed_at between 2026-04-09T09:57:24+05:30 and 2026-04-10T09:57:24+05:30
2026/04/10 09:57:24 🔍 DEBUG: Query returned 0 task history records
2026/04/10 09:57:24 📊 Fetching worker stats from 2026-04-09T09:57:24+05:30 to 2026-04-10T09:57:24+05:30
2026/04/10 09:57:24 🔍 DEBUG: Querying TASKS collection for completed_at between 2026-04-09T09:57:24+05:30 and 2026-04-10T09:57:24+05:30
2026/04/10 09:57:24 🔍 DEBUG: Query returned 0 task history records
2026/04/10 09:57:24 ✓ Retrieved 0 task history records and 0 worker stats
2026/04/10 09:57:24 ⚠️  Insufficient data (0 tasks < 2 required), using default parameters
2026/04/10 09:57:24 ✓ AOD parameters saved to /Users/codesmith28/personal/Projects/acc/BTEP/master/config/ga_output.json
2026/04/10 09:57:24 ✓ AOD parameters saved to MongoDB collection RTS_WEIGHTS
2026/04/10 09:57:24 ✅ AOD training cycle completed successfully
2026/04/10 09:57:52 ✓ RTS: Reloaded GA parameters from mongodb collection RTS_WEIGHTS
2026/04/10 09:57:54 📋 Task task-1775795274804254000 queued: Task submitted to queue for scheduling
2026/04/10 09:57:54 📋 Task task-1775795274804254000 submitted and queued (position: 1)
2026/04/10 09:57:54 📋 Task task-1775795274849903000 queued: Task submitted to queue for scheduling
2026/04/10 09:57:54 📋 Task task-1775795274849903000 submitted and queued (position: 1)
2026/04/10 09:57:54 ⚠️ PPO: SelectWorker RPC failed (rpc error: code = Unknown desc = Exception calling application: operands could not be broadcast together with shapes (15,) (14,) ), fallback -> RTS
2026/04/10 09:57:54 ✓ RTS: Selected worker ppo-worker-1 for task task-1775795274804254000 (type=cpu-light, risk=0.35)
2026/04/10 09:57:54 
═══════════════════════════════════════════════════════
2026/04/10 09:57:54   📤 TASK ASSIGNED TO WORKER
2026/04/10 09:57:54 ═══════════════════════════════════════════════════════
2026/04/10 09:57:54   Task ID:           task-1775795274804254000
2026/04/10 09:57:54   Attempt:           #1 (att-task-1775795274804254000-1)
2026/04/10 09:57:54   User ID:           
2026/04/10 09:57:54   Assigned Worker:   ppo-worker-1
2026/04/10 09:57:54   Docker Image:      busybox:1.36
2026/04/10 09:57:54 ───────────────────────────────────────────────────────
2026/04/10 09:57:54   Resource Requirements:
2026/04/10 09:57:54     • CPU Cores:     0.20 cores
2026/04/10 09:57:54     • Memory:        0.20 GB
2026/04/10 09:57:54     • Storage:       1.00 GB
2026/04/10 09:57:54 ═══════════════════════════════════════════════════════
2026/04/10 09:57:54 
2026/04/10 09:57:54 ✓ Queue: Task task-1775795274804254000 successfully assigned to ppo-worker-1 after 0 attempts
2026/04/10 09:57:59 ⚠️ PPO: SelectWorker RPC failed (rpc error: code = Unknown desc = Exception calling application: operands could not be broadcast together with shapes (15,) (14,) ), fallback -> RTS
2026/04/10 09:57:59 ✓ RTS: Selected worker ppo-worker-1 for task task-1775795274849903000 (type=cpu-light, risk=12.21)
2026/04/10 09:57:59 
═══════════════════════════════════════════════════════
2026/04/10 09:57:59   📤 TASK ASSIGNED TO WORKER
2026/04/10 09:57:59 ═══════════════════════════════════════════════════════
2026/04/10 09:57:59   Task ID:           task-1775795274849903000
2026/04/10 09:57:59   Attempt:           #1 (att-task-1775795274849903000-1)
2026/04/10 09:57:59   User ID:           
2026/04/10 09:57:59   Assigned Worker:   ppo-worker-1
2026/04/10 09:57:59   Docker Image:      busybox:1.36
2026/04/10 09:57:59 ───────────────────────────────────────────────────────
2026/04/10 09:57:59   Resource Requirements:
2026/04/10 09:57:59     • CPU Cores:     0.20 cores
2026/04/10 09:57:59     • Memory:        0.20 GB
2026/04/10 09:57:59     • Storage:       1.00 GB
2026/04/10 09:57:59 ═══════════════════════════════════════════════════════
2026/04/10 09:57:59 
2026/04/10 09:57:59 ✓ Queue: Task task-1775795274849903000 successfully assigned to ppo-worker-1 after 0 attempts
2026/04/10 09:58:03 📥 Task completion report received: task-1775795274804254000 from ppo-worker-1 [Status: success]
2026/04/10 09:58:03   ✓ Released resources: CPU=0.20, Memory=0.20, Storage=1.00
2026/04/10 09:58:03   ✓ Task status confirmed as 'completed' in database
2026/04/10 09:58:03   ✓ Task result stored in RESULTS collection
2026/04/10 09:58:03 ⚠️  Scheduler outcome report failed for task task-1775795274804254000: outcome rejected: no matching pending decision for task
2026/04/10 09:58:03 📥 Task completion report received: task-1775795274849903000 from ppo-worker-1 [Status: success]
2026/04/10 09:58:03   ✓ Released resources: CPU=0.20, Memory=0.20, Storage=1.00
2026/04/10 09:58:03   ✓ Task status confirmed as 'completed' in database
2026/04/10 09:58:03   ✓ Task result stored in RESULTS collection
2026/04/10 09:58:03 ⚠️  Scheduler outcome report failed for task task-1775795274849903000: outcome rejected: no matching pending decision for task
2026/04/10 10:15:53 ✓ RTS: Reloaded GA parameters from mongodb collection RTS_WEIGHTS
2026/04/10 10:15:55 🧬 Starting AOD training cycle...
2026/04/10 10:15:55 🧬 Starting AOD training cycle...
2026/04/10 10:15:55 📊 Fetching task history from 2026-04-09T10:15:55+05:30 to 2026-04-10T10:15:55+05:30
2026/04/10 10:15:55 🔍 DEBUG: Querying TASKS collection for completed_at between 2026-04-09T10:15:55+05:30 and 2026-04-10T10:15:55+05:30
2026/04/10 10:15:55 🔍 DEBUG: Query returned 0 task history records
2026/04/10 10:15:55 📊 Fetching worker stats from 2026-04-09T10:15:55+05:30 to 2026-04-10T10:15:55+05:30
2026/04/10 10:15:55 🔍 DEBUG: Querying TASKS collection for completed_at between 2026-04-09T10:15:55+05:30 and 2026-04-10T10:15:55+05:30
2026/04/10 10:15:55 🔍 DEBUG: Query returned 0 task history records
2026/04/10 10:15:55 ✓ Retrieved 0 task history records and 0 worker stats
2026/04/10 10:15:55 ⚠️  Insufficient data (0 tasks < 2 required), using default parameters
2026/04/10 10:15:55 ✓ AOD parameters saved to /Users/codesmith28/personal/Projects/acc/BTEP/master/config/ga_output.json
2026/04/10 10:15:55 ✓ AOD parameters saved to MongoDB collection RTS_WEIGHTS
2026/04/10 10:15:55 ✅ AOD training cycle completed successfully
2026/04/10 10:29:47 ✓ RTS: Reloaded GA parameters from mongodb collection RTS_WEIGHTS
2026/04/10 10:30:17 ✓ RTS: Reloaded GA parameters from mongodb collection RTS_WEIGHTS
2026/04/10 10:30:19 🧬 Starting AOD training cycle...
2026/04/10 10:30:19 🧬 Starting AOD training cycle...
2026/04/10 10:30:19 📊 Fetching task history from 2026-04-09T10:30:19+05:30 to 2026-04-10T10:30:19+05:30
2026/04/10 10:30:19 🔍 DEBUG: Querying TASKS collection for completed_at between 2026-04-09T10:30:19+05:30 and 2026-04-10T10:30:19+05:30
2026/04/10 10:30:19 🔍 DEBUG: Query returned 0 task history records
2026/04/10 10:30:19 📊 Fetching worker stats from 2026-04-09T10:30:19+05:30 to 2026-04-10T10:30:19+05:30
2026/04/10 10:30:19 🔍 DEBUG: Querying TASKS collection for completed_at between 2026-04-09T10:30:19+05:30 and 2026-04-10T10:30:19+05:30
2026/04/10 10:30:19 🔍 DEBUG: Query returned 0 task history records
2026/04/10 10:30:19 ✓ Retrieved 0 task history records and 0 worker stats
2026/04/10 10:30:19 ⚠️  Insufficient data (0 tasks < 2 required), using default parameters
2026/04/10 10:30:19 ✓ AOD parameters saved to /Users/codesmith28/personal/Projects/acc/BTEP/master/config/ga_output.json
2026/04/10 10:30:19 ✓ AOD parameters saved to MongoDB collection RTS_WEIGHTS
2026/04/10 10:30:19 ✅ AOD training cycle completed successfully
2026/04/10 10:30:47 ✓ RTS: Reloaded GA parameters from mongodb collection RTS_WEIGHTS
2026/04/10 10:31:17 ✓ RTS: Reloaded GA parameters from mongodb collection RTS_WEIGHTS
2026/04/10 10:31:19 🧬 Starting AOD training cycle...
2026/04/10 10:31:19 🧬 Starting AOD training cycle...
2026/04/10 10:31:19 📊 Fetching task history from 2026-04-09T10:31:19+05:30 to 2026-04-10T10:31:19+05:30
2026/04/10 10:31:19 🔍 DEBUG: Querying TASKS collection for completed_at between 2026-04-09T10:31:19+05:30 and 2026-04-10T10:31:19+05:30
2026/04/10 10:31:19 🔍 DEBUG: Query returned 0 task history records
2026/04/10 10:31:19 📊 Fetching worker stats from 2026-04-09T10:31:19+05:30 to 2026-04-10T10:31:19+05:30
2026/04/10 10:31:19 🔍 DEBUG: Querying TASKS collection for completed_at between 2026-04-09T10:31:19+05:30 and 2026-04-10T10:31:19+05:30
2026/04/10 10:31:19 🔍 DEBUG: Query returned 0 task history records
2026/04/10 10:31:19 ✓ Retrieved 0 task history records and 0 worker stats
2026/04/10 10:31:19 ⚠️  Insufficient data (0 tasks < 2 required), using default parameters
2026/04/10 10:31:19 ✓ AOD parameters saved to /Users/codesmith28/personal/Projects/acc/BTEP/master/config/ga_output.json
2026/04/10 10:31:19 ✓ AOD parameters saved to MongoDB collection RTS_WEIGHTS
2026/04/10 10:31:19 ✅ AOD training cycle completed successfully
2026/04/10 10:31:47 ✓ RTS: Reloaded GA parameters from mongodb collection RTS_WEIGHTS
2026/04/10 10:32:17 ✓ RTS: Reloaded GA parameters from mongodb collection RTS_WEIGHTS
2026/04/10 10:32:19 🧬 Starting AOD training cycle...
2026/04/10 10:32:19 🧬 Starting AOD training cycle...
2026/04/10 10:32:19 📊 Fetching task history from 2026-04-09T10:32:19+05:30 to 2026-04-10T10:32:19+05:30
2026/04/10 10:32:19 🔍 DEBUG: Querying TASKS collection for completed_at between 2026-04-09T10:32:19+05:30 and 2026-04-10T10:32:19+05:30
2026/04/10 10:32:19 🔍 DEBUG: Query returned 0 task history records
2026/04/10 10:32:19 📊 Fetching worker stats from 2026-04-09T10:32:19+05:30 to 2026-04-10T10:32:19+05:30
2026/04/10 10:32:19 🔍 DEBUG: Querying TASKS collection for completed_at between 2026-04-09T10:32:19+05:30 and 2026-04-10T10:32:19+05:30
2026/04/10 10:32:19 🔍 DEBUG: Query returned 0 task history records
2026/04/10 10:32:19 ✓ Retrieved 0 task history records and 0 worker stats
2026/04/10 10:32:19 ⚠️  Insufficient data (0 tasks < 2 required), using default parameters
2026/04/10 10:32:19 ✓ AOD parameters saved to /Users/codesmith28/personal/Projects/acc/BTEP/master/config/ga_output.json
2026/04/10 10:32:19 ✓ AOD parameters saved to MongoDB collection RTS_WEIGHTS
2026/04/10 10:32:19 ✅ AOD training cycle completed successfully
2026/04/10 10:32:47 ✓ RTS: Reloaded GA parameters from mongodb collection RTS_WEIGHTS
2026/04/10 10:33:17 ✓ RTS: Reloaded GA parameters from mongodb collection RTS_WEIGHTS
2026/04/10 10:33:19 🧬 Starting AOD training cycle...
2026/04/10 10:33:19 🧬 Starting AOD training cycle...
2026/04/10 10:33:19 📊 Fetching task history from 2026-04-09T10:33:19+05:30 to 2026-04-10T10:33:19+05:30
2026/04/10 10:33:19 🔍 DEBUG: Querying TASKS collection for completed_at between 2026-04-09T10:33:19+05:30 and 2026-04-10T10:33:19+05:30
2026/04/10 10:33:19 🔍 DEBUG: Query returned 0 task history records
2026/04/10 10:33:19 📊 Fetching worker stats from 2026-04-09T10:33:19+05:30 to 2026-04-10T10:33:19+05:30
2026/04/10 10:33:19 🔍 DEBUG: Querying TASKS collection for completed_at between 2026-04-09T10:33:19+05:30 and 2026-04-10T10:33:19+05:30
2026/04/10 10:33:19 🔍 DEBUG: Query returned 0 task history records
2026/04/10 10:33:19 ✓ Retrieved 0 task history records and 0 worker stats
2026/04/10 10:33:19 ⚠️  Insufficient data (0 tasks < 2 required), using default parameters
2026/04/10 10:33:19 ✓ AOD parameters saved to /Users/codesmith28/personal/Projects/acc/BTEP/master/config/ga_output.json
2026/04/10 10:33:19 ✓ AOD parameters saved to MongoDB collection RTS_WEIGHTS
2026/04/10 10:33:19 ✅ AOD training cycle completed successfully
2026/04/10 10:33:47 ✓ RTS: Reloaded GA parameters from mongodb collection RTS_WEIGHTS
2026/04/10 10:34:17 ✓ RTS: Reloaded GA parameters from mongodb collection RTS_WEIGHTS
2026/04/10 10:34:19 🧬 Starting AOD training cycle...
2026/04/10 10:34:19 🧬 Starting AOD training cycle...
2026/04/10 10:34:19 📊 Fetching task history from 2026-04-09T10:34:19+05:30 to 2026-04-10T10:34:19+05:30
2026/04/10 10:34:19 🔍 DEBUG: Querying TASKS collection for completed_at between 2026-04-09T10:34:19+05:30 and 2026-04-10T10:34:19+05:30
2026/04/10 10:34:19 🔍 DEBUG: Query returned 0 task history records
2026/04/10 10:34:19 📊 Fetching worker stats from 2026-04-09T10:34:19+05:30 to 2026-04-10T10:34:19+05:30
2026/04/10 10:34:19 🔍 DEBUG: Querying TASKS collection for completed_at between 2026-04-09T10:34:19+05:30 and 2026-04-10T10:34:19+05:30
2026/04/10 10:34:19 🔍 DEBUG: Query returned 0 task history records
2026/04/10 10:34:19 ✓ Retrieved 0 task history records and 0 worker stats
2026/04/10 10:34:19 ⚠️  Insufficient data (0 tasks < 2 required), using default parameters
2026/04/10 10:34:19 ✓ AOD parameters saved to /Users/codesmith28/personal/Projects/acc/BTEP/master/config/ga_output.json
2026/04/10 10:34:19 ✓ AOD parameters saved to MongoDB collection RTS_WEIGHTS
2026/04/10 10:34:19 ✅ AOD training cycle completed successfully
2026/04/10 10:34:47 ✓ RTS: Reloaded GA parameters from mongodb collection RTS_WEIGHTS
2026/04/10 10:35:13 📋 Task task-1775797513400841000 queued: Task submitted to queue for scheduling
2026/04/10 10:35:13 📋 Task task-1775797513400841000 submitted and queued (position: 1)
2026/04/10 10:35:14 ⚠️ PPO: SelectWorker RPC failed (rpc error: code = Unavailable desc = connection error: desc = "transport: Error while dialing: dial tcp 127.0.0.1:61061: connect: connection refused"), fallback -> RTS
2026/04/10 10:35:14 ✓ RTS: Selected worker ppo-worker-1 for task task-1775797513400841000 (type=cpu-light, risk=0.42)
2026/04/10 10:35:15 
═══════════════════════════════════════════════════════
2026/04/10 10:35:15   📤 TASK ASSIGNED TO WORKER
2026/04/10 10:35:15 ═══════════════════════════════════════════════════════
2026/04/10 10:35:15   Task ID:           task-1775797513400841000
2026/04/10 10:35:15   Attempt:           #1 (att-task-1775797513400841000-1)
2026/04/10 10:35:15   User ID:           
2026/04/10 10:35:15   Assigned Worker:   ppo-worker-1
2026/04/10 10:35:15   Docker Image:      busybox:1.36
2026/04/10 10:35:15 ───────────────────────────────────────────────────────
2026/04/10 10:35:15   Resource Requirements:
2026/04/10 10:35:15     • CPU Cores:     0.20 cores
2026/04/10 10:35:15     • Memory:        0.20 GB
2026/04/10 10:35:15     • Storage:       1.00 GB
2026/04/10 10:35:15 ═══════════════════════════════════════════════════════
2026/04/10 10:35:15 
2026/04/10 10:35:15 ✓ Queue: Task task-1775797513400841000 successfully assigned to ppo-worker-1 after 0 attempts
2026/04/10 10:35:17 ✓ RTS: Reloaded GA parameters from mongodb collection RTS_WEIGHTS
2026/04/10 10:35:18 📥 Task completion report received: task-1775797513400841000 from ppo-worker-1 [Status: success]
2026/04/10 10:35:18   ✓ Released resources: CPU=0.20, Memory=0.20, Storage=1.00
2026/04/10 10:35:18   ✓ Task status confirmed as 'completed' in database
2026/04/10 10:35:18   ✓ Task result stored in RESULTS collection
2026/04/10 10:35:18 ⚠️  Scheduler outcome report failed for task task-1775797513400841000: rpc error: code = Unavailable desc = connection error: desc = "transport: Error while dialing: dial tcp 127.0.0.1:61061: connect: connection refused"
2026/04/10 10:35:19 🧬 Starting AOD training cycle...
2026/04/10 10:35:19 🧬 Starting AOD training cycle...
2026/04/10 10:35:19 📊 Fetching task history from 2026-04-09T10:35:19+05:30 to 2026-04-10T10:35:19+05:30
2026/04/10 10:35:19 🔍 DEBUG: Querying TASKS collection for completed_at between 2026-04-09T10:35:19+05:30 and 2026-04-10T10:35:19+05:30
2026/04/10 10:35:19 🔍 DEBUG: Query returned 0 task history records
2026/04/10 10:35:19 📊 Fetching worker stats from 2026-04-09T10:35:19+05:30 to 2026-04-10T10:35:19+05:30
2026/04/10 10:35:19 🔍 DEBUG: Querying TASKS collection for completed_at between 2026-04-09T10:35:19+05:30 and 2026-04-10T10:35:19+05:30
2026/04/10 10:35:19 🔍 DEBUG: Query returned 0 task history records
2026/04/10 10:35:19 ✓ Retrieved 0 task history records and 0 worker stats
2026/04/10 10:35:19 ⚠️  Insufficient data (0 tasks < 2 required), using default parameters
2026/04/10 10:35:19 ✓ AOD parameters saved to /Users/codesmith28/personal/Projects/acc/BTEP/master/config/ga_output.json
2026/04/10 10:35:19 ✓ AOD parameters saved to MongoDB collection RTS_WEIGHTS
2026/04/10 10:35:19 ✅ AOD training cycle completed successfully
2026/04/10 10:35:47 ✓ RTS: Reloaded GA parameters from mongodb collection RTS_WEIGHTS
2026/04/10 10:36:17 ✓ RTS: Reloaded GA parameters from mongodb collection RTS_WEIGHTS
2026/04/10 10:36:19 🧬 Starting AOD training cycle...
2026/04/10 10:36:19 🧬 Starting AOD training cycle...
2026/04/10 10:36:19 📊 Fetching task history from 2026-04-09T10:36:19+05:30 to 2026-04-10T10:36:19+05:30
2026/04/10 10:36:19 🔍 DEBUG: Querying TASKS collection for completed_at between 2026-04-09T10:36:19+05:30 and 2026-04-10T10:36:19+05:30
2026/04/10 10:36:19 🔍 DEBUG: Query returned 0 task history records
2026/04/10 10:36:19 📊 Fetching worker stats from 2026-04-09T10:36:19+05:30 to 2026-04-10T10:36:19+05:30
2026/04/10 10:36:19 🔍 DEBUG: Querying TASKS collection for completed_at between 2026-04-09T10:36:19+05:30 and 2026-04-10T10:36:19+05:30
2026/04/10 10:36:19 🔍 DEBUG: Query returned 0 task history records
2026/04/10 10:36:19 ✓ Retrieved 0 task history records and 0 worker stats
2026/04/10 10:36:19 ⚠️  Insufficient data (0 tasks < 2 required), using default parameters
2026/04/10 10:36:19 ✓ AOD parameters saved to /Users/codesmith28/personal/Projects/acc/BTEP/master/config/ga_output.json
2026/04/10 10:36:19 ✓ AOD parameters saved to MongoDB collection RTS_WEIGHTS
2026/04/10 10:36:19 ✅ AOD training cycle completed successfully
2026/04/10 10:36:47 ✓ RTS: Reloaded GA parameters from mongodb collection RTS_WEIGHTS
2026/04/10 10:37:17 ✓ RTS: Reloaded GA parameters from mongodb collection RTS_WEIGHTS
2026/04/10 10:37:19 🧬 Starting AOD training cycle...
2026/04/10 10:37:19 🧬 Starting AOD training cycle...
2026/04/10 10:37:19 📊 Fetching task history from 2026-04-09T10:37:19+05:30 to 2026-04-10T10:37:19+05:30
2026/04/10 10:37:19 🔍 DEBUG: Querying TASKS collection for completed_at between 2026-04-09T10:37:19+05:30 and 2026-04-10T10:37:19+05:30
2026/04/10 10:37:19 🔍 DEBUG: Query returned 0 task history records
2026/04/10 10:37:19 📊 Fetching worker stats from 2026-04-09T10:37:19+05:30 to 2026-04-10T10:37:19+05:30
2026/04/10 10:37:19 🔍 DEBUG: Querying TASKS collection for completed_at between 2026-04-09T10:37:19+05:30 and 2026-04-10T10:37:19+05:30
2026/04/10 10:37:19 🔍 DEBUG: Query returned 0 task history records
2026/04/10 10:37:19 ✓ Retrieved 0 task history records and 0 worker stats
2026/04/10 10:37:19 ⚠️  Insufficient data (0 tasks < 2 required), using default parameters
2026/04/10 10:37:19 ✓ AOD parameters saved to /Users/codesmith28/personal/Projects/acc/BTEP/master/config/ga_output.json
2026/04/10 10:37:19 ✓ AOD parameters saved to MongoDB collection RTS_WEIGHTS
2026/04/10 10:37:19 ✅ AOD training cycle completed successfully
2026/04/10 10:37:47 ✓ RTS: Reloaded GA parameters from mongodb collection RTS_WEIGHTS
2026/04/10 10:38:17 ✓ RTS: Reloaded GA parameters from mongodb collection RTS_WEIGHTS
2026/04/10 10:38:19 🧬 Starting AOD training cycle...
2026/04/10 10:38:19 🧬 Starting AOD training cycle...
2026/04/10 10:38:19 📊 Fetching task history from 2026-04-09T10:38:19+05:30 to 2026-04-10T10:38:19+05:30
2026/04/10 10:38:19 🔍 DEBUG: Querying TASKS collection for completed_at between 2026-04-09T10:38:19+05:30 and 2026-04-10T10:38:19+05:30
2026/04/10 10:38:19 🔍 DEBUG: Query returned 0 task history records
2026/04/10 10:38:19 📊 Fetching worker stats from 2026-04-09T10:38:19+05:30 to 2026-04-10T10:38:19+05:30
2026/04/10 10:38:19 🔍 DEBUG: Querying TASKS collection for completed_at between 2026-04-09T10:38:19+05:30 and 2026-04-10T10:38:19+05:30
2026/04/10 10:38:19 🔍 DEBUG: Query returned 0 task history records
2026/04/10 10:38:19 ✓ Retrieved 0 task history records and 0 worker stats
2026/04/10 10:38:19 ⚠️  Insufficient data (0 tasks < 2 required), using default parameters
2026/04/10 10:38:19 ✓ AOD parameters saved to /Users/codesmith28/personal/Projects/acc/BTEP/master/config/ga_output.json
2026/04/10 10:38:19 ✓ AOD parameters saved to MongoDB collection RTS_WEIGHTS
2026/04/10 10:38:19 ✅ AOD training cycle completed successfully
2026/04/10 10:38:47 ✓ RTS: Reloaded GA parameters from mongodb collection RTS_WEIGHTS
2026/04/10 10:39:17 ✓ RTS: Reloaded GA parameters from mongodb collection RTS_WEIGHTS
2026/04/10 10:39:19 🧬 Starting AOD training cycle...
2026/04/10 10:39:19 🧬 Starting AOD training cycle...
2026/04/10 10:39:19 📊 Fetching task history from 2026-04-09T10:39:19+05:30 to 2026-04-10T10:39:19+05:30
2026/04/10 10:39:19 🔍 DEBUG: Querying TASKS collection for completed_at between 2026-04-09T10:39:19+05:30 and 2026-04-10T10:39:19+05:30
2026/04/10 10:39:19 🔍 DEBUG: Query returned 0 task history records
2026/04/10 10:39:19 📊 Fetching worker stats from 2026-04-09T10:39:19+05:30 to 2026-04-10T10:39:19+05:30
2026/04/10 10:39:19 🔍 DEBUG: Querying TASKS collection for completed_at between 2026-04-09T10:39:19+05:30 and 2026-04-10T10:39:19+05:30
2026/04/10 10:39:19 🔍 DEBUG: Query returned 0 task history records
2026/04/10 10:39:19 ✓ Retrieved 0 task history records and 0 worker stats
2026/04/10 10:39:19 ⚠️  Insufficient data (0 tasks < 2 required), using default parameters
2026/04/10 10:39:19 ✓ AOD parameters saved to /Users/codesmith28/personal/Projects/acc/BTEP/master/config/ga_output.json
2026/04/10 10:39:19 ✓ AOD parameters saved to MongoDB collection RTS_WEIGHTS
2026/04/10 10:39:19 ✅ AOD training cycle completed successfully
2026/04/10 10:39:47 ✓ RTS: Reloaded GA parameters from mongodb collection RTS_WEIGHTS
2026/04/10 10:40:17 ✓ RTS: Reloaded GA parameters from mongodb collection RTS_WEIGHTS
2026/04/10 10:40:19 🧬 Starting AOD training cycle...
2026/04/10 10:40:19 🧬 Starting AOD training cycle...
2026/04/10 10:40:19 📊 Fetching task history from 2026-04-09T10:40:19+05:30 to 2026-04-10T10:40:19+05:30
2026/04/10 10:40:19 🔍 DEBUG: Querying TASKS collection for completed_at between 2026-04-09T10:40:19+05:30 and 2026-04-10T10:40:19+05:30
2026/04/10 10:40:19 🔍 DEBUG: Query returned 0 task history records
2026/04/10 10:40:19 📊 Fetching worker stats from 2026-04-09T10:40:19+05:30 to 2026-04-10T10:40:19+05:30
2026/04/10 10:40:19 🔍 DEBUG: Querying TASKS collection for completed_at between 2026-04-09T10:40:19+05:30 and 2026-04-10T10:40:19+05:30
2026/04/10 10:40:19 🔍 DEBUG: Query returned 0 task history records
2026/04/10 10:40:19 ✓ Retrieved 0 task history records and 0 worker stats
2026/04/10 10:40:19 ⚠️  Insufficient data (0 tasks < 2 required), using default parameters
2026/04/10 10:40:19 ✓ AOD parameters saved to /Users/codesmith28/personal/Projects/acc/BTEP/master/config/ga_output.json
2026/04/10 10:40:20 ✓ AOD parameters saved to MongoDB collection RTS_WEIGHTS
2026/04/10 10:40:20 ✅ AOD training cycle completed successfully
2026/04/10 10:40:47 ✓ RTS: Reloaded GA parameters from mongodb collection RTS_WEIGHTS
2026/04/10 10:41:17 ✓ RTS: Reloaded GA parameters from mongodb collection RTS_WEIGHTS
2026/04/10 10:41:19 🧬 Starting AOD training cycle...
2026/04/10 10:41:19 🧬 Starting AOD training cycle...
2026/04/10 10:41:19 📊 Fetching task history from 2026-04-09T10:41:19+05:30 to 2026-04-10T10:41:19+05:30
2026/04/10 10:41:19 🔍 DEBUG: Querying TASKS collection for completed_at between 2026-04-09T10:41:19+05:30 and 2026-04-10T10:41:19+05:30
2026/04/10 10:41:19 🔍 DEBUG: Query returned 0 task history records
2026/04/10 10:41:19 📊 Fetching worker stats from 2026-04-09T10:41:19+05:30 to 2026-04-10T10:41:19+05:30
2026/04/10 10:41:19 🔍 DEBUG: Querying TASKS collection for completed_at between 2026-04-09T10:41:19+05:30 and 2026-04-10T10:41:19+05:30
2026/04/10 10:41:19 🔍 DEBUG: Query returned 0 task history records
2026/04/10 10:41:19 ✓ Retrieved 0 task history records and 0 worker stats
2026/04/10 10:41:19 ⚠️  Insufficient data (0 tasks < 2 required), using default parameters
2026/04/10 10:41:19 ✓ AOD parameters saved to /Users/codesmith28/personal/Projects/acc/BTEP/master/config/ga_output.json
2026/04/10 10:41:19 ✓ AOD parameters saved to MongoDB collection RTS_WEIGHTS
2026/04/10 10:41:19 ✅ AOD training cycle completed successfully
2026/04/10 10:41:47 ✓ RTS: Reloaded GA parameters from mongodb collection RTS_WEIGHTS
2026/04/10 10:42:17 ✓ RTS: Reloaded GA parameters from mongodb collection RTS_WEIGHTS
2026/04/10 10:42:19 🧬 Starting AOD training cycle...
2026/04/10 10:42:19 🧬 Starting AOD training cycle...
2026/04/10 10:42:19 📊 Fetching task history from 2026-04-09T10:42:19+05:30 to 2026-04-10T10:42:19+05:30
2026/04/10 10:42:19 🔍 DEBUG: Querying TASKS collection for completed_at between 2026-04-09T10:42:19+05:30 and 2026-04-10T10:42:19+05:30
2026/04/10 10:42:19 🔍 DEBUG: Query returned 0 task history records
2026/04/10 10:42:19 📊 Fetching worker stats from 2026-04-09T10:42:19+05:30 to 2026-04-10T10:42:19+05:30
2026/04/10 10:42:19 🔍 DEBUG: Querying TASKS collection for completed_at between 2026-04-09T10:42:19+05:30 and 2026-04-10T10:42:19+05:30
2026/04/10 10:42:19 🔍 DEBUG: Query returned 0 task history records
2026/04/10 10:42:19 ✓ Retrieved 0 task history records and 0 worker stats
2026/04/10 10:42:19 ⚠️  Insufficient data (0 tasks < 2 required), using default parameters
2026/04/10 10:42:19 ✓ AOD parameters saved to /Users/codesmith28/personal/Projects/acc/BTEP/master/config/ga_output.json
2026/04/10 10:42:19 ✓ AOD parameters saved to MongoDB collection RTS_WEIGHTS
2026/04/10 10:42:19 ✅ AOD training cycle completed successfully
2026/04/10 10:42:47 ✓ RTS: Reloaded GA parameters from mongodb collection RTS_WEIGHTS
2026/04/10 10:43:17 ✓ RTS: Reloaded GA parameters from mongodb collection RTS_WEIGHTS
2026/04/10 10:43:19 🧬 Starting AOD training cycle...
2026/04/10 10:43:19 🧬 Starting AOD training cycle...
2026/04/10 10:43:19 📊 Fetching task history from 2026-04-09T10:43:19+05:30 to 2026-04-10T10:43:19+05:30
2026/04/10 10:43:19 🔍 DEBUG: Querying TASKS collection for completed_at between 2026-04-09T10:43:19+05:30 and 2026-04-10T10:43:19+05:30
2026/04/10 10:43:19 🔍 DEBUG: Query returned 0 task history records
2026/04/10 10:43:19 📊 Fetching worker stats from 2026-04-09T10:43:19+05:30 to 2026-04-10T10:43:19+05:30
2026/04/10 10:43:19 🔍 DEBUG: Querying TASKS collection for completed_at between 2026-04-09T10:43:19+05:30 and 2026-04-10T10:43:19+05:30
2026/04/10 10:43:19 🔍 DEBUG: Query returned 0 task history records
2026/04/10 10:43:19 ✓ Retrieved 0 task history records and 0 worker stats
2026/04/10 10:43:19 ⚠️  Insufficient data (0 tasks < 2 required), using default parameters
2026/04/10 10:43:19 ✓ AOD parameters saved to /Users/codesmith28/personal/Projects/acc/BTEP/master/config/ga_output.json
2026/04/10 10:43:19 ✓ AOD parameters saved to MongoDB collection RTS_WEIGHTS
2026/04/10 10:43:19 ✅ AOD training cycle completed successfully
2026/04/10 10:43:47 ✓ RTS: Reloaded GA parameters from mongodb collection RTS_WEIGHTS
2026/04/10 10:44:17 ✓ RTS: Reloaded GA parameters from mongodb collection RTS_WEIGHTS
2026/04/10 10:44:19 🧬 Starting AOD training cycle...
2026/04/10 10:44:19 🧬 Starting AOD training cycle...
2026/04/10 10:44:19 📊 Fetching task history from 2026-04-09T10:44:19+05:30 to 2026-04-10T10:44:19+05:30
2026/04/10 10:44:19 🔍 DEBUG: Querying TASKS collection for completed_at between 2026-04-09T10:44:19+05:30 and 2026-04-10T10:44:19+05:30
2026/04/10 10:44:19 🔍 DEBUG: Query returned 0 task history records
2026/04/10 10:44:19 📊 Fetching worker stats from 2026-04-09T10:44:19+05:30 to 2026-04-10T10:44:19+05:30
2026/04/10 10:44:19 🔍 DEBUG: Querying TASKS collection for completed_at between 2026-04-09T10:44:19+05:30 and 2026-04-10T10:44:19+05:30
2026/04/10 10:44:19 🔍 DEBUG: Query returned 0 task history records
2026/04/10 10:44:19 ✓ Retrieved 0 task history records and 0 worker stats
2026/04/10 10:44:19 ⚠️  Insufficient data (0 tasks < 2 required), using default parameters
2026/04/10 10:44:19 ✓ AOD parameters saved to /Users/codesmith28/personal/Projects/acc/BTEP/master/config/ga_output.json
2026/04/10 10:44:20 ✓ AOD parameters saved to MongoDB collection RTS_WEIGHTS
2026/04/10 10:44:20 ✅ AOD training cycle completed successfully
2026/04/10 10:44:47 ✓ RTS: Reloaded GA parameters from mongodb collection RTS_WEIGHTS
2026/04/10 10:45:17 ✓ RTS: Reloaded GA parameters from mongodb collection RTS_WEIGHTS
2026/04/10 10:45:19 🧬 Starting AOD training cycle...
2026/04/10 10:45:19 🧬 Starting AOD training cycle...
2026/04/10 10:45:19 📊 Fetching task history from 2026-04-09T10:45:19+05:30 to 2026-04-10T10:45:19+05:30
2026/04/10 10:45:19 🔍 DEBUG: Querying TASKS collection for completed_at between 2026-04-09T10:45:19+05:30 and 2026-04-10T10:45:19+05:30
2026/04/10 10:45:19 🔍 DEBUG: Query returned 0 task history records
2026/04/10 10:45:19 📊 Fetching worker stats from 2026-04-09T10:45:19+05:30 to 2026-04-10T10:45:19+05:30
2026/04/10 10:45:19 🔍 DEBUG: Querying TASKS collection for completed_at between 2026-04-09T10:45:19+05:30 and 2026-04-10T10:45:19+05:30
2026/04/10 10:45:19 🔍 DEBUG: Query returned 0 task history records
2026/04/10 10:45:19 ✓ Retrieved 0 task history records and 0 worker stats
2026/04/10 10:45:19 ⚠️  Insufficient data (0 tasks < 2 required), using default parameters
2026/04/10 10:45:19 ✓ AOD parameters saved to /Users/codesmith28/personal/Projects/acc/BTEP/master/config/ga_output.json
2026/04/10 10:45:19 ✓ AOD parameters saved to MongoDB collection RTS_WEIGHTS
2026/04/10 10:45:19 ✅ AOD training cycle completed successfully
2026/04/10 10:45:47 ✓ RTS: Reloaded GA parameters from mongodb collection RTS_WEIGHTS
2026/04/10 10:46:17 ✓ RTS: Reloaded GA parameters from mongodb collection RTS_WEIGHTS
2026/04/10 10:46:19 🧬 Starting AOD training cycle...
2026/04/10 10:46:19 🧬 Starting AOD training cycle...
2026/04/10 10:46:19 📊 Fetching task history from 2026-04-09T10:46:19+05:30 to 2026-04-10T10:46:19+05:30
2026/04/10 10:46:19 🔍 DEBUG: Querying TASKS collection for completed_at between 2026-04-09T10:46:19+05:30 and 2026-04-10T10:46:19+05:30
2026/04/10 10:46:19 🔍 DEBUG: Query returned 0 task history records
2026/04/10 10:46:19 📊 Fetching worker stats from 2026-04-09T10:46:19+05:30 to 2026-04-10T10:46:19+05:30
2026/04/10 10:46:19 🔍 DEBUG: Querying TASKS collection for completed_at between 2026-04-09T10:46:19+05:30 and 2026-04-10T10:46:19+05:30
2026/04/10 10:46:19 🔍 DEBUG: Query returned 0 task history records
2026/04/10 10:46:19 ✓ Retrieved 0 task history records and 0 worker stats
2026/04/10 10:46:19 ⚠️  Insufficient data (0 tasks < 2 required), using default parameters
2026/04/10 10:46:19 ✓ AOD parameters saved to /Users/codesmith28/personal/Projects/acc/BTEP/master/config/ga_output.json
2026/04/10 10:46:20 ✓ AOD parameters saved to MongoDB collection RTS_WEIGHTS
2026/04/10 10:46:20 ✅ AOD training cycle completed successfully
2026/04/10 10:46:47 ✓ RTS: Reloaded GA parameters from mongodb collection RTS_WEIGHTS
2026/04/10 10:47:17 ✓ RTS: Reloaded GA parameters from mongodb collection RTS_WEIGHTS
2026/04/10 10:47:19 🧬 Starting AOD training cycle...
2026/04/10 10:47:19 🧬 Starting AOD training cycle...
2026/04/10 10:47:19 📊 Fetching task history from 2026-04-09T10:47:19+05:30 to 2026-04-10T10:47:19+05:30
2026/04/10 10:47:19 🔍 DEBUG: Querying TASKS collection for completed_at between 2026-04-09T10:47:19+05:30 and 2026-04-10T10:47:19+05:30
2026/04/10 10:47:19 🔍 DEBUG: Query returned 0 task history records
2026/04/10 10:47:19 📊 Fetching worker stats from 2026-04-09T10:47:19+05:30 to 2026-04-10T10:47:19+05:30
2026/04/10 10:47:19 🔍 DEBUG: Querying TASKS collection for completed_at between 2026-04-09T10:47:19+05:30 and 2026-04-10T10:47:19+05:30
2026/04/10 10:47:19 🔍 DEBUG: Query returned 0 task history records
2026/04/10 10:47:19 ✓ Retrieved 0 task history records and 0 worker stats
2026/04/10 10:47:19 ⚠️  Insufficient data (0 tasks < 2 required), using default parameters
2026/04/10 10:47:19 ✓ AOD parameters saved to /Users/codesmith28/personal/Projects/acc/BTEP/master/config/ga_output.json
2026/04/10 10:47:19 ✓ AOD parameters saved to MongoDB collection RTS_WEIGHTS
2026/04/10 10:47:19 ✅ AOD training cycle completed successfully
2026/04/10 10:47:47 ✓ RTS: Reloaded GA parameters from mongodb collection RTS_WEIGHTS
2026/04/10 10:48:17 ✓ RTS: Reloaded GA parameters from mongodb collection RTS_WEIGHTS
2026/04/10 10:48:19 🧬 Starting AOD training cycle...
2026/04/10 10:48:19 🧬 Starting AOD training cycle...
2026/04/10 10:48:19 📊 Fetching task history from 2026-04-09T10:48:19+05:30 to 2026-04-10T10:48:19+05:30
2026/04/10 10:48:19 🔍 DEBUG: Querying TASKS collection for completed_at between 2026-04-09T10:48:19+05:30 and 2026-04-10T10:48:19+05:30
2026/04/10 10:48:19 🔍 DEBUG: Query returned 0 task history records
2026/04/10 10:48:19 📊 Fetching worker stats from 2026-04-09T10:48:19+05:30 to 2026-04-10T10:48:19+05:30
2026/04/10 10:48:19 🔍 DEBUG: Querying TASKS collection for completed_at between 2026-04-09T10:48:19+05:30 and 2026-04-10T10:48:19+05:30
2026/04/10 10:48:19 🔍 DEBUG: Query returned 0 task history records
2026/04/10 10:48:19 ✓ Retrieved 0 task history records and 0 worker stats
2026/04/10 10:48:19 ⚠️  Insufficient data (0 tasks < 2 required), using default parameters
2026/04/10 10:48:19 ✓ AOD parameters saved to /Users/codesmith28/personal/Projects/acc/BTEP/master/config/ga_output.json
2026/04/10 10:48:19 ✓ AOD parameters saved to MongoDB collection RTS_WEIGHTS
2026/04/10 10:48:19 ✅ AOD training cycle completed successfully
2026/04/10 10:48:47 ✓ RTS: Reloaded GA parameters from mongodb collection RTS_WEIGHTS
2026/04/10 10:49:17 ✓ RTS: Reloaded GA parameters from mongodb collection RTS_WEIGHTS
2026/04/10 10:49:19 🧬 Starting AOD training cycle...
2026/04/10 10:49:19 🧬 Starting AOD training cycle...
2026/04/10 10:49:19 📊 Fetching task history from 2026-04-09T10:49:19+05:30 to 2026-04-10T10:49:19+05:30
2026/04/10 10:49:19 🔍 DEBUG: Querying TASKS collection for completed_at between 2026-04-09T10:49:19+05:30 and 2026-04-10T10:49:19+05:30
2026/04/10 10:49:19 🔍 DEBUG: Query returned 0 task history records
2026/04/10 10:49:19 📊 Fetching worker stats from 2026-04-09T10:49:19+05:30 to 2026-04-10T10:49:19+05:30
2026/04/10 10:49:19 🔍 DEBUG: Querying TASKS collection for completed_at between 2026-04-09T10:49:19+05:30 and 2026-04-10T10:49:19+05:30
2026/04/10 10:49:19 🔍 DEBUG: Query returned 0 task history records
2026/04/10 10:49:19 ✓ Retrieved 0 task history records and 0 worker stats
2026/04/10 10:49:19 ⚠️  Insufficient data (0 tasks < 2 required), using default parameters
2026/04/10 10:49:19 ✓ AOD parameters saved to /Users/codesmith28/personal/Projects/acc/BTEP/master/config/ga_output.json
2026/04/10 10:49:20 ✓ AOD parameters saved to MongoDB collection RTS_WEIGHTS
2026/04/10 10:49:20 ✅ AOD training cycle completed successfully
2026/04/10 10:49:47 ✓ RTS: Reloaded GA parameters from mongodb collection RTS_WEIGHTS
2026/04/10 10:50:17 ✓ RTS: Reloaded GA parameters from mongodb collection RTS_WEIGHTS
2026/04/10 10:50:19 🧬 Starting AOD training cycle...
2026/04/10 10:50:19 🧬 Starting AOD training cycle...
2026/04/10 10:50:19 📊 Fetching task history from 2026-04-09T10:50:19+05:30 to 2026-04-10T10:50:19+05:30
2026/04/10 10:50:19 🔍 DEBUG: Querying TASKS collection for completed_at between 2026-04-09T10:50:19+05:30 and 2026-04-10T10:50:19+05:30
2026/04/10 10:50:19 🔍 DEBUG: Query returned 0 task history records
2026/04/10 10:50:19 📊 Fetching worker stats from 2026-04-09T10:50:19+05:30 to 2026-04-10T10:50:19+05:30
2026/04/10 10:50:19 🔍 DEBUG: Querying TASKS collection for completed_at between 2026-04-09T10:50:19+05:30 and 2026-04-10T10:50:19+05:30
2026/04/10 10:50:19 🔍 DEBUG: Query returned 0 task history records
2026/04/10 10:50:19 ✓ Retrieved 0 task history records and 0 worker stats
2026/04/10 10:50:19 ⚠️  Insufficient data (0 tasks < 2 required), using default parameters
2026/04/10 10:50:19 ✓ AOD parameters saved to /Users/codesmith28/personal/Projects/acc/BTEP/master/config/ga_output.json
2026/04/10 10:50:19 ✓ AOD parameters saved to MongoDB collection RTS_WEIGHTS
2026/04/10 10:50:19 ✅ AOD training cycle completed successfully
2026/04/10 10:50:47 ✓ RTS: Reloaded GA parameters from mongodb collection RTS_WEIGHTS
2026/04/10 10:51:17 ✓ RTS: Reloaded GA parameters from mongodb collection RTS_WEIGHTS
2026/04/10 10:51:19 🧬 Starting AOD training cycle...
2026/04/10 10:51:19 🧬 Starting AOD training cycle...
2026/04/10 10:51:19 📊 Fetching task history from 2026-04-09T10:51:19+05:30 to 2026-04-10T10:51:19+05:30
2026/04/10 10:51:19 🔍 DEBUG: Querying TASKS collection for completed_at between 2026-04-09T10:51:19+05:30 and 2026-04-10T10:51:19+05:30
2026/04/10 10:51:19 🔍 DEBUG: Query returned 0 task history records
2026/04/10 10:51:19 📊 Fetching worker stats from 2026-04-09T10:51:19+05:30 to 2026-04-10T10:51:19+05:30
2026/04/10 10:51:19 🔍 DEBUG: Querying TASKS collection for completed_at between 2026-04-09T10:51:19+05:30 and 2026-04-10T10:51:19+05:30
2026/04/10 10:51:19 🔍 DEBUG: Query returned 0 task history records
2026/04/10 10:51:19 ✓ Retrieved 0 task history records and 0 worker stats
2026/04/10 10:51:19 ⚠️  Insufficient data (0 tasks < 2 required), using default parameters
2026/04/10 10:51:19 ✓ AOD parameters saved to /Users/codesmith28/personal/Projects/acc/BTEP/master/config/ga_output.json
2026/04/10 10:51:19 ✓ AOD parameters saved to MongoDB collection RTS_WEIGHTS
2026/04/10 10:51:19 ✅ AOD training cycle completed successfully
2026/04/10 10:51:47 ✓ RTS: Reloaded GA parameters from mongodb collection RTS_WEIGHTS
2026/04/10 10:52:17 ✓ RTS: Reloaded GA parameters from mongodb collection RTS_WEIGHTS
2026/04/10 10:52:19 🧬 Starting AOD training cycle...
2026/04/10 10:52:19 🧬 Starting AOD training cycle...
2026/04/10 10:52:19 📊 Fetching task history from 2026-04-09T10:52:19+05:30 to 2026-04-10T10:52:19+05:30
2026/04/10 10:52:19 🔍 DEBUG: Querying TASKS collection for completed_at between 2026-04-09T10:52:19+05:30 and 2026-04-10T10:52:19+05:30
2026/04/10 10:52:19 🔍 DEBUG: Query returned 0 task history records
2026/04/10 10:52:19 📊 Fetching worker stats from 2026-04-09T10:52:19+05:30 to 2026-04-10T10:52:19+05:30
2026/04/10 10:52:19 🔍 DEBUG: Querying TASKS collection for completed_at between 2026-04-09T10:52:19+05:30 and 2026-04-10T10:52:19+05:30
2026/04/10 10:52:19 🔍 DEBUG: Query returned 0 task history records
2026/04/10 10:52:19 ✓ Retrieved 0 task history records and 0 worker stats
2026/04/10 10:52:19 ⚠️  Insufficient data (0 tasks < 2 required), using default parameters
2026/04/10 10:52:19 ✓ AOD parameters saved to /Users/codesmith28/personal/Projects/acc/BTEP/master/config/ga_output.json
2026/04/10 10:52:19 ✓ AOD parameters saved to MongoDB collection RTS_WEIGHTS
2026/04/10 10:52:19 ✅ AOD training cycle completed successfully
2026/04/10 10:52:47 ✓ RTS: Reloaded GA parameters from mongodb collection RTS_WEIGHTS
2026/04/10 10:53:17 ✓ RTS: Reloaded GA parameters from mongodb collection RTS_WEIGHTS
2026/04/10 10:53:19 🧬 Starting AOD training cycle...
2026/04/10 10:53:19 🧬 Starting AOD training cycle...
2026/04/10 10:53:19 📊 Fetching task history from 2026-04-09T10:53:19+05:30 to 2026-04-10T10:53:19+05:30
2026/04/10 10:53:19 🔍 DEBUG: Querying TASKS collection for completed_at between 2026-04-09T10:53:19+05:30 and 2026-04-10T10:53:19+05:30
2026/04/10 10:53:19 🔍 DEBUG: Query returned 0 task history records
2026/04/10 10:53:19 📊 Fetching worker stats from 2026-04-09T10:53:19+05:30 to 2026-04-10T10:53:19+05:30
2026/04/10 10:53:19 🔍 DEBUG: Querying TASKS collection for completed_at between 2026-04-09T10:53:19+05:30 and 2026-04-10T10:53:19+05:30
2026/04/10 10:53:19 🔍 DEBUG: Query returned 0 task history records
2026/04/10 10:53:19 ✓ Retrieved 0 task history records and 0 worker stats
2026/04/10 10:53:19 ⚠️  Insufficient data (0 tasks < 2 required), using default parameters
2026/04/10 10:53:19 ✓ AOD parameters saved to /Users/codesmith28/personal/Projects/acc/BTEP/master/config/ga_output.json
2026/04/10 10:53:19 ✓ AOD parameters saved to MongoDB collection RTS_WEIGHTS
2026/04/10 10:53:19 ✅ AOD training cycle completed successfully
2026/04/10 10:53:47 ✓ RTS: Reloaded GA parameters from mongodb collection RTS_WEIGHTS
2026/04/10 10:54:17 ✓ RTS: Reloaded GA parameters from mongodb collection RTS_WEIGHTS
2026/04/10 10:54:19 🧬 Starting AOD training cycle...
2026/04/10 10:54:19 🧬 Starting AOD training cycle...
2026/04/10 10:54:19 📊 Fetching task history from 2026-04-09T10:54:19+05:30 to 2026-04-10T10:54:19+05:30
2026/04/10 10:54:19 🔍 DEBUG: Querying TASKS collection for completed_at between 2026-04-09T10:54:19+05:30 and 2026-04-10T10:54:19+05:30
2026/04/10 10:54:19 🔍 DEBUG: Query returned 0 task history records
2026/04/10 10:54:19 📊 Fetching worker stats from 2026-04-09T10:54:19+05:30 to 2026-04-10T10:54:19+05:30
2026/04/10 10:54:19 🔍 DEBUG: Querying TASKS collection for completed_at between 2026-04-09T10:54:19+05:30 and 2026-04-10T10:54:19+05:30
2026/04/10 10:54:19 🔍 DEBUG: Query returned 0 task history records
2026/04/10 10:54:19 ✓ Retrieved 0 task history records and 0 worker stats
2026/04/10 10:54:19 ⚠️  Insufficient data (0 tasks < 2 required), using default parameters
2026/04/10 10:54:19 ✓ AOD parameters saved to /Users/codesmith28/personal/Projects/acc/BTEP/master/config/ga_output.json
2026/04/10 10:54:19 ✓ AOD parameters saved to MongoDB collection RTS_WEIGHTS
2026/04/10 10:54:19 ✅ AOD training cycle completed successfully
2026/04/10 10:54:47 ✓ RTS: Reloaded GA parameters from mongodb collection RTS_WEIGHTS
2026/04/10 10:55:17 ✓ RTS: Reloaded GA parameters from mongodb collection RTS_WEIGHTS
2026/04/10 10:55:19 🧬 Starting AOD training cycle...
2026/04/10 10:55:19 🧬 Starting AOD training cycle...
2026/04/10 10:55:19 📊 Fetching task history from 2026-04-09T10:55:19+05:30 to 2026-04-10T10:55:19+05:30
2026/04/10 10:55:19 🔍 DEBUG: Querying TASKS collection for completed_at between 2026-04-09T10:55:19+05:30 and 2026-04-10T10:55:19+05:30
2026/04/10 10:55:19 🔍 DEBUG: Query returned 0 task history records
2026/04/10 10:55:19 📊 Fetching worker stats from 2026-04-09T10:55:19+05:30 to 2026-04-10T10:55:19+05:30
2026/04/10 10:55:19 🔍 DEBUG: Querying TASKS collection for completed_at between 2026-04-09T10:55:19+05:30 and 2026-04-10T10:55:19+05:30
2026/04/10 10:55:19 🔍 DEBUG: Query returned 0 task history records
2026/04/10 10:55:19 ✓ Retrieved 0 task history records and 0 worker stats
2026/04/10 10:55:19 ⚠️  Insufficient data (0 tasks < 2 required), using default parameters
2026/04/10 10:55:19 ✓ AOD parameters saved to /Users/codesmith28/personal/Projects/acc/BTEP/master/config/ga_output.json
2026/04/10 10:55:19 ✓ AOD parameters saved to MongoDB collection RTS_WEIGHTS
2026/04/10 10:55:19 ✅ AOD training cycle completed successfully
2026/04/10 10:55:47 ✓ RTS: Reloaded GA parameters from mongodb collection RTS_WEIGHTS
2026/04/10 10:56:17 ✓ RTS: Reloaded GA parameters from mongodb collection RTS_WEIGHTS
2026/04/10 10:56:19 🧬 Starting AOD training cycle...
2026/04/10 10:56:19 🧬 Starting AOD training cycle...
2026/04/10 10:56:19 📊 Fetching task history from 2026-04-09T10:56:19+05:30 to 2026-04-10T10:56:19+05:30
2026/04/10 10:56:19 🔍 DEBUG: Querying TASKS collection for completed_at between 2026-04-09T10:56:19+05:30 and 2026-04-10T10:56:19+05:30
2026/04/10 10:56:19 🔍 DEBUG: Query returned 0 task history records
2026/04/10 10:56:19 📊 Fetching worker stats from 2026-04-09T10:56:19+05:30 to 2026-04-10T10:56:19+05:30
2026/04/10 10:56:19 🔍 DEBUG: Querying TASKS collection for completed_at between 2026-04-09T10:56:19+05:30 and 2026-04-10T10:56:19+05:30
2026/04/10 10:56:19 🔍 DEBUG: Query returned 0 task history records
2026/04/10 10:56:19 ✓ Retrieved 0 task history records and 0 worker stats
2026/04/10 10:56:19 ⚠️  Insufficient data (0 tasks < 2 required), using default parameters
2026/04/10 10:56:19 ✓ AOD parameters saved to /Users/codesmith28/personal/Projects/acc/BTEP/master/config/ga_output.json
2026/04/10 10:56:19 ✓ AOD parameters saved to MongoDB collection RTS_WEIGHTS
2026/04/10 10:56:19 ✅ AOD training cycle completed successfully
2026/04/10 10:56:47 ✓ RTS: Reloaded GA parameters from mongodb collection RTS_WEIGHTS
2026/04/10 10:57:17 ✓ RTS: Reloaded GA parameters from mongodb collection RTS_WEIGHTS
2026/04/10 10:57:19 🧬 Starting AOD training cycle...
2026/04/10 10:57:19 🧬 Starting AOD training cycle...
2026/04/10 10:57:19 📊 Fetching task history from 2026-04-09T10:57:19+05:30 to 2026-04-10T10:57:19+05:30
2026/04/10 10:57:19 🔍 DEBUG: Querying TASKS collection for completed_at between 2026-04-09T10:57:19+05:30 and 2026-04-10T10:57:19+05:30
2026/04/10 10:57:19 🔍 DEBUG: Query returned 0 task history records
2026/04/10 10:57:19 📊 Fetching worker stats from 2026-04-09T10:57:19+05:30 to 2026-04-10T10:57:19+05:30
2026/04/10 10:57:19 🔍 DEBUG: Querying TASKS collection for completed_at between 2026-04-09T10:57:19+05:30 and 2026-04-10T10:57:19+05:30
2026/04/10 10:57:19 🔍 DEBUG: Query returned 0 task history records
2026/04/10 10:57:19 ✓ Retrieved 0 task history records and 0 worker stats
2026/04/10 10:57:19 ⚠️  Insufficient data (0 tasks < 2 required), using default parameters
2026/04/10 10:57:19 ✓ AOD parameters saved to /Users/codesmith28/personal/Projects/acc/BTEP/master/config/ga_output.json
2026/04/10 10:57:19 ✓ AOD parameters saved to MongoDB collection RTS_WEIGHTS
2026/04/10 10:57:19 ✅ AOD training cycle completed successfully
2026/04/10 10:57:47 ✓ RTS: Reloaded GA parameters from mongodb collection RTS_WEIGHTS
2026/04/10 10:58:17 ✓ RTS: Reloaded GA parameters from mongodb collection RTS_WEIGHTS
2026/04/10 10:58:19 🧬 Starting AOD training cycle...
2026/04/10 10:58:19 🧬 Starting AOD training cycle...
2026/04/10 10:58:19 📊 Fetching task history from 2026-04-09T10:58:19+05:30 to 2026-04-10T10:58:19+05:30
2026/04/10 10:58:19 🔍 DEBUG: Querying TASKS collection for completed_at between 2026-04-09T10:58:19+05:30 and 2026-04-10T10:58:19+05:30
2026/04/10 10:58:19 🔍 DEBUG: Query returned 0 task history records
2026/04/10 10:58:19 📊 Fetching worker stats from 2026-04-09T10:58:19+05:30 to 2026-04-10T10:58:19+05:30
2026/04/10 10:58:19 🔍 DEBUG: Querying TASKS collection for completed_at between 2026-04-09T10:58:19+05:30 and 2026-04-10T10:58:19+05:30
2026/04/10 10:58:19 🔍 DEBUG: Query returned 0 task history records
2026/04/10 10:58:19 ✓ Retrieved 0 task history records and 0 worker stats
2026/04/10 10:58:19 ⚠️  Insufficient data (0 tasks < 2 required), using default parameters
2026/04/10 10:58:19 ✓ AOD parameters saved to /Users/codesmith28/personal/Projects/acc/BTEP/master/config/ga_output.json
2026/04/10 10:58:19 ✓ AOD parameters saved to MongoDB collection RTS_WEIGHTS
2026/04/10 10:58:19 ✅ AOD training cycle completed successfully
2026/04/10 10:58:47 ✓ RTS: Reloaded GA parameters from mongodb collection RTS_WEIGHTS
2026/04/10 10:59:17 ✓ RTS: Reloaded GA parameters from mongodb collection RTS_WEIGHTS
2026/04/10 10:59:19 🧬 Starting AOD training cycle...
2026/04/10 10:59:19 🧬 Starting AOD training cycle...
2026/04/10 10:59:19 📊 Fetching task history from 2026-04-09T10:59:19+05:30 to 2026-04-10T10:59:19+05:30
2026/04/10 10:59:19 🔍 DEBUG: Querying TASKS collection for completed_at between 2026-04-09T10:59:19+05:30 and 2026-04-10T10:59:19+05:30
2026/04/10 10:59:19 🔍 DEBUG: Query returned 0 task history records
2026/04/10 10:59:19 📊 Fetching worker stats from 2026-04-09T10:59:19+05:30 to 2026-04-10T10:59:19+05:30
2026/04/10 10:59:19 🔍 DEBUG: Querying TASKS collection for completed_at between 2026-04-09T10:59:19+05:30 and 2026-04-10T10:59:19+05:30
2026/04/10 10:59:19 🔍 DEBUG: Query returned 0 task history records
2026/04/10 10:59:19 ✓ Retrieved 0 task history records and 0 worker stats
2026/04/10 10:59:19 ⚠️  Insufficient data (0 tasks < 2 required), using default parameters
2026/04/10 10:59:19 ✓ AOD parameters saved to /Users/codesmith28/personal/Projects/acc/BTEP/master/config/ga_output.json
2026/04/10 10:59:19 ✓ AOD parameters saved to MongoDB collection RTS_WEIGHTS
2026/04/10 10:59:19 ✅ AOD training cycle completed successfully
2026/04/10 10:59:47 ✓ RTS: Reloaded GA parameters from mongodb collection RTS_WEIGHTS
2026/04/10 11:00:17 ✓ RTS: Reloaded GA parameters from mongodb collection RTS_WEIGHTS
2026/04/10 11:00:19 🧬 Starting AOD training cycle...
2026/04/10 11:00:19 🧬 Starting AOD training cycle...
2026/04/10 11:00:19 📊 Fetching task history from 2026-04-09T11:00:19+05:30 to 2026-04-10T11:00:19+05:30
2026/04/10 11:00:19 🔍 DEBUG: Querying TASKS collection for completed_at between 2026-04-09T11:00:19+05:30 and 2026-04-10T11:00:19+05:30
2026/04/10 11:00:19 🔍 DEBUG: Query returned 0 task history records
2026/04/10 11:00:19 📊 Fetching worker stats from 2026-04-09T11:00:19+05:30 to 2026-04-10T11:00:19+05:30
2026/04/10 11:00:19 🔍 DEBUG: Querying TASKS collection for completed_at between 2026-04-09T11:00:19+05:30 and 2026-04-10T11:00:19+05:30
2026/04/10 11:00:19 🔍 DEBUG: Query returned 0 task history records
2026/04/10 11:00:19 ✓ Retrieved 0 task history records and 0 worker stats
2026/04/10 11:00:19 ⚠️  Insufficient data (0 tasks < 2 required), using default parameters
2026/04/10 11:00:19 ✓ AOD parameters saved to /Users/codesmith28/personal/Projects/acc/BTEP/master/config/ga_output.json
2026/04/10 11:00:19 ✓ AOD parameters saved to MongoDB collection RTS_WEIGHTS
2026/04/10 11:00:19 ✅ AOD training cycle completed successfully
2026/04/10 11:00:47 ✓ RTS: Reloaded GA parameters from mongodb collection RTS_WEIGHTS
2026/04/10 11:01:17 ✓ RTS: Reloaded GA parameters from mongodb collection RTS_WEIGHTS
2026/04/10 11:01:19 🧬 Starting AOD training cycle...
2026/04/10 11:01:19 🧬 Starting AOD training cycle...
2026/04/10 11:01:19 📊 Fetching task history from 2026-04-09T11:01:19+05:30 to 2026-04-10T11:01:19+05:30
2026/04/10 11:01:19 🔍 DEBUG: Querying TASKS collection for completed_at between 2026-04-09T11:01:19+05:30 and 2026-04-10T11:01:19+05:30
2026/04/10 11:01:19 🔍 DEBUG: Query returned 0 task history records
2026/04/10 11:01:19 📊 Fetching worker stats from 2026-04-09T11:01:19+05:30 to 2026-04-10T11:01:19+05:30
2026/04/10 11:01:19 🔍 DEBUG: Querying TASKS collection for completed_at between 2026-04-09T11:01:19+05:30 and 2026-04-10T11:01:19+05:30
2026/04/10 11:01:19 🔍 DEBUG: Query returned 0 task history records
2026/04/10 11:01:19 ✓ Retrieved 0 task history records and 0 worker stats
2026/04/10 11:01:19 ⚠️  Insufficient data (0 tasks < 2 required), using default parameters
2026/04/10 11:01:19 ✓ AOD parameters saved to /Users/codesmith28/personal/Projects/acc/BTEP/master/config/ga_output.json
2026/04/10 11:01:19 ✓ AOD parameters saved to MongoDB collection RTS_WEIGHTS
2026/04/10 11:01:19 ✅ AOD training cycle completed successfully
2026/04/10 11:01:47 ✓ RTS: Reloaded GA parameters from mongodb collection RTS_WEIGHTS
2026/04/10 11:02:17 ✓ RTS: Reloaded GA parameters from mongodb collection RTS_WEIGHTS
2026/04/10 11:02:19 🧬 Starting AOD training cycle...
2026/04/10 11:02:19 🧬 Starting AOD training cycle...
2026/04/10 11:02:19 📊 Fetching task history from 2026-04-09T11:02:19+05:30 to 2026-04-10T11:02:19+05:30
2026/04/10 11:02:19 🔍 DEBUG: Querying TASKS collection for completed_at between 2026-04-09T11:02:19+05:30 and 2026-04-10T11:02:19+05:30
2026/04/10 11:02:19 🔍 DEBUG: Query returned 0 task history records
2026/04/10 11:02:19 📊 Fetching worker stats from 2026-04-09T11:02:19+05:30 to 2026-04-10T11:02:19+05:30
2026/04/10 11:02:19 🔍 DEBUG: Querying TASKS collection for completed_at between 2026-04-09T11:02:19+05:30 and 2026-04-10T11:02:19+05:30
2026/04/10 11:02:19 🔍 DEBUG: Query returned 0 task history records
2026/04/10 11:02:19 ✓ Retrieved 0 task history records and 0 worker stats
2026/04/10 11:02:19 ⚠️  Insufficient data (0 tasks < 2 required), using default parameters
2026/04/10 11:02:19 ✓ AOD parameters saved to /Users/codesmith28/personal/Projects/acc/BTEP/master/config/ga_output.json
2026/04/10 11:02:19 ✓ AOD parameters saved to MongoDB collection RTS_WEIGHTS
2026/04/10 11:02:19 ✅ AOD training cycle completed successfully
2026/04/10 11:02:47 ✓ RTS: Reloaded GA parameters from mongodb collection RTS_WEIGHTS
2026/04/10 11:03:17 ✓ RTS: Reloaded GA parameters from mongodb collection RTS_WEIGHTS
2026/04/10 11:03:19 🧬 Starting AOD training cycle...
2026/04/10 11:03:19 🧬 Starting AOD training cycle...
2026/04/10 11:03:19 📊 Fetching task history from 2026-04-09T11:03:19+05:30 to 2026-04-10T11:03:19+05:30
2026/04/10 11:03:19 🔍 DEBUG: Querying TASKS collection for completed_at between 2026-04-09T11:03:19+05:30 and 2026-04-10T11:03:19+05:30
2026/04/10 11:03:19 🔍 DEBUG: Query returned 0 task history records
2026/04/10 11:03:19 📊 Fetching worker stats from 2026-04-09T11:03:19+05:30 to 2026-04-10T11:03:19+05:30
2026/04/10 11:03:19 🔍 DEBUG: Querying TASKS collection for completed_at between 2026-04-09T11:03:19+05:30 and 2026-04-10T11:03:19+05:30
2026/04/10 11:03:19 🔍 DEBUG: Query returned 0 task history records
2026/04/10 11:03:19 ✓ Retrieved 0 task history records and 0 worker stats
2026/04/10 11:03:19 ⚠️  Insufficient data (0 tasks < 2 required), using default parameters
2026/04/10 11:03:19 ✓ AOD parameters saved to /Users/codesmith28/personal/Projects/acc/BTEP/master/config/ga_output.json
2026/04/10 11:03:19 ✓ AOD parameters saved to MongoDB collection RTS_WEIGHTS
2026/04/10 11:03:19 ✅ AOD training cycle completed successfully
2026/04/10 11:03:47 ✓ RTS: Reloaded GA parameters from mongodb collection RTS_WEIGHTS
2026/04/10 11:04:17 ✓ RTS: Reloaded GA parameters from mongodb collection RTS_WEIGHTS
2026/04/10 11:04:19 🧬 Starting AOD training cycle...
2026/04/10 11:04:19 🧬 Starting AOD training cycle...
2026/04/10 11:04:19 📊 Fetching task history from 2026-04-09T11:04:19+05:30 to 2026-04-10T11:04:19+05:30
2026/04/10 11:04:19 🔍 DEBUG: Querying TASKS collection for completed_at between 2026-04-09T11:04:19+05:30 and 2026-04-10T11:04:19+05:30
2026/04/10 11:04:19 🔍 DEBUG: Query returned 0 task history records
2026/04/10 11:04:19 📊 Fetching worker stats from 2026-04-09T11:04:19+05:30 to 2026-04-10T11:04:19+05:30
2026/04/10 11:04:19 🔍 DEBUG: Querying TASKS collection for completed_at between 2026-04-09T11:04:19+05:30 and 2026-04-10T11:04:19+05:30
2026/04/10 11:04:19 🔍 DEBUG: Query returned 0 task history records
2026/04/10 11:04:19 ✓ Retrieved 0 task history records and 0 worker stats
2026/04/10 11:04:19 ⚠️  Insufficient data (0 tasks < 2 required), using default parameters
2026/04/10 11:04:19 ✓ AOD parameters saved to /Users/codesmith28/personal/Projects/acc/BTEP/master/config/ga_output.json
2026/04/10 11:04:19 ✓ AOD parameters saved to MongoDB collection RTS_WEIGHTS
2026/04/10 11:04:19 ✅ AOD training cycle completed successfully
2026/04/10 11:04:47 ✓ RTS: Reloaded GA parameters from mongodb collection RTS_WEIGHTS
2026/04/10 11:05:17 ✓ RTS: Reloaded GA parameters from mongodb collection RTS_WEIGHTS
2026/04/10 11:05:19 🧬 Starting AOD training cycle...
2026/04/10 11:05:19 🧬 Starting AOD training cycle...
2026/04/10 11:05:19 📊 Fetching task history from 2026-04-09T11:05:19+05:30 to 2026-04-10T11:05:19+05:30
2026/04/10 11:05:19 🔍 DEBUG: Querying TASKS collection for completed_at between 2026-04-09T11:05:19+05:30 and 2026-04-10T11:05:19+05:30
2026/04/10 11:05:19 🔍 DEBUG: Query returned 0 task history records
2026/04/10 11:05:19 📊 Fetching worker stats from 2026-04-09T11:05:19+05:30 to 2026-04-10T11:05:19+05:30
2026/04/10 11:05:19 🔍 DEBUG: Querying TASKS collection for completed_at between 2026-04-09T11:05:19+05:30 and 2026-04-10T11:05:19+05:30
2026/04/10 11:05:19 🔍 DEBUG: Query returned 0 task history records
2026/04/10 11:05:19 ✓ Retrieved 0 task history records and 0 worker stats
2026/04/10 11:05:19 ⚠️  Insufficient data (0 tasks < 2 required), using default parameters
2026/04/10 11:05:19 ✓ AOD parameters saved to /Users/codesmith28/personal/Projects/acc/BTEP/master/config/ga_output.json
2026/04/10 11:05:19 ✓ AOD parameters saved to MongoDB collection RTS_WEIGHTS
2026/04/10 11:05:19 ✅ AOD training cycle completed successfully
2026/04/10 11:05:47 ✓ RTS: Reloaded GA parameters from mongodb collection RTS_WEIGHTS
2026/04/10 11:06:17 ✓ RTS: Reloaded GA parameters from mongodb collection RTS_WEIGHTS
2026/04/10 11:06:19 🧬 Starting AOD training cycle...
2026/04/10 11:06:19 🧬 Starting AOD training cycle...
2026/04/10 11:06:19 📊 Fetching task history from 2026-04-09T11:06:19+05:30 to 2026-04-10T11:06:19+05:30
2026/04/10 11:06:19 🔍 DEBUG: Querying TASKS collection for completed_at between 2026-04-09T11:06:19+05:30 and 2026-04-10T11:06:19+05:30
2026/04/10 11:06:19 🔍 DEBUG: Query returned 0 task history records
2026/04/10 11:06:19 📊 Fetching worker stats from 2026-04-09T11:06:19+05:30 to 2026-04-10T11:06:19+05:30
2026/04/10 11:06:19 🔍 DEBUG: Querying TASKS collection for completed_at between 2026-04-09T11:06:19+05:30 and 2026-04-10T11:06:19+05:30
2026/04/10 11:06:19 🔍 DEBUG: Query returned 0 task history records
2026/04/10 11:06:19 ✓ Retrieved 0 task history records and 0 worker stats
2026/04/10 11:06:19 ⚠️  Insufficient data (0 tasks < 2 required), using default parameters
2026/04/10 11:06:19 ✓ AOD parameters saved to /Users/codesmith28/personal/Projects/acc/BTEP/master/config/ga_output.json
2026/04/10 11:06:19 ✓ AOD parameters saved to MongoDB collection RTS_WEIGHTS
2026/04/10 11:06:19 ✅ AOD training cycle completed successfully
2026/04/10 11:06:47 ✓ RTS: Reloaded GA parameters from mongodb collection RTS_WEIGHTS
2026/04/10 11:07:17 ✓ RTS: Reloaded GA parameters from mongodb collection RTS_WEIGHTS
2026/04/10 11:07:19 🧬 Starting AOD training cycle...
2026/04/10 11:07:19 🧬 Starting AOD training cycle...
2026/04/10 11:07:19 📊 Fetching task history from 2026-04-09T11:07:19+05:30 to 2026-04-10T11:07:19+05:30
2026/04/10 11:07:19 🔍 DEBUG: Querying TASKS collection for completed_at between 2026-04-09T11:07:19+05:30 and 2026-04-10T11:07:19+05:30
2026/04/10 11:07:19 🔍 DEBUG: Query returned 0 task history records
2026/04/10 11:07:19 📊 Fetching worker stats from 2026-04-09T11:07:19+05:30 to 2026-04-10T11:07:19+05:30
2026/04/10 11:07:19 🔍 DEBUG: Querying TASKS collection for completed_at between 2026-04-09T11:07:19+05:30 and 2026-04-10T11:07:19+05:30
2026/04/10 11:07:19 🔍 DEBUG: Query returned 0 task history records
2026/04/10 11:07:19 ✓ Retrieved 0 task history records and 0 worker stats
2026/04/10 11:07:19 ⚠️  Insufficient data (0 tasks < 2 required), using default parameters
2026/04/10 11:07:19 ✓ AOD parameters saved to /Users/codesmith28/personal/Projects/acc/BTEP/master/config/ga_output.json
2026/04/10 11:07:19 ✓ AOD parameters saved to MongoDB collection RTS_WEIGHTS
2026/04/10 11:07:19 ✅ AOD training cycle completed successfully
2026/04/10 11:07:47 ✓ RTS: Reloaded GA parameters from mongodb collection RTS_WEIGHTS
2026/04/10 11:08:17 ✓ RTS: Reloaded GA parameters from mongodb collection RTS_WEIGHTS
2026/04/10 11:08:19 🧬 Starting AOD training cycle...
2026/04/10 11:08:19 🧬 Starting AOD training cycle...
2026/04/10 11:08:19 📊 Fetching task history from 2026-04-09T11:08:19+05:30 to 2026-04-10T11:08:19+05:30
2026/04/10 11:08:19 🔍 DEBUG: Querying TASKS collection for completed_at between 2026-04-09T11:08:19+05:30 and 2026-04-10T11:08:19+05:30
2026/04/10 11:08:19 🔍 DEBUG: Query returned 0 task history records
2026/04/10 11:08:19 📊 Fetching worker stats from 2026-04-09T11:08:19+05:30 to 2026-04-10T11:08:19+05:30
2026/04/10 11:08:19 🔍 DEBUG: Querying TASKS collection for completed_at between 2026-04-09T11:08:19+05:30 and 2026-04-10T11:08:19+05:30
2026/04/10 11:08:19 🔍 DEBUG: Query returned 0 task history records
2026/04/10 11:08:19 ✓ Retrieved 0 task history records and 0 worker stats
2026/04/10 11:08:19 ⚠️  Insufficient data (0 tasks < 2 required), using default parameters
2026/04/10 11:08:19 ✓ AOD parameters saved to /Users/codesmith28/personal/Projects/acc/BTEP/master/config/ga_output.json
2026/04/10 11:08:19 ✓ AOD parameters saved to MongoDB collection RTS_WEIGHTS
2026/04/10 11:08:19 ✅ AOD training cycle completed successfully
2026/04/10 11:08:47 ✓ RTS: Reloaded GA parameters from mongodb collection RTS_WEIGHTS
2026/04/10 11:09:17 ✓ RTS: Reloaded GA parameters from mongodb collection RTS_WEIGHTS
2026/04/10 11:09:19 🧬 Starting AOD training cycle...
2026/04/10 11:09:19 🧬 Starting AOD training cycle...
2026/04/10 11:09:19 📊 Fetching task history from 2026-04-09T11:09:19+05:30 to 2026-04-10T11:09:19+05:30
2026/04/10 11:09:19 🔍 DEBUG: Querying TASKS collection for completed_at between 2026-04-09T11:09:19+05:30 and 2026-04-10T11:09:19+05:30
2026/04/10 11:09:19 🔍 DEBUG: Query returned 0 task history records
2026/04/10 11:09:19 📊 Fetching worker stats from 2026-04-09T11:09:19+05:30 to 2026-04-10T11:09:19+05:30
2026/04/10 11:09:19 🔍 DEBUG: Querying TASKS collection for completed_at between 2026-04-09T11:09:19+05:30 and 2026-04-10T11:09:19+05:30
2026/04/10 11:09:19 🔍 DEBUG: Query returned 0 task history records
2026/04/10 11:09:19 ✓ Retrieved 0 task history records and 0 worker stats
2026/04/10 11:09:19 ⚠️  Insufficient data (0 tasks < 2 required), using default parameters
2026/04/10 11:09:19 ✓ AOD parameters saved to /Users/codesmith28/personal/Projects/acc/BTEP/master/config/ga_output.json
2026/04/10 11:09:19 ✓ AOD parameters saved to MongoDB collection RTS_WEIGHTS
2026/04/10 11:09:19 ✅ AOD training cycle completed successfully
2026/04/10 11:09:47 ✓ RTS: Reloaded GA parameters from mongodb collection RTS_WEIGHTS
2026/04/10 11:10:17 ✓ RTS: Reloaded GA parameters from mongodb collection RTS_WEIGHTS
2026/04/10 11:10:19 🧬 Starting AOD training cycle...
2026/04/10 11:10:19 🧬 Starting AOD training cycle...
2026/04/10 11:10:19 📊 Fetching task history from 2026-04-09T11:10:19+05:30 to 2026-04-10T11:10:19+05:30
2026/04/10 11:10:19 🔍 DEBUG: Querying TASKS collection for completed_at between 2026-04-09T11:10:19+05:30 and 2026-04-10T11:10:19+05:30
2026/04/10 11:10:19 🔍 DEBUG: Query returned 0 task history records
2026/04/10 11:10:19 📊 Fetching worker stats from 2026-04-09T11:10:19+05:30 to 2026-04-10T11:10:19+05:30
2026/04/10 11:10:19 🔍 DEBUG: Querying TASKS collection for completed_at between 2026-04-09T11:10:19+05:30 and 2026-04-10T11:10:19+05:30
2026/04/10 11:10:19 🔍 DEBUG: Query returned 0 task history records
2026/04/10 11:10:19 ✓ Retrieved 0 task history records and 0 worker stats
2026/04/10 11:10:19 ⚠️  Insufficient data (0 tasks < 2 required), using default parameters
2026/04/10 11:10:19 ✓ AOD parameters saved to /Users/codesmith28/personal/Projects/acc/BTEP/master/config/ga_output.json
2026/04/10 11:10:19 ✓ AOD parameters saved to MongoDB collection RTS_WEIGHTS
2026/04/10 11:10:19 ✅ AOD training cycle completed successfully
2026/04/10 11:10:47 ✓ RTS: Reloaded GA parameters from mongodb collection RTS_WEIGHTS
2026/04/10 11:11:17 ✓ RTS: Reloaded GA parameters from mongodb collection RTS_WEIGHTS
2026/04/10 11:11:19 🧬 Starting AOD training cycle...
2026/04/10 11:11:19 🧬 Starting AOD training cycle...
2026/04/10 11:11:19 📊 Fetching task history from 2026-04-09T11:11:19+05:30 to 2026-04-10T11:11:19+05:30
2026/04/10 11:11:19 🔍 DEBUG: Querying TASKS collection for completed_at between 2026-04-09T11:11:19+05:30 and 2026-04-10T11:11:19+05:30
2026/04/10 11:11:19 🔍 DEBUG: Query returned 0 task history records
2026/04/10 11:11:19 📊 Fetching worker stats from 2026-04-09T11:11:19+05:30 to 2026-04-10T11:11:19+05:30
2026/04/10 11:11:19 🔍 DEBUG: Querying TASKS collection for completed_at between 2026-04-09T11:11:19+05:30 and 2026-04-10T11:11:19+05:30
2026/04/10 11:11:19 🔍 DEBUG: Query returned 0 task history records
2026/04/10 11:11:19 ✓ Retrieved 0 task history records and 0 worker stats
2026/04/10 11:11:19 ⚠️  Insufficient data (0 tasks < 2 required), using default parameters
2026/04/10 11:11:19 ✓ AOD parameters saved to /Users/codesmith28/personal/Projects/acc/BTEP/master/config/ga_output.json
2026/04/10 11:11:19 ✓ AOD parameters saved to MongoDB collection RTS_WEIGHTS
2026/04/10 11:11:19 ✅ AOD training cycle completed successfully
2026/04/10 11:11:47 ✓ RTS: Reloaded GA parameters from mongodb collection RTS_WEIGHTS
2026/04/10 11:12:17 ✓ RTS: Reloaded GA parameters from mongodb collection RTS_WEIGHTS
2026/04/10 11:12:19 🧬 Starting AOD training cycle...
2026/04/10 11:12:19 🧬 Starting AOD training cycle...
2026/04/10 11:12:19 📊 Fetching task history from 2026-04-09T11:12:19+05:30 to 2026-04-10T11:12:19+05:30
2026/04/10 11:12:19 🔍 DEBUG: Querying TASKS collection for completed_at between 2026-04-09T11:12:19+05:30 and 2026-04-10T11:12:19+05:30
2026/04/10 11:12:19 🔍 DEBUG: Query returned 0 task history records
2026/04/10 11:12:19 📊 Fetching worker stats from 2026-04-09T11:12:19+05:30 to 2026-04-10T11:12:19+05:30
2026/04/10 11:12:19 🔍 DEBUG: Querying TASKS collection for completed_at between 2026-04-09T11:12:19+05:30 and 2026-04-10T11:12:19+05:30
2026/04/10 11:12:19 🔍 DEBUG: Query returned 0 task history records
2026/04/10 11:12:19 ✓ Retrieved 0 task history records and 0 worker stats
2026/04/10 11:12:19 ⚠️  Insufficient data (0 tasks < 2 required), using default parameters
2026/04/10 11:12:19 ✓ AOD parameters saved to /Users/codesmith28/personal/Projects/acc/BTEP/master/config/ga_output.json
2026/04/10 11:12:19 ✓ AOD parameters saved to MongoDB collection RTS_WEIGHTS
2026/04/10 11:12:19 ✅ AOD training cycle completed successfully
2026/04/10 11:12:47 ✓ RTS: Reloaded GA parameters from mongodb collection RTS_WEIGHTS
2026/04/10 11:13:17 ✓ RTS: Reloaded GA parameters from mongodb collection RTS_WEIGHTS
2026/04/10 11:13:19 🧬 Starting AOD training cycle...
2026/04/10 11:13:19 🧬 Starting AOD training cycle...
2026/04/10 11:13:19 📊 Fetching task history from 2026-04-09T11:13:19+05:30 to 2026-04-10T11:13:19+05:30
2026/04/10 11:13:19 🔍 DEBUG: Querying TASKS collection for completed_at between 2026-04-09T11:13:19+05:30 and 2026-04-10T11:13:19+05:30
2026/04/10 11:13:19 🔍 DEBUG: Query returned 0 task history records
2026/04/10 11:13:19 📊 Fetching worker stats from 2026-04-09T11:13:19+05:30 to 2026-04-10T11:13:19+05:30
2026/04/10 11:13:19 🔍 DEBUG: Querying TASKS collection for completed_at between 2026-04-09T11:13:19+05:30 and 2026-04-10T11:13:19+05:30
2026/04/10 11:13:19 🔍 DEBUG: Query returned 0 task history records
2026/04/10 11:13:19 ✓ Retrieved 0 task history records and 0 worker stats
2026/04/10 11:13:19 ⚠️  Insufficient data (0 tasks < 2 required), using default parameters
2026/04/10 11:13:19 ✓ AOD parameters saved to /Users/codesmith28/personal/Projects/acc/BTEP/master/config/ga_output.json
2026/04/10 11:13:19 ✓ AOD parameters saved to MongoDB collection RTS_WEIGHTS
2026/04/10 11:13:19 ✅ AOD training cycle completed successfully
2026/04/10 11:13:47 ✓ RTS: Reloaded GA parameters from mongodb collection RTS_WEIGHTS
2026/04/10 11:14:17 ✓ RTS: Reloaded GA parameters from mongodb collection RTS_WEIGHTS
2026/04/10 11:14:19 🧬 Starting AOD training cycle...
2026/04/10 11:14:19 🧬 Starting AOD training cycle...
2026/04/10 11:14:19 📊 Fetching task history from 2026-04-09T11:14:19+05:30 to 2026-04-10T11:14:19+05:30
2026/04/10 11:14:19 🔍 DEBUG: Querying TASKS collection for completed_at between 2026-04-09T11:14:19+05:30 and 2026-04-10T11:14:19+05:30
2026/04/10 11:14:19 🔍 DEBUG: Query returned 0 task history records
2026/04/10 11:14:19 📊 Fetching worker stats from 2026-04-09T11:14:19+05:30 to 2026-04-10T11:14:19+05:30
2026/04/10 11:14:19 🔍 DEBUG: Querying TASKS collection for completed_at between 2026-04-09T11:14:19+05:30 and 2026-04-10T11:14:19+05:30
2026/04/10 11:14:19 🔍 DEBUG: Query returned 0 task history records
2026/04/10 11:14:19 ✓ Retrieved 0 task history records and 0 worker stats
2026/04/10 11:14:19 ⚠️  Insufficient data (0 tasks < 2 required), using default parameters
2026/04/10 11:14:19 ✓ AOD parameters saved to /Users/codesmith28/personal/Projects/acc/BTEP/master/config/ga_output.json
2026/04/10 11:14:19 ✓ AOD parameters saved to MongoDB collection RTS_WEIGHTS
2026/04/10 11:14:19 ✅ AOD training cycle completed successfully
2026/04/10 11:14:47 ✓ RTS: Reloaded GA parameters from mongodb collection RTS_WEIGHTS
2026/04/10 11:15:17 ✓ RTS: Reloaded GA parameters from mongodb collection RTS_WEIGHTS
2026/04/10 11:15:19 🧬 Starting AOD training cycle...
2026/04/10 11:15:19 🧬 Starting AOD training cycle...
2026/04/10 11:15:19 📊 Fetching task history from 2026-04-09T11:15:19+05:30 to 2026-04-10T11:15:19+05:30
2026/04/10 11:15:19 🔍 DEBUG: Querying TASKS collection for completed_at between 2026-04-09T11:15:19+05:30 and 2026-04-10T11:15:19+05:30
2026/04/10 11:15:19 🔍 DEBUG: Query returned 0 task history records
2026/04/10 11:15:19 📊 Fetching worker stats from 2026-04-09T11:15:19+05:30 to 2026-04-10T11:15:19+05:30
2026/04/10 11:15:19 🔍 DEBUG: Querying TASKS collection for completed_at between 2026-04-09T11:15:19+05:30 and 2026-04-10T11:15:19+05:30
2026/04/10 11:15:19 🔍 DEBUG: Query returned 0 task history records
2026/04/10 11:15:19 ✓ Retrieved 0 task history records and 0 worker stats
2026/04/10 11:15:19 ⚠️  Insufficient data (0 tasks < 2 required), using default parameters
2026/04/10 11:15:19 ✓ AOD parameters saved to /Users/codesmith28/personal/Projects/acc/BTEP/master/config/ga_output.json
2026/04/10 11:15:19 ✓ AOD parameters saved to MongoDB collection RTS_WEIGHTS
2026/04/10 11:15:19 ✅ AOD training cycle completed successfully
2026/04/10 11:15:47 ✓ RTS: Reloaded GA parameters from mongodb collection RTS_WEIGHTS
2026/04/10 11:16:17 ✓ RTS: Reloaded GA parameters from mongodb collection RTS_WEIGHTS
2026/04/10 11:16:19 🧬 Starting AOD training cycle...
2026/04/10 11:16:19 🧬 Starting AOD training cycle...
2026/04/10 11:16:19 📊 Fetching task history from 2026-04-09T11:16:19+05:30 to 2026-04-10T11:16:19+05:30
2026/04/10 11:16:19 🔍 DEBUG: Querying TASKS collection for completed_at between 2026-04-09T11:16:19+05:30 and 2026-04-10T11:16:19+05:30
2026/04/10 11:16:19 🔍 DEBUG: Query returned 0 task history records
2026/04/10 11:16:19 📊 Fetching worker stats from 2026-04-09T11:16:19+05:30 to 2026-04-10T11:16:19+05:30
2026/04/10 11:16:19 🔍 DEBUG: Querying TASKS collection for completed_at between 2026-04-09T11:16:19+05:30 and 2026-04-10T11:16:19+05:30
2026/04/10 11:16:19 🔍 DEBUG: Query returned 0 task history records
2026/04/10 11:16:19 ✓ Retrieved 0 task history records and 0 worker stats
2026/04/10 11:16:19 ⚠️  Insufficient data (0 tasks < 2 required), using default parameters
2026/04/10 11:16:19 ✓ AOD parameters saved to /Users/codesmith28/personal/Projects/acc/BTEP/master/config/ga_output.json
2026/04/10 11:16:19 ✓ AOD parameters saved to MongoDB collection RTS_WEIGHTS
2026/04/10 11:16:19 ✅ AOD training cycle completed successfully
2026/04/10 11:16:47 ✓ RTS: Reloaded GA parameters from mongodb collection RTS_WEIGHTS
2026/04/10 11:17:17 ✓ RTS: Reloaded GA parameters from mongodb collection RTS_WEIGHTS
2026/04/10 11:17:19 🧬 Starting AOD training cycle...
2026/04/10 11:17:19 🧬 Starting AOD training cycle...
2026/04/10 11:17:19 📊 Fetching task history from 2026-04-09T11:17:19+05:30 to 2026-04-10T11:17:19+05:30
2026/04/10 11:17:19 🔍 DEBUG: Querying TASKS collection for completed_at between 2026-04-09T11:17:19+05:30 and 2026-04-10T11:17:19+05:30
2026/04/10 11:17:19 🔍 DEBUG: Query returned 0 task history records
2026/04/10 11:17:19 📊 Fetching worker stats from 2026-04-09T11:17:19+05:30 to 2026-04-10T11:17:19+05:30
2026/04/10 11:17:19 🔍 DEBUG: Querying TASKS collection for completed_at between 2026-04-09T11:17:19+05:30 and 2026-04-10T11:17:19+05:30
2026/04/10 11:17:19 🔍 DEBUG: Query returned 0 task history records
2026/04/10 11:17:19 ✓ Retrieved 0 task history records and 0 worker stats
2026/04/10 11:17:19 ⚠️  Insufficient data (0 tasks < 2 required), using default parameters
2026/04/10 11:17:19 ✓ AOD parameters saved to /Users/codesmith28/personal/Projects/acc/BTEP/master/config/ga_output.json
2026/04/10 11:17:19 ✓ AOD parameters saved to MongoDB collection RTS_WEIGHTS
2026/04/10 11:17:19 ✅ AOD training cycle completed successfully
2026/04/10 11:17:47 ✓ RTS: Reloaded GA parameters from mongodb collection RTS_WEIGHTS
2026/04/10 11:18:17 ✓ RTS: Reloaded GA parameters from mongodb collection RTS_WEIGHTS
2026/04/10 11:18:19 🧬 Starting AOD training cycle...
2026/04/10 11:18:19 🧬 Starting AOD training cycle...
2026/04/10 11:18:19 📊 Fetching task history from 2026-04-09T11:18:19+05:30 to 2026-04-10T11:18:19+05:30
2026/04/10 11:18:19 🔍 DEBUG: Querying TASKS collection for completed_at between 2026-04-09T11:18:19+05:30 and 2026-04-10T11:18:19+05:30
2026/04/10 11:18:19 🔍 DEBUG: Query returned 0 task history records
2026/04/10 11:18:19 📊 Fetching worker stats from 2026-04-09T11:18:19+05:30 to 2026-04-10T11:18:19+05:30
2026/04/10 11:18:19 🔍 DEBUG: Querying TASKS collection for completed_at between 2026-04-09T11:18:19+05:30 and 2026-04-10T11:18:19+05:30
2026/04/10 11:18:19 🔍 DEBUG: Query returned 0 task history records
2026/04/10 11:18:19 ✓ Retrieved 0 task history records and 0 worker stats
2026/04/10 11:18:19 ⚠️  Insufficient data (0 tasks < 2 required), using default parameters
2026/04/10 11:18:19 ✓ AOD parameters saved to /Users/codesmith28/personal/Projects/acc/BTEP/master/config/ga_output.json
2026/04/10 11:18:19 ✓ AOD parameters saved to MongoDB collection RTS_WEIGHTS
2026/04/10 11:18:19 ✅ AOD training cycle completed successfully
2026/04/10 11:18:47 ✓ RTS: Reloaded GA parameters from mongodb collection RTS_WEIGHTS
2026/04/10 11:19:17 ✓ RTS: Reloaded GA parameters from mongodb collection RTS_WEIGHTS
2026/04/10 11:19:19 🧬 Starting AOD training cycle...
2026/04/10 11:19:19 🧬 Starting AOD training cycle...
2026/04/10 11:19:19 📊 Fetching task history from 2026-04-09T11:19:19+05:30 to 2026-04-10T11:19:19+05:30
2026/04/10 11:19:19 🔍 DEBUG: Querying TASKS collection for completed_at between 2026-04-09T11:19:19+05:30 and 2026-04-10T11:19:19+05:30
2026/04/10 11:19:19 🔍 DEBUG: Query returned 0 task history records
2026/04/10 11:19:19 📊 Fetching worker stats from 2026-04-09T11:19:19+05:30 to 2026-04-10T11:19:19+05:30
2026/04/10 11:19:19 🔍 DEBUG: Querying TASKS collection for completed_at between 2026-04-09T11:19:19+05:30 and 2026-04-10T11:19:19+05:30
2026/04/10 11:19:19 🔍 DEBUG: Query returned 0 task history records
2026/04/10 11:19:19 ✓ Retrieved 0 task history records and 0 worker stats
2026/04/10 11:19:19 ⚠️  Insufficient data (0 tasks < 2 required), using default parameters
2026/04/10 11:19:19 ✓ AOD parameters saved to /Users/codesmith28/personal/Projects/acc/BTEP/master/config/ga_output.json
2026/04/10 11:19:19 ✓ AOD parameters saved to MongoDB collection RTS_WEIGHTS
2026/04/10 11:19:19 ✅ AOD training cycle completed successfully
2026/04/10 11:19:47 ✓ RTS: Reloaded GA parameters from mongodb collection RTS_WEIGHTS
2026/04/10 11:20:17 ✓ RTS: Reloaded GA parameters from mongodb collection RTS_WEIGHTS
2026/04/10 11:20:19 🧬 Starting AOD training cycle...
2026/04/10 11:20:19 🧬 Starting AOD training cycle...
2026/04/10 11:20:19 📊 Fetching task history from 2026-04-09T11:20:19+05:30 to 2026-04-10T11:20:19+05:30
2026/04/10 11:20:19 🔍 DEBUG: Querying TASKS collection for completed_at between 2026-04-09T11:20:19+05:30 and 2026-04-10T11:20:19+05:30
2026/04/10 11:20:19 🔍 DEBUG: Query returned 0 task history records
2026/04/10 11:20:19 📊 Fetching worker stats from 2026-04-09T11:20:19+05:30 to 2026-04-10T11:20:19+05:30
2026/04/10 11:20:19 🔍 DEBUG: Querying TASKS collection for completed_at between 2026-04-09T11:20:19+05:30 and 2026-04-10T11:20:19+05:30
2026/04/10 11:20:19 🔍 DEBUG: Query returned 0 task history records
2026/04/10 11:20:19 ✓ Retrieved 0 task history records and 0 worker stats
2026/04/10 11:20:19 ⚠️  Insufficient data (0 tasks < 2 required), using default parameters
2026/04/10 11:20:19 ✓ AOD parameters saved to /Users/codesmith28/personal/Projects/acc/BTEP/master/config/ga_output.json
2026/04/10 11:20:19 ✓ AOD parameters saved to MongoDB collection RTS_WEIGHTS
2026/04/10 11:20:19 ✅ AOD training cycle completed successfully
2026/04/10 11:20:47 ✓ RTS: Reloaded GA parameters from mongodb collection RTS_WEIGHTS
2026/04/10 11:21:17 ✓ RTS: Reloaded GA parameters from mongodb collection RTS_WEIGHTS
2026/04/10 11:21:19 🧬 Starting AOD training cycle...
2026/04/10 11:21:19 🧬 Starting AOD training cycle...
2026/04/10 11:21:19 📊 Fetching task history from 2026-04-09T11:21:19+05:30 to 2026-04-10T11:21:19+05:30
2026/04/10 11:21:19 🔍 DEBUG: Querying TASKS collection for completed_at between 2026-04-09T11:21:19+05:30 and 2026-04-10T11:21:19+05:30
2026/04/10 11:21:19 🔍 DEBUG: Query returned 0 task history records
2026/04/10 11:21:19 📊 Fetching worker stats from 2026-04-09T11:21:19+05:30 to 2026-04-10T11:21:19+05:30
2026/04/10 11:21:19 🔍 DEBUG: Querying TASKS collection for completed_at between 2026-04-09T11:21:19+05:30 and 2026-04-10T11:21:19+05:30
2026/04/10 11:21:19 🔍 DEBUG: Query returned 0 task history records
2026/04/10 11:21:19 ✓ Retrieved 0 task history records and 0 worker stats
2026/04/10 11:21:19 ⚠️  Insufficient data (0 tasks < 2 required), using default parameters
2026/04/10 11:21:19 ✓ AOD parameters saved to /Users/codesmith28/personal/Projects/acc/BTEP/master/config/ga_output.json
2026/04/10 11:21:19 ✓ AOD parameters saved to MongoDB collection RTS_WEIGHTS
2026/04/10 11:21:19 ✅ AOD training cycle completed successfully
2026/04/10 11:21:47 ✓ RTS: Reloaded GA parameters from mongodb collection RTS_WEIGHTS
2026/04/10 11:22:17 ✓ RTS: Reloaded GA parameters from mongodb collection RTS_WEIGHTS
2026/04/10 11:22:19 🧬 Starting AOD training cycle...
2026/04/10 11:22:19 🧬 Starting AOD training cycle...
2026/04/10 11:22:19 📊 Fetching task history from 2026-04-09T11:22:19+05:30 to 2026-04-10T11:22:19+05:30
2026/04/10 11:22:19 🔍 DEBUG: Querying TASKS collection for completed_at between 2026-04-09T11:22:19+05:30 and 2026-04-10T11:22:19+05:30
2026/04/10 11:22:19 🔍 DEBUG: Query returned 0 task history records
2026/04/10 11:22:19 📊 Fetching worker stats from 2026-04-09T11:22:19+05:30 to 2026-04-10T11:22:19+05:30
2026/04/10 11:22:19 🔍 DEBUG: Querying TASKS collection for completed_at between 2026-04-09T11:22:19+05:30 and 2026-04-10T11:22:19+05:30
2026/04/10 11:22:19 🔍 DEBUG: Query returned 0 task history records
2026/04/10 11:22:19 ✓ Retrieved 0 task history records and 0 worker stats
2026/04/10 11:22:19 ⚠️  Insufficient data (0 tasks < 2 required), using default parameters
2026/04/10 11:22:19 ✓ AOD parameters saved to /Users/codesmith28/personal/Projects/acc/BTEP/master/config/ga_output.json
2026/04/10 11:22:19 ✓ AOD parameters saved to MongoDB collection RTS_WEIGHTS
2026/04/10 11:22:19 ✅ AOD training cycle completed successfully
2026/04/10 11:22:47 ✓ RTS: Reloaded GA parameters from mongodb collection RTS_WEIGHTS
2026/04/10 11:23:17 ✓ RTS: Reloaded GA parameters from mongodb collection RTS_WEIGHTS
2026/04/10 11:23:19 🧬 Starting AOD training cycle...
2026/04/10 11:23:19 🧬 Starting AOD training cycle...
2026/04/10 11:23:19 📊 Fetching task history from 2026-04-09T11:23:19+05:30 to 2026-04-10T11:23:19+05:30
2026/04/10 11:23:19 🔍 DEBUG: Querying TASKS collection for completed_at between 2026-04-09T11:23:19+05:30 and 2026-04-10T11:23:19+05:30
2026/04/10 11:23:19 🔍 DEBUG: Query returned 0 task history records
2026/04/10 11:23:19 📊 Fetching worker stats from 2026-04-09T11:23:19+05:30 to 2026-04-10T11:23:19+05:30
2026/04/10 11:23:19 🔍 DEBUG: Querying TASKS collection for completed_at between 2026-04-09T11:23:19+05:30 and 2026-04-10T11:23:19+05:30
2026/04/10 11:23:19 🔍 DEBUG: Query returned 0 task history records
2026/04/10 11:23:19 ✓ Retrieved 0 task history records and 0 worker stats
2026/04/10 11:23:19 ⚠️  Insufficient data (0 tasks < 2 required), using default parameters
2026/04/10 11:23:19 ✓ AOD parameters saved to /Users/codesmith28/personal/Projects/acc/BTEP/master/config/ga_output.json
2026/04/10 11:23:19 ✓ AOD parameters saved to MongoDB collection RTS_WEIGHTS
2026/04/10 11:23:19 ✅ AOD training cycle completed successfully
2026/04/10 11:23:47 ✓ RTS: Reloaded GA parameters from mongodb collection RTS_WEIGHTS
2026/04/10 11:24:36 ✓ RTS: Reloaded GA parameters from mongodb collection RTS_WEIGHTS
2026/04/10 11:24:39 🧬 Starting AOD training cycle...
2026/04/10 11:24:39 🧬 Starting AOD training cycle...
2026/04/10 11:24:39 📊 Fetching task history from 2026-04-09T11:24:39+05:30 to 2026-04-10T11:24:39+05:30
2026/04/10 11:24:39 🔍 DEBUG: Querying TASKS collection for completed_at between 2026-04-09T11:24:39+05:30 and 2026-04-10T11:24:39+05:30
2026/04/10 11:24:39 🔍 DEBUG: Query returned 0 task history records
2026/04/10 11:24:39 📊 Fetching worker stats from 2026-04-09T11:24:39+05:30 to 2026-04-10T11:24:39+05:30
2026/04/10 11:24:39 🔍 DEBUG: Querying TASKS collection for completed_at between 2026-04-09T11:24:39+05:30 and 2026-04-10T11:24:39+05:30
2026/04/10 11:24:39 🔍 DEBUG: Query returned 0 task history records
2026/04/10 11:24:39 ✓ Retrieved 0 task history records and 0 worker stats
2026/04/10 11:24:39 ⚠️  Insufficient data (0 tasks < 2 required), using default parameters
2026/04/10 11:24:39 ✓ AOD parameters saved to /Users/codesmith28/personal/Projects/acc/BTEP/master/config/ga_output.json
2026/04/10 11:24:39 ✓ AOD parameters saved to MongoDB collection RTS_WEIGHTS
2026/04/10 11:24:39 ✅ AOD training cycle completed successfully
2026/04/10 11:25:06 ✓ RTS: Reloaded GA parameters from mongodb collection RTS_WEIGHTS
2026/04/10 11:25:36 ✓ RTS: Reloaded GA parameters from mongodb collection RTS_WEIGHTS
2026/04/10 11:25:39 🧬 Starting AOD training cycle...
2026/04/10 11:25:39 🧬 Starting AOD training cycle...
2026/04/10 11:25:39 📊 Fetching task history from 2026-04-09T11:25:39+05:30 to 2026-04-10T11:25:39+05:30
2026/04/10 11:25:39 🔍 DEBUG: Querying TASKS collection for completed_at between 2026-04-09T11:25:39+05:30 and 2026-04-10T11:25:39+05:30
2026/04/10 11:25:39 🔍 DEBUG: Query returned 0 task history records
2026/04/10 11:25:39 📊 Fetching worker stats from 2026-04-09T11:25:39+05:30 to 2026-04-10T11:25:39+05:30
2026/04/10 11:25:39 🔍 DEBUG: Querying TASKS collection for completed_at between 2026-04-09T11:25:39+05:30 and 2026-04-10T11:25:39+05:30
2026/04/10 11:25:39 🔍 DEBUG: Query returned 0 task history records
2026/04/10 11:25:39 ✓ Retrieved 0 task history records and 0 worker stats
2026/04/10 11:25:39 ⚠️  Insufficient data (0 tasks < 2 required), using default parameters
2026/04/10 11:25:39 ✓ AOD parameters saved to /Users/codesmith28/personal/Projects/acc/BTEP/master/config/ga_output.json
2026/04/10 11:25:39 ✓ AOD parameters saved to MongoDB collection RTS_WEIGHTS
2026/04/10 11:25:39 ✅ AOD training cycle completed successfully
2026/04/10 11:26:06 ✓ RTS: Reloaded GA parameters from mongodb collection RTS_WEIGHTS
2026/04/10 11:26:36 ✓ RTS: Reloaded GA parameters from mongodb collection RTS_WEIGHTS
2026/04/10 11:26:39 🧬 Starting AOD training cycle...
2026/04/10 11:26:39 🧬 Starting AOD training cycle...
2026/04/10 11:26:39 📊 Fetching task history from 2026-04-09T11:26:39+05:30 to 2026-04-10T11:26:39+05:30
2026/04/10 11:26:39 🔍 DEBUG: Querying TASKS collection for completed_at between 2026-04-09T11:26:39+05:30 and 2026-04-10T11:26:39+05:30
2026/04/10 11:26:39 🔍 DEBUG: Query returned 0 task history records
2026/04/10 11:26:39 📊 Fetching worker stats from 2026-04-09T11:26:39+05:30 to 2026-04-10T11:26:39+05:30
2026/04/10 11:26:39 🔍 DEBUG: Querying TASKS collection for completed_at between 2026-04-09T11:26:39+05:30 and 2026-04-10T11:26:39+05:30
2026/04/10 11:26:39 🔍 DEBUG: Query returned 0 task history records
2026/04/10 11:26:39 ✓ Retrieved 0 task history records and 0 worker stats
2026/04/10 11:26:39 ⚠️  Insufficient data (0 tasks < 2 required), using default parameters
2026/04/10 11:26:39 ✓ AOD parameters saved to /Users/codesmith28/personal/Projects/acc/BTEP/master/config/ga_output.json
2026/04/10 11:26:39 ✓ AOD parameters saved to MongoDB collection RTS_WEIGHTS
2026/04/10 11:26:39 ✅ AOD training cycle completed successfully
2026/04/10 11:27:06 ✓ RTS: Reloaded GA parameters from mongodb collection RTS_WEIGHTS
2026/04/10 11:27:36 ✓ RTS: Reloaded GA parameters from mongodb collection RTS_WEIGHTS
2026/04/10 11:27:39 🧬 Starting AOD training cycle...
2026/04/10 11:27:39 🧬 Starting AOD training cycle...
2026/04/10 11:27:39 📊 Fetching task history from 2026-04-09T11:27:39+05:30 to 2026-04-10T11:27:39+05:30
2026/04/10 11:27:39 🔍 DEBUG: Querying TASKS collection for completed_at between 2026-04-09T11:27:39+05:30 and 2026-04-10T11:27:39+05:30
2026/04/10 11:27:39 🔍 DEBUG: Query returned 0 task history records
2026/04/10 11:27:39 📊 Fetching worker stats from 2026-04-09T11:27:39+05:30 to 2026-04-10T11:27:39+05:30
2026/04/10 11:27:39 🔍 DEBUG: Querying TASKS collection for completed_at between 2026-04-09T11:27:39+05:30 and 2026-04-10T11:27:39+05:30
2026/04/10 11:27:39 🔍 DEBUG: Query returned 0 task history records
2026/04/10 11:27:39 ✓ Retrieved 0 task history records and 0 worker stats
2026/04/10 11:27:39 ⚠️  Insufficient data (0 tasks < 2 required), using default parameters
2026/04/10 11:27:39 ✓ AOD parameters saved to /Users/codesmith28/personal/Projects/acc/BTEP/master/config/ga_output.json
2026/04/10 11:27:39 ✓ AOD parameters saved to MongoDB collection RTS_WEIGHTS
2026/04/10 11:27:39 ✅ AOD training cycle completed successfully
2026/04/10 11:28:06 ✓ RTS: Reloaded GA parameters from mongodb collection RTS_WEIGHTS
2026/04/10 11:28:36 ✓ RTS: Reloaded GA parameters from mongodb collection RTS_WEIGHTS
2026/04/10 11:28:39 🧬 Starting AOD training cycle...
2026/04/10 11:28:39 🧬 Starting AOD training cycle...
2026/04/10 11:28:39 📊 Fetching task history from 2026-04-09T11:28:39+05:30 to 2026-04-10T11:28:39+05:30
2026/04/10 11:28:39 🔍 DEBUG: Querying TASKS collection for completed_at between 2026-04-09T11:28:39+05:30 and 2026-04-10T11:28:39+05:30
2026/04/10 11:28:39 🔍 DEBUG: Query returned 0 task history records
2026/04/10 11:28:39 📊 Fetching worker stats from 2026-04-09T11:28:39+05:30 to 2026-04-10T11:28:39+05:30
2026/04/10 11:28:39 🔍 DEBUG: Querying TASKS collection for completed_at between 2026-04-09T11:28:39+05:30 and 2026-04-10T11:28:39+05:30
2026/04/10 11:28:39 🔍 DEBUG: Query returned 0 task history records
2026/04/10 11:28:39 ✓ Retrieved 0 task history records and 0 worker stats
2026/04/10 11:28:39 ⚠️  Insufficient data (0 tasks < 2 required), using default parameters
2026/04/10 11:28:39 ✓ AOD parameters saved to /Users/codesmith28/personal/Projects/acc/BTEP/master/config/ga_output.json
2026/04/10 11:28:39 ✓ AOD parameters saved to MongoDB collection RTS_WEIGHTS
2026/04/10 11:28:39 ✅ AOD training cycle completed successfully
2026/04/10 11:29:06 ✓ RTS: Reloaded GA parameters from mongodb collection RTS_WEIGHTS
2026/04/10 11:29:36 ✓ RTS: Reloaded GA parameters from mongodb collection RTS_WEIGHTS
2026/04/10 11:29:39 🧬 Starting AOD training cycle...
2026/04/10 11:29:39 🧬 Starting AOD training cycle...
2026/04/10 11:29:39 📊 Fetching task history from 2026-04-09T11:29:39+05:30 to 2026-04-10T11:29:39+05:30
2026/04/10 11:29:39 🔍 DEBUG: Querying TASKS collection for completed_at between 2026-04-09T11:29:39+05:30 and 2026-04-10T11:29:39+05:30
2026/04/10 11:29:39 🔍 DEBUG: Query returned 0 task history records
2026/04/10 11:29:39 📊 Fetching worker stats from 2026-04-09T11:29:39+05:30 to 2026-04-10T11:29:39+05:30
2026/04/10 11:29:39 🔍 DEBUG: Querying TASKS collection for completed_at between 2026-04-09T11:29:39+05:30 and 2026-04-10T11:29:39+05:30
2026/04/10 11:29:39 🔍 DEBUG: Query returned 0 task history records
2026/04/10 11:29:39 ✓ Retrieved 0 task history records and 0 worker stats
2026/04/10 11:29:39 ⚠️  Insufficient data (0 tasks < 2 required), using default parameters
2026/04/10 11:29:39 ✓ AOD parameters saved to /Users/codesmith28/personal/Projects/acc/BTEP/master/config/ga_output.json
2026/04/10 11:29:39 ✓ AOD parameters saved to MongoDB collection RTS_WEIGHTS
2026/04/10 11:29:39 ✅ AOD training cycle completed successfully
2026/04/10 11:30:06 ✓ RTS: Reloaded GA parameters from mongodb collection RTS_WEIGHTS
2026/04/10 11:30:36 ✓ RTS: Reloaded GA parameters from mongodb collection RTS_WEIGHTS
2026/04/10 11:30:39 🧬 Starting AOD training cycle...
2026/04/10 11:30:39 🧬 Starting AOD training cycle...
2026/04/10 11:30:39 📊 Fetching task history from 2026-04-09T11:30:39+05:30 to 2026-04-10T11:30:39+05:30
2026/04/10 11:30:39 🔍 DEBUG: Querying TASKS collection for completed_at between 2026-04-09T11:30:39+05:30 and 2026-04-10T11:30:39+05:30
2026/04/10 11:30:39 🔍 DEBUG: Query returned 0 task history records
2026/04/10 11:30:39 📊 Fetching worker stats from 2026-04-09T11:30:39+05:30 to 2026-04-10T11:30:39+05:30
2026/04/10 11:30:39 🔍 DEBUG: Querying TASKS collection for completed_at between 2026-04-09T11:30:39+05:30 and 2026-04-10T11:30:39+05:30
2026/04/10 11:30:39 🔍 DEBUG: Query returned 0 task history records
2026/04/10 11:30:39 ✓ Retrieved 0 task history records and 0 worker stats
2026/04/10 11:30:39 ⚠️  Insufficient data (0 tasks < 2 required), using default parameters
2026/04/10 11:30:39 ✓ AOD parameters saved to /Users/codesmith28/personal/Projects/acc/BTEP/master/config/ga_output.json
2026/04/10 11:30:39 ✓ AOD parameters saved to MongoDB collection RTS_WEIGHTS
2026/04/10 11:30:39 ✅ AOD training cycle completed successfully
2026/04/10 11:31:06 ✓ RTS: Reloaded GA parameters from mongodb collection RTS_WEIGHTS
2026/04/10 11:31:36 ✓ RTS: Reloaded GA parameters from mongodb collection RTS_WEIGHTS
2026/04/10 11:31:39 🧬 Starting AOD training cycle...
2026/04/10 11:31:39 🧬 Starting AOD training cycle...
2026/04/10 11:31:39 📊 Fetching task history from 2026-04-09T11:31:39+05:30 to 2026-04-10T11:31:39+05:30
2026/04/10 11:31:39 🔍 DEBUG: Querying TASKS collection for completed_at between 2026-04-09T11:31:39+05:30 and 2026-04-10T11:31:39+05:30
2026/04/10 11:31:39 🔍 DEBUG: Query returned 0 task history records
2026/04/10 11:31:39 📊 Fetching worker stats from 2026-04-09T11:31:39+05:30 to 2026-04-10T11:31:39+05:30
2026/04/10 11:31:39 🔍 DEBUG: Querying TASKS collection for completed_at between 2026-04-09T11:31:39+05:30 and 2026-04-10T11:31:39+05:30
2026/04/10 11:31:39 🔍 DEBUG: Query returned 0 task history records
2026/04/10 11:31:39 ✓ Retrieved 0 task history records and 0 worker stats
2026/04/10 11:31:39 ⚠️  Insufficient data (0 tasks < 2 required), using default parameters
2026/04/10 11:31:39 ✓ AOD parameters saved to /Users/codesmith28/personal/Projects/acc/BTEP/master/config/ga_output.json
2026/04/10 11:31:39 ✓ AOD parameters saved to MongoDB collection RTS_WEIGHTS
2026/04/10 11:31:39 ✅ AOD training cycle completed successfully
2026/04/10 11:32:06 ✓ RTS: Reloaded GA parameters from mongodb collection RTS_WEIGHTS
2026/04/10 11:32:36 ✓ RTS: Reloaded GA parameters from mongodb collection RTS_WEIGHTS
2026/04/10 11:32:39 🧬 Starting AOD training cycle...
2026/04/10 11:32:39 🧬 Starting AOD training cycle...
2026/04/10 11:32:39 📊 Fetching task history from 2026-04-09T11:32:39+05:30 to 2026-04-10T11:32:39+05:30
2026/04/10 11:32:39 🔍 DEBUG: Querying TASKS collection for completed_at between 2026-04-09T11:32:39+05:30 and 2026-04-10T11:32:39+05:30
2026/04/10 11:32:39 🔍 DEBUG: Query returned 0 task history records
2026/04/10 11:32:39 📊 Fetching worker stats from 2026-04-09T11:32:39+05:30 to 2026-04-10T11:32:39+05:30
2026/04/10 11:32:39 🔍 DEBUG: Querying TASKS collection for completed_at between 2026-04-09T11:32:39+05:30 and 2026-04-10T11:32:39+05:30
2026/04/10 11:32:39 🔍 DEBUG: Query returned 0 task history records
2026/04/10 11:32:39 ✓ Retrieved 0 task history records and 0 worker stats
2026/04/10 11:32:39 ⚠️  Insufficient data (0 tasks < 2 required), using default parameters
2026/04/10 11:32:39 ✓ AOD parameters saved to /Users/codesmith28/personal/Projects/acc/BTEP/master/config/ga_output.json
2026/04/10 11:32:39 ✓ AOD parameters saved to MongoDB collection RTS_WEIGHTS
2026/04/10 11:32:39 ✅ AOD training cycle completed successfully
2026/04/10 11:33:06 ✓ RTS: Reloaded GA parameters from mongodb collection RTS_WEIGHTS
2026/04/10 11:33:36 ✓ RTS: Reloaded GA parameters from mongodb collection RTS_WEIGHTS
2026/04/10 11:33:39 🧬 Starting AOD training cycle...
2026/04/10 11:33:39 🧬 Starting AOD training cycle...
2026/04/10 11:33:39 📊 Fetching task history from 2026-04-09T11:33:39+05:30 to 2026-04-10T11:33:39+05:30
2026/04/10 11:33:39 🔍 DEBUG: Querying TASKS collection for completed_at between 2026-04-09T11:33:39+05:30 and 2026-04-10T11:33:39+05:30
2026/04/10 11:33:39 🔍 DEBUG: Query returned 0 task history records
2026/04/10 11:33:39 📊 Fetching worker stats from 2026-04-09T11:33:39+05:30 to 2026-04-10T11:33:39+05:30
2026/04/10 11:33:39 🔍 DEBUG: Querying TASKS collection for completed_at between 2026-04-09T11:33:39+05:30 and 2026-04-10T11:33:39+05:30
2026/04/10 11:33:39 🔍 DEBUG: Query returned 0 task history records
2026/04/10 11:33:39 ✓ Retrieved 0 task history records and 0 worker stats
2026/04/10 11:33:39 ⚠️  Insufficient data (0 tasks < 2 required), using default parameters
2026/04/10 11:33:39 ✓ AOD parameters saved to /Users/codesmith28/personal/Projects/acc/BTEP/master/config/ga_output.json
2026/04/10 11:33:39 ✓ AOD parameters saved to MongoDB collection RTS_WEIGHTS
2026/04/10 11:33:39 ✅ AOD training cycle completed successfully
2026/04/10 11:34:06 ✓ RTS: Reloaded GA parameters from mongodb collection RTS_WEIGHTS
2026/04/10 11:34:36 ✓ RTS: Reloaded GA parameters from mongodb collection RTS_WEIGHTS
2026/04/10 11:34:39 🧬 Starting AOD training cycle...
2026/04/10 11:34:39 🧬 Starting AOD training cycle...
2026/04/10 11:34:39 📊 Fetching task history from 2026-04-09T11:34:39+05:30 to 2026-04-10T11:34:39+05:30
2026/04/10 11:34:39 🔍 DEBUG: Querying TASKS collection for completed_at between 2026-04-09T11:34:39+05:30 and 2026-04-10T11:34:39+05:30
2026/04/10 11:34:39 🔍 DEBUG: Query returned 0 task history records
2026/04/10 11:34:39 📊 Fetching worker stats from 2026-04-09T11:34:39+05:30 to 2026-04-10T11:34:39+05:30
2026/04/10 11:34:39 🔍 DEBUG: Querying TASKS collection for completed_at between 2026-04-09T11:34:39+05:30 and 2026-04-10T11:34:39+05:30
2026/04/10 11:34:39 🔍 DEBUG: Query returned 0 task history records
2026/04/10 11:34:39 ✓ Retrieved 0 task history records and 0 worker stats
2026/04/10 11:34:39 ⚠️  Insufficient data (0 tasks < 2 required), using default parameters
2026/04/10 11:34:39 ✓ AOD parameters saved to /Users/codesmith28/personal/Projects/acc/BTEP/master/config/ga_output.json
2026/04/10 11:34:39 ✓ AOD parameters saved to MongoDB collection RTS_WEIGHTS
2026/04/10 11:34:39 ✅ AOD training cycle completed successfully
2026/04/10 11:35:06 ✓ RTS: Reloaded GA parameters from mongodb collection RTS_WEIGHTS
2026/04/10 11:35:36 ✓ RTS: Reloaded GA parameters from mongodb collection RTS_WEIGHTS
2026/04/10 11:35:39 🧬 Starting AOD training cycle...
2026/04/10 11:35:39 🧬 Starting AOD training cycle...
2026/04/10 11:35:39 📊 Fetching task history from 2026-04-09T11:35:39+05:30 to 2026-04-10T11:35:39+05:30
2026/04/10 11:35:39 🔍 DEBUG: Querying TASKS collection for completed_at between 2026-04-09T11:35:39+05:30 and 2026-04-10T11:35:39+05:30
2026/04/10 11:35:39 🔍 DEBUG: Query returned 0 task history records
2026/04/10 11:35:39 📊 Fetching worker stats from 2026-04-09T11:35:39+05:30 to 2026-04-10T11:35:39+05:30
2026/04/10 11:35:39 🔍 DEBUG: Querying TASKS collection for completed_at between 2026-04-09T11:35:39+05:30 and 2026-04-10T11:35:39+05:30
2026/04/10 11:35:39 🔍 DEBUG: Query returned 0 task history records
2026/04/10 11:35:39 ✓ Retrieved 0 task history records and 0 worker stats
2026/04/10 11:35:39 ⚠️  Insufficient data (0 tasks < 2 required), using default parameters
2026/04/10 11:35:39 ✓ AOD parameters saved to /Users/codesmith28/personal/Projects/acc/BTEP/master/config/ga_output.json
2026/04/10 11:35:39 ✓ AOD parameters saved to MongoDB collection RTS_WEIGHTS
2026/04/10 11:35:39 ✅ AOD training cycle completed successfully
2026/04/10 11:36:06 ✓ RTS: Reloaded GA parameters from mongodb collection RTS_WEIGHTS
2026/04/10 11:36:36 ✓ RTS: Reloaded GA parameters from mongodb collection RTS_WEIGHTS
2026/04/10 11:36:39 🧬 Starting AOD training cycle...
2026/04/10 11:36:39 🧬 Starting AOD training cycle...
2026/04/10 11:36:39 📊 Fetching task history from 2026-04-09T11:36:39+05:30 to 2026-04-10T11:36:39+05:30
2026/04/10 11:36:39 🔍 DEBUG: Querying TASKS collection for completed_at between 2026-04-09T11:36:39+05:30 and 2026-04-10T11:36:39+05:30
2026/04/10 11:36:39 🔍 DEBUG: Query returned 0 task history records
2026/04/10 11:36:39 📊 Fetching worker stats from 2026-04-09T11:36:39+05:30 to 2026-04-10T11:36:39+05:30
2026/04/10 11:36:39 🔍 DEBUG: Querying TASKS collection for completed_at between 2026-04-09T11:36:39+05:30 and 2026-04-10T11:36:39+05:30
2026/04/10 11:36:39 🔍 DEBUG: Query returned 0 task history records
2026/04/10 11:36:39 ✓ Retrieved 0 task history records and 0 worker stats
2026/04/10 11:36:39 ⚠️  Insufficient data (0 tasks < 2 required), using default parameters
2026/04/10 11:36:39 ✓ AOD parameters saved to /Users/codesmith28/personal/Projects/acc/BTEP/master/config/ga_output.json
2026/04/10 11:36:39 ✓ AOD parameters saved to MongoDB collection RTS_WEIGHTS
2026/04/10 11:36:39 ✅ AOD training cycle completed successfully
2026/04/10 11:37:06 ✓ RTS: Reloaded GA parameters from mongodb collection RTS_WEIGHTS
2026/04/10 11:37:36 ✓ RTS: Reloaded GA parameters from mongodb collection RTS_WEIGHTS
2026/04/10 11:37:39 🧬 Starting AOD training cycle...
2026/04/10 11:37:39 🧬 Starting AOD training cycle...
2026/04/10 11:37:39 📊 Fetching task history from 2026-04-09T11:37:39+05:30 to 2026-04-10T11:37:39+05:30
2026/04/10 11:37:39 🔍 DEBUG: Querying TASKS collection for completed_at between 2026-04-09T11:37:39+05:30 and 2026-04-10T11:37:39+05:30
2026/04/10 11:37:39 🔍 DEBUG: Query returned 0 task history records
2026/04/10 11:37:39 📊 Fetching worker stats from 2026-04-09T11:37:39+05:30 to 2026-04-10T11:37:39+05:30
2026/04/10 11:37:39 🔍 DEBUG: Querying TASKS collection for completed_at between 2026-04-09T11:37:39+05:30 and 2026-04-10T11:37:39+05:30
2026/04/10 11:37:39 🔍 DEBUG: Query returned 0 task history records
2026/04/10 11:37:39 ✓ Retrieved 0 task history records and 0 worker stats
2026/04/10 11:37:39 ⚠️  Insufficient data (0 tasks < 2 required), using default parameters
2026/04/10 11:37:39 ✓ AOD parameters saved to /Users/codesmith28/personal/Projects/acc/BTEP/master/config/ga_output.json
2026/04/10 11:37:39 ✓ AOD parameters saved to MongoDB collection RTS_WEIGHTS
2026/04/10 11:37:39 ✅ AOD training cycle completed successfully
2026/04/10 11:38:06 ✓ RTS: Reloaded GA parameters from mongodb collection RTS_WEIGHTS
2026/04/10 11:38:36 ✓ RTS: Reloaded GA parameters from mongodb collection RTS_WEIGHTS
2026/04/10 11:38:39 🧬 Starting AOD training cycle...
2026/04/10 11:38:39 🧬 Starting AOD training cycle...
2026/04/10 11:38:39 📊 Fetching task history from 2026-04-09T11:38:39+05:30 to 2026-04-10T11:38:39+05:30
2026/04/10 11:38:39 🔍 DEBUG: Querying TASKS collection for completed_at between 2026-04-09T11:38:39+05:30 and 2026-04-10T11:38:39+05:30
2026/04/10 11:38:39 🔍 DEBUG: Query returned 0 task history records
2026/04/10 11:38:39 📊 Fetching worker stats from 2026-04-09T11:38:39+05:30 to 2026-04-10T11:38:39+05:30
2026/04/10 11:38:39 🔍 DEBUG: Querying TASKS collection for completed_at between 2026-04-09T11:38:39+05:30 and 2026-04-10T11:38:39+05:30
2026/04/10 11:38:39 🔍 DEBUG: Query returned 0 task history records
2026/04/10 11:38:39 ✓ Retrieved 0 task history records and 0 worker stats
2026/04/10 11:38:39 ⚠️  Insufficient data (0 tasks < 2 required), using default parameters
2026/04/10 11:38:39 ✓ AOD parameters saved to /Users/codesmith28/personal/Projects/acc/BTEP/master/config/ga_output.json
2026/04/10 11:38:39 ✓ AOD parameters saved to MongoDB collection RTS_WEIGHTS
2026/04/10 11:38:39 ✅ AOD training cycle completed successfully
2026/04/10 11:39:06 ✓ RTS: Reloaded GA parameters from mongodb collection RTS_WEIGHTS
2026/04/10 11:39:36 ✓ RTS: Reloaded GA parameters from mongodb collection RTS_WEIGHTS
2026/04/10 11:39:39 🧬 Starting AOD training cycle...
2026/04/10 11:39:39 🧬 Starting AOD training cycle...
2026/04/10 11:39:39 📊 Fetching task history from 2026-04-09T11:39:39+05:30 to 2026-04-10T11:39:39+05:30
2026/04/10 11:39:39 🔍 DEBUG: Querying TASKS collection for completed_at between 2026-04-09T11:39:39+05:30 and 2026-04-10T11:39:39+05:30
2026/04/10 11:39:39 🔍 DEBUG: Query returned 0 task history records
2026/04/10 11:39:39 📊 Fetching worker stats from 2026-04-09T11:39:39+05:30 to 2026-04-10T11:39:39+05:30
2026/04/10 11:39:39 🔍 DEBUG: Querying TASKS collection for completed_at between 2026-04-09T11:39:39+05:30 and 2026-04-10T11:39:39+05:30
2026/04/10 11:39:39 🔍 DEBUG: Query returned 0 task history records
2026/04/10 11:39:39 ✓ Retrieved 0 task history records and 0 worker stats
2026/04/10 11:39:39 ⚠️  Insufficient data (0 tasks < 2 required), using default parameters
2026/04/10 11:39:39 ✓ AOD parameters saved to /Users/codesmith28/personal/Projects/acc/BTEP/master/config/ga_output.json
2026/04/10 11:39:39 ✓ AOD parameters saved to MongoDB collection RTS_WEIGHTS
2026/04/10 11:39:39 ✅ AOD training cycle completed successfully
2026/04/10 11:40:06 ✓ RTS: Reloaded GA parameters from mongodb collection RTS_WEIGHTS
2026/04/10 11:40:36 ✓ RTS: Reloaded GA parameters from mongodb collection RTS_WEIGHTS
2026/04/10 11:40:39 🧬 Starting AOD training cycle...
2026/04/10 11:40:39 🧬 Starting AOD training cycle...
2026/04/10 11:40:39 📊 Fetching task history from 2026-04-09T11:40:39+05:30 to 2026-04-10T11:40:39+05:30
2026/04/10 11:40:39 🔍 DEBUG: Querying TASKS collection for completed_at between 2026-04-09T11:40:39+05:30 and 2026-04-10T11:40:39+05:30
2026/04/10 11:40:39 🔍 DEBUG: Query returned 0 task history records
2026/04/10 11:40:39 📊 Fetching worker stats from 2026-04-09T11:40:39+05:30 to 2026-04-10T11:40:39+05:30
2026/04/10 11:40:39 🔍 DEBUG: Querying TASKS collection for completed_at between 2026-04-09T11:40:39+05:30 and 2026-04-10T11:40:39+05:30
2026/04/10 11:40:39 🔍 DEBUG: Query returned 0 task history records
2026/04/10 11:40:39 ✓ Retrieved 0 task history records and 0 worker stats
2026/04/10 11:40:39 ⚠️  Insufficient data (0 tasks < 2 required), using default parameters
2026/04/10 11:40:39 ✓ AOD parameters saved to /Users/codesmith28/personal/Projects/acc/BTEP/master/config/ga_output.json
2026/04/10 11:40:39 ✓ AOD parameters saved to MongoDB collection RTS_WEIGHTS
2026/04/10 11:40:39 ✅ AOD training cycle completed successfully
2026/04/10 11:41:06 ✓ RTS: Reloaded GA parameters from mongodb collection RTS_WEIGHTS
2026/04/10 11:41:36 ✓ RTS: Reloaded GA parameters from mongodb collection RTS_WEIGHTS
2026/04/10 11:41:39 🧬 Starting AOD training cycle...
2026/04/10 11:41:39 🧬 Starting AOD training cycle...
2026/04/10 11:41:39 📊 Fetching task history from 2026-04-09T11:41:39+05:30 to 2026-04-10T11:41:39+05:30
2026/04/10 11:41:39 🔍 DEBUG: Querying TASKS collection for completed_at between 2026-04-09T11:41:39+05:30 and 2026-04-10T11:41:39+05:30
2026/04/10 11:41:39 🔍 DEBUG: Query returned 0 task history records
2026/04/10 11:41:39 📊 Fetching worker stats from 2026-04-09T11:41:39+05:30 to 2026-04-10T11:41:39+05:30
2026/04/10 11:41:39 🔍 DEBUG: Querying TASKS collection for completed_at between 2026-04-09T11:41:39+05:30 and 2026-04-10T11:41:39+05:30
2026/04/10 11:41:39 🔍 DEBUG: Query returned 0 task history records
2026/04/10 11:41:39 ✓ Retrieved 0 task history records and 0 worker stats
2026/04/10 11:41:39 ⚠️  Insufficient data (0 tasks < 2 required), using default parameters
2026/04/10 11:41:39 ✓ AOD parameters saved to /Users/codesmith28/personal/Projects/acc/BTEP/master/config/ga_output.json
2026/04/10 11:41:39 ✓ AOD parameters saved to MongoDB collection RTS_WEIGHTS
2026/04/10 11:41:39 ✅ AOD training cycle completed successfully
2026/04/10 11:42:06 ✓ RTS: Reloaded GA parameters from mongodb collection RTS_WEIGHTS
2026/04/10 11:42:36 ✓ RTS: Reloaded GA parameters from mongodb collection RTS_WEIGHTS
2026/04/10 11:42:39 🧬 Starting AOD training cycle...
2026/04/10 11:42:39 🧬 Starting AOD training cycle...
2026/04/10 11:42:39 📊 Fetching task history from 2026-04-09T11:42:39+05:30 to 2026-04-10T11:42:39+05:30
2026/04/10 11:42:39 🔍 DEBUG: Querying TASKS collection for completed_at between 2026-04-09T11:42:39+05:30 and 2026-04-10T11:42:39+05:30
2026/04/10 11:42:39 🔍 DEBUG: Query returned 0 task history records
2026/04/10 11:42:39 📊 Fetching worker stats from 2026-04-09T11:42:39+05:30 to 2026-04-10T11:42:39+05:30
2026/04/10 11:42:39 🔍 DEBUG: Querying TASKS collection for completed_at between 2026-04-09T11:42:39+05:30 and 2026-04-10T11:42:39+05:30
2026/04/10 11:42:39 🔍 DEBUG: Query returned 0 task history records
2026/04/10 11:42:39 ✓ Retrieved 0 task history records and 0 worker stats
2026/04/10 11:42:39 ⚠️  Insufficient data (0 tasks < 2 required), using default parameters
2026/04/10 11:42:39 ✓ AOD parameters saved to /Users/codesmith28/personal/Projects/acc/BTEP/master/config/ga_output.json
2026/04/10 11:42:39 ✓ AOD parameters saved to MongoDB collection RTS_WEIGHTS
2026/04/10 11:42:39 ✅ AOD training cycle completed successfully
2026/04/10 11:43:06 ✓ RTS: Reloaded GA parameters from mongodb collection RTS_WEIGHTS
2026/04/10 11:43:36 ✓ RTS: Reloaded GA parameters from mongodb collection RTS_WEIGHTS
2026/04/10 11:43:39 🧬 Starting AOD training cycle...
2026/04/10 11:43:39 🧬 Starting AOD training cycle...
2026/04/10 11:43:39 📊 Fetching task history from 2026-04-09T11:43:39+05:30 to 2026-04-10T11:43:39+05:30
2026/04/10 11:43:39 🔍 DEBUG: Querying TASKS collection for completed_at between 2026-04-09T11:43:39+05:30 and 2026-04-10T11:43:39+05:30
2026/04/10 11:43:39 🔍 DEBUG: Query returned 0 task history records
2026/04/10 11:43:39 📊 Fetching worker stats from 2026-04-09T11:43:39+05:30 to 2026-04-10T11:43:39+05:30
2026/04/10 11:43:39 🔍 DEBUG: Querying TASKS collection for completed_at between 2026-04-09T11:43:39+05:30 and 2026-04-10T11:43:39+05:30
2026/04/10 11:43:39 🔍 DEBUG: Query returned 0 task history records
2026/04/10 11:43:39 ✓ Retrieved 0 task history records and 0 worker stats
2026/04/10 11:43:39 ⚠️  Insufficient data (0 tasks < 2 required), using default parameters
2026/04/10 11:43:39 ✓ AOD parameters saved to /Users/codesmith28/personal/Projects/acc/BTEP/master/config/ga_output.json
2026/04/10 11:43:39 ✓ AOD parameters saved to MongoDB collection RTS_WEIGHTS
2026/04/10 11:43:39 ✅ AOD training cycle completed successfully
2026/04/10 11:44:06 ✓ RTS: Reloaded GA parameters from mongodb collection RTS_WEIGHTS
2026/04/10 11:44:36 ✓ RTS: Reloaded GA parameters from mongodb collection RTS_WEIGHTS
2026/04/10 11:44:39 🧬 Starting AOD training cycle...
2026/04/10 11:44:39 🧬 Starting AOD training cycle...
2026/04/10 11:44:39 📊 Fetching task history from 2026-04-09T11:44:39+05:30 to 2026-04-10T11:44:39+05:30
2026/04/10 11:44:39 🔍 DEBUG: Querying TASKS collection for completed_at between 2026-04-09T11:44:39+05:30 and 2026-04-10T11:44:39+05:30
2026/04/10 11:44:39 🔍 DEBUG: Query returned 0 task history records
2026/04/10 11:44:39 📊 Fetching worker stats from 2026-04-09T11:44:39+05:30 to 2026-04-10T11:44:39+05:30
2026/04/10 11:44:39 🔍 DEBUG: Querying TASKS collection for completed_at between 2026-04-09T11:44:39+05:30 and 2026-04-10T11:44:39+05:30
2026/04/10 11:44:39 🔍 DEBUG: Query returned 0 task history records
2026/04/10 11:44:39 ✓ Retrieved 0 task history records and 0 worker stats
2026/04/10 11:44:39 ⚠️  Insufficient data (0 tasks < 2 required), using default parameters
2026/04/10 11:44:39 ✓ AOD parameters saved to /Users/codesmith28/personal/Projects/acc/BTEP/master/config/ga_output.json
2026/04/10 11:44:39 ✓ AOD parameters saved to MongoDB collection RTS_WEIGHTS
2026/04/10 11:44:39 ✅ AOD training cycle completed successfully
2026/04/10 11:45:06 ✓ RTS: Reloaded GA parameters from mongodb collection RTS_WEIGHTS
2026/04/10 11:45:36 ✓ RTS: Reloaded GA parameters from mongodb collection RTS_WEIGHTS
2026/04/10 11:45:39 🧬 Starting AOD training cycle...
2026/04/10 11:45:39 🧬 Starting AOD training cycle...
2026/04/10 11:45:39 📊 Fetching task history from 2026-04-09T11:45:39+05:30 to 2026-04-10T11:45:39+05:30
2026/04/10 11:45:39 🔍 DEBUG: Querying TASKS collection for completed_at between 2026-04-09T11:45:39+05:30 and 2026-04-10T11:45:39+05:30
2026/04/10 11:45:39 🔍 DEBUG: Query returned 0 task history records
2026/04/10 11:45:39 📊 Fetching worker stats from 2026-04-09T11:45:39+05:30 to 2026-04-10T11:45:39+05:30
2026/04/10 11:45:39 🔍 DEBUG: Querying TASKS collection for completed_at between 2026-04-09T11:45:39+05:30 and 2026-04-10T11:45:39+05:30
2026/04/10 11:45:39 🔍 DEBUG: Query returned 0 task history records
2026/04/10 11:45:39 ✓ Retrieved 0 task history records and 0 worker stats
2026/04/10 11:45:39 ⚠️  Insufficient data (0 tasks < 2 required), using default parameters
2026/04/10 11:45:39 ✓ AOD parameters saved to /Users/codesmith28/personal/Projects/acc/BTEP/master/config/ga_output.json
2026/04/10 11:45:39 ✓ AOD parameters saved to MongoDB collection RTS_WEIGHTS
2026/04/10 11:45:39 ✅ AOD training cycle completed successfully
2026/04/10 11:46:06 ✓ RTS: Reloaded GA parameters from mongodb collection RTS_WEIGHTS
2026/04/10 11:46:36 ✓ RTS: Reloaded GA parameters from mongodb collection RTS_WEIGHTS
2026/04/10 11:46:39 🧬 Starting AOD training cycle...
2026/04/10 11:46:39 🧬 Starting AOD training cycle...
2026/04/10 11:46:39 📊 Fetching task history from 2026-04-09T11:46:39+05:30 to 2026-04-10T11:46:39+05:30
2026/04/10 11:46:39 🔍 DEBUG: Querying TASKS collection for completed_at between 2026-04-09T11:46:39+05:30 and 2026-04-10T11:46:39+05:30
2026/04/10 11:46:39 🔍 DEBUG: Query returned 0 task history records
2026/04/10 11:46:39 📊 Fetching worker stats from 2026-04-09T11:46:39+05:30 to 2026-04-10T11:46:39+05:30
2026/04/10 11:46:39 🔍 DEBUG: Querying TASKS collection for completed_at between 2026-04-09T11:46:39+05:30 and 2026-04-10T11:46:39+05:30
2026/04/10 11:46:39 🔍 DEBUG: Query returned 0 task history records
2026/04/10 11:46:39 ✓ Retrieved 0 task history records and 0 worker stats
2026/04/10 11:46:39 ⚠️  Insufficient data (0 tasks < 2 required), using default parameters
2026/04/10 11:46:39 ✓ AOD parameters saved to /Users/codesmith28/personal/Projects/acc/BTEP/master/config/ga_output.json
2026/04/10 11:46:39 ✓ AOD parameters saved to MongoDB collection RTS_WEIGHTS
2026/04/10 11:46:39 ✅ AOD training cycle completed successfully
2026/04/10 11:47:06 ✓ RTS: Reloaded GA parameters from mongodb collection RTS_WEIGHTS
2026/04/10 11:47:36 ✓ RTS: Reloaded GA parameters from mongodb collection RTS_WEIGHTS
2026/04/10 11:47:39 🧬 Starting AOD training cycle...
2026/04/10 11:47:39 🧬 Starting AOD training cycle...
2026/04/10 11:47:39 📊 Fetching task history from 2026-04-09T11:47:39+05:30 to 2026-04-10T11:47:39+05:30
2026/04/10 11:47:39 🔍 DEBUG: Querying TASKS collection for completed_at between 2026-04-09T11:47:39+05:30 and 2026-04-10T11:47:39+05:30
2026/04/10 11:47:39 🔍 DEBUG: Query returned 0 task history records
2026/04/10 11:47:39 📊 Fetching worker stats from 2026-04-09T11:47:39+05:30 to 2026-04-10T11:47:39+05:30
2026/04/10 11:47:39 🔍 DEBUG: Querying TASKS collection for completed_at between 2026-04-09T11:47:39+05:30 and 2026-04-10T11:47:39+05:30
2026/04/10 11:47:39 🔍 DEBUG: Query returned 0 task history records
2026/04/10 11:47:39 ✓ Retrieved 0 task history records and 0 worker stats
2026/04/10 11:47:39 ⚠️  Insufficient data (0 tasks < 2 required), using default parameters
2026/04/10 11:47:39 ✓ AOD parameters saved to /Users/codesmith28/personal/Projects/acc/BTEP/master/config/ga_output.json
2026/04/10 11:47:39 ✓ AOD parameters saved to MongoDB collection RTS_WEIGHTS
2026/04/10 11:47:39 ✅ AOD training cycle completed successfully
2026/04/10 11:48:06 ✓ RTS: Reloaded GA parameters from mongodb collection RTS_WEIGHTS
2026/04/10 11:48:36 ✓ RTS: Reloaded GA parameters from mongodb collection RTS_WEIGHTS
2026/04/10 11:48:39 🧬 Starting AOD training cycle...
2026/04/10 11:48:39 🧬 Starting AOD training cycle...
2026/04/10 11:48:39 📊 Fetching task history from 2026-04-09T11:48:39+05:30 to 2026-04-10T11:48:39+05:30
2026/04/10 11:48:39 🔍 DEBUG: Querying TASKS collection for completed_at between 2026-04-09T11:48:39+05:30 and 2026-04-10T11:48:39+05:30
2026/04/10 11:48:39 🔍 DEBUG: Query returned 0 task history records
2026/04/10 11:48:39 📊 Fetching worker stats from 2026-04-09T11:48:39+05:30 to 2026-04-10T11:48:39+05:30
2026/04/10 11:48:39 🔍 DEBUG: Querying TASKS collection for completed_at between 2026-04-09T11:48:39+05:30 and 2026-04-10T11:48:39+05:30
2026/04/10 11:48:39 🔍 DEBUG: Query returned 0 task history records
2026/04/10 11:48:39 ✓ Retrieved 0 task history records and 0 worker stats
2026/04/10 11:48:39 ⚠️  Insufficient data (0 tasks < 2 required), using default parameters
2026/04/10 11:48:39 ✓ AOD parameters saved to /Users/codesmith28/personal/Projects/acc/BTEP/master/config/ga_output.json
2026/04/10 11:48:39 ✓ AOD parameters saved to MongoDB collection RTS_WEIGHTS
2026/04/10 11:48:39 ✅ AOD training cycle completed successfully
2026/04/10 11:49:06 ✓ RTS: Reloaded GA parameters from mongodb collection RTS_WEIGHTS
2026/04/10 11:49:36 ✓ RTS: Reloaded GA parameters from mongodb collection RTS_WEIGHTS
2026/04/10 11:49:39 🧬 Starting AOD training cycle...
2026/04/10 11:49:39 🧬 Starting AOD training cycle...
2026/04/10 11:49:39 📊 Fetching task history from 2026-04-09T11:49:39+05:30 to 2026-04-10T11:49:39+05:30
2026/04/10 11:49:39 🔍 DEBUG: Querying TASKS collection for completed_at between 2026-04-09T11:49:39+05:30 and 2026-04-10T11:49:39+05:30
2026/04/10 11:49:39 🔍 DEBUG: Query returned 0 task history records
2026/04/10 11:49:39 📊 Fetching worker stats from 2026-04-09T11:49:39+05:30 to 2026-04-10T11:49:39+05:30
2026/04/10 11:49:39 🔍 DEBUG: Querying TASKS collection for completed_at between 2026-04-09T11:49:39+05:30 and 2026-04-10T11:49:39+05:30
2026/04/10 11:49:39 🔍 DEBUG: Query returned 0 task history records
2026/04/10 11:49:39 ✓ Retrieved 0 task history records and 0 worker stats
2026/04/10 11:49:39 ⚠️  Insufficient data (0 tasks < 2 required), using default parameters
2026/04/10 11:49:39 ✓ AOD parameters saved to /Users/codesmith28/personal/Projects/acc/BTEP/master/config/ga_output.json
2026/04/10 11:49:39 ✓ AOD parameters saved to MongoDB collection RTS_WEIGHTS
2026/04/10 11:49:39 ✅ AOD training cycle completed successfully
2026/04/10 11:50:06 ✓ RTS: Reloaded GA parameters from mongodb collection RTS_WEIGHTS
2026/04/10 11:50:36 ✓ RTS: Reloaded GA parameters from mongodb collection RTS_WEIGHTS
2026/04/10 11:50:39 🧬 Starting AOD training cycle...
2026/04/10 11:50:39 🧬 Starting AOD training cycle...
2026/04/10 11:50:39 📊 Fetching task history from 2026-04-09T11:50:39+05:30 to 2026-04-10T11:50:39+05:30
2026/04/10 11:50:39 🔍 DEBUG: Querying TASKS collection for completed_at between 2026-04-09T11:50:39+05:30 and 2026-04-10T11:50:39+05:30
2026/04/10 11:50:39 🔍 DEBUG: Query returned 0 task history records
2026/04/10 11:50:39 📊 Fetching worker stats from 2026-04-09T11:50:39+05:30 to 2026-04-10T11:50:39+05:30
2026/04/10 11:50:39 🔍 DEBUG: Querying TASKS collection for completed_at between 2026-04-09T11:50:39+05:30 and 2026-04-10T11:50:39+05:30
2026/04/10 11:50:39 🔍 DEBUG: Query returned 0 task history records
2026/04/10 11:50:39 ✓ Retrieved 0 task history records and 0 worker stats
2026/04/10 11:50:39 ⚠️  Insufficient data (0 tasks < 2 required), using default parameters
2026/04/10 11:50:39 ✓ AOD parameters saved to /Users/codesmith28/personal/Projects/acc/BTEP/master/config/ga_output.json
2026/04/10 11:50:39 ✓ AOD parameters saved to MongoDB collection RTS_WEIGHTS
2026/04/10 11:50:39 ✅ AOD training cycle completed successfully
2026/04/10 11:51:06 ✓ RTS: Reloaded GA parameters from mongodb collection RTS_WEIGHTS
2026/04/10 11:51:36 ✓ RTS: Reloaded GA parameters from mongodb collection RTS_WEIGHTS
2026/04/10 11:51:39 🧬 Starting AOD training cycle...
2026/04/10 11:51:39 🧬 Starting AOD training cycle...
2026/04/10 11:51:39 📊 Fetching task history from 2026-04-09T11:51:39+05:30 to 2026-04-10T11:51:39+05:30
2026/04/10 11:51:39 🔍 DEBUG: Querying TASKS collection for completed_at between 2026-04-09T11:51:39+05:30 and 2026-04-10T11:51:39+05:30
2026/04/10 11:51:39 🔍 DEBUG: Query returned 0 task history records
2026/04/10 11:51:39 📊 Fetching worker stats from 2026-04-09T11:51:39+05:30 to 2026-04-10T11:51:39+05:30
2026/04/10 11:51:39 🔍 DEBUG: Querying TASKS collection for completed_at between 2026-04-09T11:51:39+05:30 and 2026-04-10T11:51:39+05:30
2026/04/10 11:51:39 🔍 DEBUG: Query returned 0 task history records
2026/04/10 11:51:39 ✓ Retrieved 0 task history records and 0 worker stats
2026/04/10 11:51:39 ⚠️  Insufficient data (0 tasks < 2 required), using default parameters
2026/04/10 11:51:39 ✓ AOD parameters saved to /Users/codesmith28/personal/Projects/acc/BTEP/master/config/ga_output.json
2026/04/10 11:51:39 ✓ AOD parameters saved to MongoDB collection RTS_WEIGHTS
2026/04/10 11:51:39 ✅ AOD training cycle completed successfully
2026/04/10 11:52:06 ✓ RTS: Reloaded GA parameters from mongodb collection RTS_WEIGHTS
2026/04/10 11:52:36 ✓ RTS: Reloaded GA parameters from mongodb collection RTS_WEIGHTS
2026/04/10 11:52:39 🧬 Starting AOD training cycle...
2026/04/10 11:52:39 🧬 Starting AOD training cycle...
2026/04/10 11:52:39 📊 Fetching task history from 2026-04-09T11:52:39+05:30 to 2026-04-10T11:52:39+05:30
2026/04/10 11:52:39 🔍 DEBUG: Querying TASKS collection for completed_at between 2026-04-09T11:52:39+05:30 and 2026-04-10T11:52:39+05:30
2026/04/10 11:52:39 🔍 DEBUG: Query returned 0 task history records
2026/04/10 11:52:39 📊 Fetching worker stats from 2026-04-09T11:52:39+05:30 to 2026-04-10T11:52:39+05:30
2026/04/10 11:52:39 🔍 DEBUG: Querying TASKS collection for completed_at between 2026-04-09T11:52:39+05:30 and 2026-04-10T11:52:39+05:30
2026/04/10 11:52:39 🔍 DEBUG: Query returned 0 task history records
2026/04/10 11:52:39 ✓ Retrieved 0 task history records and 0 worker stats
2026/04/10 11:52:39 ⚠️  Insufficient data (0 tasks < 2 required), using default parameters
2026/04/10 11:52:39 ✓ AOD parameters saved to /Users/codesmith28/personal/Projects/acc/BTEP/master/config/ga_output.json
2026/04/10 11:52:39 ✓ AOD parameters saved to MongoDB collection RTS_WEIGHTS
2026/04/10 11:52:39 ✅ AOD training cycle completed successfully
2026/04/10 11:53:06 ✓ RTS: Reloaded GA parameters from mongodb collection RTS_WEIGHTS
2026/04/10 11:53:36 ✓ RTS: Reloaded GA parameters from mongodb collection RTS_WEIGHTS
2026/04/10 11:53:39 🧬 Starting AOD training cycle...
2026/04/10 11:53:39 🧬 Starting AOD training cycle...
2026/04/10 11:53:39 📊 Fetching task history from 2026-04-09T11:53:39+05:30 to 2026-04-10T11:53:39+05:30
2026/04/10 11:53:39 🔍 DEBUG: Querying TASKS collection for completed_at between 2026-04-09T11:53:39+05:30 and 2026-04-10T11:53:39+05:30
2026/04/10 11:53:39 🔍 DEBUG: Query returned 0 task history records
2026/04/10 11:53:39 📊 Fetching worker stats from 2026-04-09T11:53:39+05:30 to 2026-04-10T11:53:39+05:30
2026/04/10 11:53:39 🔍 DEBUG: Querying TASKS collection for completed_at between 2026-04-09T11:53:39+05:30 and 2026-04-10T11:53:39+05:30
2026/04/10 11:53:39 🔍 DEBUG: Query returned 0 task history records
2026/04/10 11:53:39 ✓ Retrieved 0 task history records and 0 worker stats
2026/04/10 11:53:39 ⚠️  Insufficient data (0 tasks < 2 required), using default parameters
2026/04/10 11:53:39 ✓ AOD parameters saved to /Users/codesmith28/personal/Projects/acc/BTEP/master/config/ga_output.json
2026/04/10 11:53:39 ✓ AOD parameters saved to MongoDB collection RTS_WEIGHTS
2026/04/10 11:53:39 ✅ AOD training cycle completed successfully
2026/04/10 11:54:06 ✓ RTS: Reloaded GA parameters from mongodb collection RTS_WEIGHTS
2026/04/10 11:54:36 ✓ RTS: Reloaded GA parameters from mongodb collection RTS_WEIGHTS
2026/04/10 11:54:39 🧬 Starting AOD training cycle...
2026/04/10 11:54:39 🧬 Starting AOD training cycle...
2026/04/10 11:54:39 📊 Fetching task history from 2026-04-09T11:54:39+05:30 to 2026-04-10T11:54:39+05:30
2026/04/10 11:54:39 🔍 DEBUG: Querying TASKS collection for completed_at between 2026-04-09T11:54:39+05:30 and 2026-04-10T11:54:39+05:30
2026/04/10 11:54:39 🔍 DEBUG: Query returned 0 task history records
2026/04/10 11:54:39 📊 Fetching worker stats from 2026-04-09T11:54:39+05:30 to 2026-04-10T11:54:39+05:30
2026/04/10 11:54:39 🔍 DEBUG: Querying TASKS collection for completed_at between 2026-04-09T11:54:39+05:30 and 2026-04-10T11:54:39+05:30
2026/04/10 11:54:39 🔍 DEBUG: Query returned 0 task history records
2026/04/10 11:54:39 ✓ Retrieved 0 task history records and 0 worker stats
2026/04/10 11:54:39 ⚠️  Insufficient data (0 tasks < 2 required), using default parameters
2026/04/10 11:54:39 ✓ AOD parameters saved to /Users/codesmith28/personal/Projects/acc/BTEP/master/config/ga_output.json
2026/04/10 11:54:39 ✓ AOD parameters saved to MongoDB collection RTS_WEIGHTS
2026/04/10 11:54:39 ✅ AOD training cycle completed successfully
2026/04/10 11:55:06 ✓ RTS: Reloaded GA parameters from mongodb collection RTS_WEIGHTS
2026/04/10 11:55:36 ✓ RTS: Reloaded GA parameters from mongodb collection RTS_WEIGHTS
2026/04/10 11:55:39 🧬 Starting AOD training cycle...
2026/04/10 11:55:39 🧬 Starting AOD training cycle...
2026/04/10 11:55:39 📊 Fetching task history from 2026-04-09T11:55:39+05:30 to 2026-04-10T11:55:39+05:30
2026/04/10 11:55:39 🔍 DEBUG: Querying TASKS collection for completed_at between 2026-04-09T11:55:39+05:30 and 2026-04-10T11:55:39+05:30
2026/04/10 11:55:39 🔍 DEBUG: Query returned 0 task history records
2026/04/10 11:55:39 📊 Fetching worker stats from 2026-04-09T11:55:39+05:30 to 2026-04-10T11:55:39+05:30
2026/04/10 11:55:39 🔍 DEBUG: Querying TASKS collection for completed_at between 2026-04-09T11:55:39+05:30 and 2026-04-10T11:55:39+05:30
2026/04/10 11:55:39 🔍 DEBUG: Query returned 0 task history records
2026/04/10 11:55:39 ✓ Retrieved 0 task history records and 0 worker stats
2026/04/10 11:55:39 ⚠️  Insufficient data (0 tasks < 2 required), using default parameters
2026/04/10 11:55:39 ✓ AOD parameters saved to /Users/codesmith28/personal/Projects/acc/BTEP/master/config/ga_output.json
2026/04/10 11:55:39 ✓ AOD parameters saved to MongoDB collection RTS_WEIGHTS
2026/04/10 11:55:39 ✅ AOD training cycle completed successfully
2026/04/10 11:56:06 ✓ RTS: Reloaded GA parameters from mongodb collection RTS_WEIGHTS
2026/04/10 11:56:36 ✓ RTS: Reloaded GA parameters from mongodb collection RTS_WEIGHTS
2026/04/10 11:56:39 🧬 Starting AOD training cycle...
2026/04/10 11:56:39 🧬 Starting AOD training cycle...
2026/04/10 11:56:39 📊 Fetching task history from 2026-04-09T11:56:39+05:30 to 2026-04-10T11:56:39+05:30
2026/04/10 11:56:39 🔍 DEBUG: Querying TASKS collection for completed_at between 2026-04-09T11:56:39+05:30 and 2026-04-10T11:56:39+05:30
2026/04/10 11:56:39 🔍 DEBUG: Query returned 0 task history records
2026/04/10 11:56:39 📊 Fetching worker stats from 2026-04-09T11:56:39+05:30 to 2026-04-10T11:56:39+05:30
2026/04/10 11:56:39 🔍 DEBUG: Querying TASKS collection for completed_at between 2026-04-09T11:56:39+05:30 and 2026-04-10T11:56:39+05:30
2026/04/10 11:56:39 🔍 DEBUG: Query returned 0 task history records
2026/04/10 11:56:39 ✓ Retrieved 0 task history records and 0 worker stats
2026/04/10 11:56:39 ⚠️  Insufficient data (0 tasks < 2 required), using default parameters
2026/04/10 11:56:39 ✓ AOD parameters saved to /Users/codesmith28/personal/Projects/acc/BTEP/master/config/ga_output.json
2026/04/10 11:56:39 ✓ AOD parameters saved to MongoDB collection RTS_WEIGHTS
2026/04/10 11:56:39 ✅ AOD training cycle completed successfully
2026/04/10 11:57:06 ✓ RTS: Reloaded GA parameters from mongodb collection RTS_WEIGHTS
2026/04/10 11:57:36 ✓ RTS: Reloaded GA parameters from mongodb collection RTS_WEIGHTS
2026/04/10 11:57:39 🧬 Starting AOD training cycle...
2026/04/10 11:57:39 🧬 Starting AOD training cycle...
2026/04/10 11:57:39 📊 Fetching task history from 2026-04-09T11:57:39+05:30 to 2026-04-10T11:57:39+05:30
2026/04/10 11:57:39 🔍 DEBUG: Querying TASKS collection for completed_at between 2026-04-09T11:57:39+05:30 and 2026-04-10T11:57:39+05:30
2026/04/10 11:57:39 🔍 DEBUG: Query returned 0 task history records
2026/04/10 11:57:39 📊 Fetching worker stats from 2026-04-09T11:57:39+05:30 to 2026-04-10T11:57:39+05:30
2026/04/10 11:57:39 🔍 DEBUG: Querying TASKS collection for completed_at between 2026-04-09T11:57:39+05:30 and 2026-04-10T11:57:39+05:30
2026/04/10 11:57:39 🔍 DEBUG: Query returned 0 task history records
2026/04/10 11:57:39 ✓ Retrieved 0 task history records and 0 worker stats
2026/04/10 11:57:39 ⚠️  Insufficient data (0 tasks < 2 required), using default parameters
2026/04/10 11:57:39 ✓ AOD parameters saved to /Users/codesmith28/personal/Projects/acc/BTEP/master/config/ga_output.json
2026/04/10 11:57:39 ✓ AOD parameters saved to MongoDB collection RTS_WEIGHTS
2026/04/10 11:57:39 ✅ AOD training cycle completed successfully
2026/04/10 11:58:06 ✓ RTS: Reloaded GA parameters from mongodb collection RTS_WEIGHTS
2026/04/10 11:58:36 ✓ RTS: Reloaded GA parameters from mongodb collection RTS_WEIGHTS
2026/04/10 11:58:39 🧬 Starting AOD training cycle...
2026/04/10 11:58:39 🧬 Starting AOD training cycle...
2026/04/10 11:58:39 📊 Fetching task history from 2026-04-09T11:58:39+05:30 to 2026-04-10T11:58:39+05:30
2026/04/10 11:58:39 🔍 DEBUG: Querying TASKS collection for completed_at between 2026-04-09T11:58:39+05:30 and 2026-04-10T11:58:39+05:30
2026/04/10 11:58:39 🔍 DEBUG: Query returned 0 task history records
2026/04/10 11:58:39 📊 Fetching worker stats from 2026-04-09T11:58:39+05:30 to 2026-04-10T11:58:39+05:30
2026/04/10 11:58:39 🔍 DEBUG: Querying TASKS collection for completed_at between 2026-04-09T11:58:39+05:30 and 2026-04-10T11:58:39+05:30
2026/04/10 11:58:39 🔍 DEBUG: Query returned 0 task history records
2026/04/10 11:58:39 ✓ Retrieved 0 task history records and 0 worker stats
2026/04/10 11:58:39 ⚠️  Insufficient data (0 tasks < 2 required), using default parameters
2026/04/10 11:58:39 ✓ AOD parameters saved to /Users/codesmith28/personal/Projects/acc/BTEP/master/config/ga_output.json
2026/04/10 11:58:39 ✓ AOD parameters saved to MongoDB collection RTS_WEIGHTS
2026/04/10 11:58:39 ✅ AOD training cycle completed successfully
2026/04/10 11:59:06 ✓ RTS: Reloaded GA parameters from mongodb collection RTS_WEIGHTS
2026/04/10 11:59:36 ✓ RTS: Reloaded GA parameters from mongodb collection RTS_WEIGHTS
2026/04/10 11:59:39 🧬 Starting AOD training cycle...
2026/04/10 11:59:39 🧬 Starting AOD training cycle...
2026/04/10 11:59:39 📊 Fetching task history from 2026-04-09T11:59:39+05:30 to 2026-04-10T11:59:39+05:30
2026/04/10 11:59:39 🔍 DEBUG: Querying TASKS collection for completed_at between 2026-04-09T11:59:39+05:30 and 2026-04-10T11:59:39+05:30
2026/04/10 11:59:39 🔍 DEBUG: Query returned 0 task history records
2026/04/10 11:59:39 📊 Fetching worker stats from 2026-04-09T11:59:39+05:30 to 2026-04-10T11:59:39+05:30
2026/04/10 11:59:39 🔍 DEBUG: Querying TASKS collection for completed_at between 2026-04-09T11:59:39+05:30 and 2026-04-10T11:59:39+05:30
2026/04/10 11:59:39 🔍 DEBUG: Query returned 0 task history records
2026/04/10 11:59:39 ✓ Retrieved 0 task history records and 0 worker stats
2026/04/10 11:59:39 ⚠️  Insufficient data (0 tasks < 2 required), using default parameters
2026/04/10 11:59:39 ✓ AOD parameters saved to /Users/codesmith28/personal/Projects/acc/BTEP/master/config/ga_output.json
2026/04/10 11:59:39 ✓ AOD parameters saved to MongoDB collection RTS_WEIGHTS
2026/04/10 11:59:39 ✅ AOD training cycle completed successfully
2026/04/10 12:00:06 ✓ RTS: Reloaded GA parameters from mongodb collection RTS_WEIGHTS
2026/04/10 12:00:36 ✓ RTS: Reloaded GA parameters from mongodb collection RTS_WEIGHTS
2026/04/10 12:00:39 🧬 Starting AOD training cycle...
2026/04/10 12:00:39 🧬 Starting AOD training cycle...
2026/04/10 12:00:39 📊 Fetching task history from 2026-04-09T12:00:39+05:30 to 2026-04-10T12:00:39+05:30
2026/04/10 12:00:39 🔍 DEBUG: Querying TASKS collection for completed_at between 2026-04-09T12:00:39+05:30 and 2026-04-10T12:00:39+05:30
2026/04/10 12:00:39 🔍 DEBUG: Query returned 0 task history records
2026/04/10 12:00:39 📊 Fetching worker stats from 2026-04-09T12:00:39+05:30 to 2026-04-10T12:00:39+05:30
2026/04/10 12:00:39 🔍 DEBUG: Querying TASKS collection for completed_at between 2026-04-09T12:00:39+05:30 and 2026-04-10T12:00:39+05:30
2026/04/10 12:00:39 🔍 DEBUG: Query returned 0 task history records
2026/04/10 12:00:39 ✓ Retrieved 0 task history records and 0 worker stats
2026/04/10 12:00:39 ⚠️  Insufficient data (0 tasks < 2 required), using default parameters
2026/04/10 12:00:39 ✓ AOD parameters saved to /Users/codesmith28/personal/Projects/acc/BTEP/master/config/ga_output.json
2026/04/10 12:00:39 ✓ AOD parameters saved to MongoDB collection RTS_WEIGHTS
2026/04/10 12:00:39 ✅ AOD training cycle completed successfully
2026/04/10 12:01:06 ✓ RTS: Reloaded GA parameters from mongodb collection RTS_WEIGHTS
2026/04/10 12:01:36 ✓ RTS: Reloaded GA parameters from mongodb collection RTS_WEIGHTS
2026/04/10 12:01:39 🧬 Starting AOD training cycle...
2026/04/10 12:01:39 🧬 Starting AOD training cycle...
2026/04/10 12:01:39 📊 Fetching task history from 2026-04-09T12:01:39+05:30 to 2026-04-10T12:01:39+05:30
2026/04/10 12:01:39 🔍 DEBUG: Querying TASKS collection for completed_at between 2026-04-09T12:01:39+05:30 and 2026-04-10T12:01:39+05:30
2026/04/10 12:01:39 🔍 DEBUG: Query returned 0 task history records
2026/04/10 12:01:39 📊 Fetching worker stats from 2026-04-09T12:01:39+05:30 to 2026-04-10T12:01:39+05:30
2026/04/10 12:01:39 🔍 DEBUG: Querying TASKS collection for completed_at between 2026-04-09T12:01:39+05:30 and 2026-04-10T12:01:39+05:30
2026/04/10 12:01:39 🔍 DEBUG: Query returned 0 task history records
2026/04/10 12:01:39 ✓ Retrieved 0 task history records and 0 worker stats
2026/04/10 12:01:39 ⚠️  Insufficient data (0 tasks < 2 required), using default parameters
2026/04/10 12:01:39 ✓ AOD parameters saved to /Users/codesmith28/personal/Projects/acc/BTEP/master/config/ga_output.json
2026/04/10 12:01:39 ✓ AOD parameters saved to MongoDB collection RTS_WEIGHTS
2026/04/10 12:01:39 ✅ AOD training cycle completed successfully
2026/04/10 12:02:06 ✓ RTS: Reloaded GA parameters from mongodb collection RTS_WEIGHTS
2026/04/10 12:02:36 ✓ RTS: Reloaded GA parameters from mongodb collection RTS_WEIGHTS
2026/04/10 12:02:39 🧬 Starting AOD training cycle...
2026/04/10 12:02:39 🧬 Starting AOD training cycle...
2026/04/10 12:02:39 📊 Fetching task history from 2026-04-09T12:02:39+05:30 to 2026-04-10T12:02:39+05:30
2026/04/10 12:02:39 🔍 DEBUG: Querying TASKS collection for completed_at between 2026-04-09T12:02:39+05:30 and 2026-04-10T12:02:39+05:30
2026/04/10 12:02:39 🔍 DEBUG: Query returned 0 task history records
2026/04/10 12:02:39 📊 Fetching worker stats from 2026-04-09T12:02:39+05:30 to 2026-04-10T12:02:39+05:30
2026/04/10 12:02:39 🔍 DEBUG: Querying TASKS collection for completed_at between 2026-04-09T12:02:39+05:30 and 2026-04-10T12:02:39+05:30
2026/04/10 12:02:39 🔍 DEBUG: Query returned 0 task history records
2026/04/10 12:02:39 ✓ Retrieved 0 task history records and 0 worker stats
2026/04/10 12:02:39 ⚠️  Insufficient data (0 tasks < 2 required), using default parameters
2026/04/10 12:02:39 ✓ AOD parameters saved to /Users/codesmith28/personal/Projects/acc/BTEP/master/config/ga_output.json
2026/04/10 12:02:39 ✓ AOD parameters saved to MongoDB collection RTS_WEIGHTS
2026/04/10 12:02:39 ✅ AOD training cycle completed successfully
2026/04/10 12:03:06 ✓ RTS: Reloaded GA parameters from mongodb collection RTS_WEIGHTS
2026/04/10 12:03:36 ✓ RTS: Reloaded GA parameters from mongodb collection RTS_WEIGHTS
2026/04/10 12:03:39 🧬 Starting AOD training cycle...
2026/04/10 12:03:39 🧬 Starting AOD training cycle...
2026/04/10 12:03:39 📊 Fetching task history from 2026-04-09T12:03:39+05:30 to 2026-04-10T12:03:39+05:30
2026/04/10 12:03:39 🔍 DEBUG: Querying TASKS collection for completed_at between 2026-04-09T12:03:39+05:30 and 2026-04-10T12:03:39+05:30
2026/04/10 12:03:39 🔍 DEBUG: Query returned 0 task history records
2026/04/10 12:03:39 📊 Fetching worker stats from 2026-04-09T12:03:39+05:30 to 2026-04-10T12:03:39+05:30
2026/04/10 12:03:39 🔍 DEBUG: Querying TASKS collection for completed_at between 2026-04-09T12:03:39+05:30 and 2026-04-10T12:03:39+05:30
2026/04/10 12:03:39 🔍 DEBUG: Query returned 0 task history records
2026/04/10 12:03:39 ✓ Retrieved 0 task history records and 0 worker stats
2026/04/10 12:03:39 ⚠️  Insufficient data (0 tasks < 2 required), using default parameters
2026/04/10 12:03:39 ✓ AOD parameters saved to /Users/codesmith28/personal/Projects/acc/BTEP/master/config/ga_output.json
2026/04/10 12:03:39 ✓ AOD parameters saved to MongoDB collection RTS_WEIGHTS
2026/04/10 12:03:39 ✅ AOD training cycle completed successfully
2026/04/10 12:04:06 ✓ RTS: Reloaded GA parameters from mongodb collection RTS_WEIGHTS
2026/04/10 12:04:36 ✓ RTS: Reloaded GA parameters from mongodb collection RTS_WEIGHTS
2026/04/10 12:04:39 🧬 Starting AOD training cycle...
2026/04/10 12:04:39 🧬 Starting AOD training cycle...
2026/04/10 12:04:39 📊 Fetching task history from 2026-04-09T12:04:39+05:30 to 2026-04-10T12:04:39+05:30
2026/04/10 12:04:39 🔍 DEBUG: Querying TASKS collection for completed_at between 2026-04-09T12:04:39+05:30 and 2026-04-10T12:04:39+05:30
2026/04/10 12:04:39 🔍 DEBUG: Query returned 0 task history records
2026/04/10 12:04:39 📊 Fetching worker stats from 2026-04-09T12:04:39+05:30 to 2026-04-10T12:04:39+05:30
2026/04/10 12:04:39 🔍 DEBUG: Querying TASKS collection for completed_at between 2026-04-09T12:04:39+05:30 and 2026-04-10T12:04:39+05:30
2026/04/10 12:04:39 🔍 DEBUG: Query returned 0 task history records
2026/04/10 12:04:39 ✓ Retrieved 0 task history records and 0 worker stats
2026/04/10 12:04:39 ⚠️  Insufficient data (0 tasks < 2 required), using default parameters
2026/04/10 12:04:39 ✓ AOD parameters saved to /Users/codesmith28/personal/Projects/acc/BTEP/master/config/ga_output.json
2026/04/10 12:04:39 ✓ AOD parameters saved to MongoDB collection RTS_WEIGHTS
2026/04/10 12:04:39 ✅ AOD training cycle completed successfully
2026/04/10 12:05:06 ✓ RTS: Reloaded GA parameters from mongodb collection RTS_WEIGHTS
2026/04/10 12:05:36 ✓ RTS: Reloaded GA parameters from mongodb collection RTS_WEIGHTS
2026/04/10 12:05:39 🧬 Starting AOD training cycle...
2026/04/10 12:05:39 🧬 Starting AOD training cycle...
2026/04/10 12:05:39 📊 Fetching task history from 2026-04-09T12:05:39+05:30 to 2026-04-10T12:05:39+05:30
2026/04/10 12:05:39 🔍 DEBUG: Querying TASKS collection for completed_at between 2026-04-09T12:05:39+05:30 and 2026-04-10T12:05:39+05:30
2026/04/10 12:05:39 🔍 DEBUG: Query returned 0 task history records
2026/04/10 12:05:39 📊 Fetching worker stats from 2026-04-09T12:05:39+05:30 to 2026-04-10T12:05:39+05:30
2026/04/10 12:05:39 🔍 DEBUG: Querying TASKS collection for completed_at between 2026-04-09T12:05:39+05:30 and 2026-04-10T12:05:39+05:30
2026/04/10 12:05:39 🔍 DEBUG: Query returned 0 task history records
2026/04/10 12:05:39 ✓ Retrieved 0 task history records and 0 worker stats
2026/04/10 12:05:39 ⚠️  Insufficient data (0 tasks < 2 required), using default parameters
2026/04/10 12:05:39 ✓ AOD parameters saved to /Users/codesmith28/personal/Projects/acc/BTEP/master/config/ga_output.json
2026/04/10 12:05:39 ✓ AOD parameters saved to MongoDB collection RTS_WEIGHTS
2026/04/10 12:05:39 ✅ AOD training cycle completed successfully
2026/04/10 12:06:06 ✓ RTS: Reloaded GA parameters from mongodb collection RTS_WEIGHTS
2026/04/10 12:06:36 ✓ RTS: Reloaded GA parameters from mongodb collection RTS_WEIGHTS
2026/04/10 12:06:39 🧬 Starting AOD training cycle...
2026/04/10 12:06:39 🧬 Starting AOD training cycle...
2026/04/10 12:06:39 📊 Fetching task history from 2026-04-09T12:06:39+05:30 to 2026-04-10T12:06:39+05:30
2026/04/10 12:06:39 🔍 DEBUG: Querying TASKS collection for completed_at between 2026-04-09T12:06:39+05:30 and 2026-04-10T12:06:39+05:30
2026/04/10 12:06:39 🔍 DEBUG: Query returned 0 task history records
2026/04/10 12:06:39 📊 Fetching worker stats from 2026-04-09T12:06:39+05:30 to 2026-04-10T12:06:39+05:30
2026/04/10 12:06:39 🔍 DEBUG: Querying TASKS collection for completed_at between 2026-04-09T12:06:39+05:30 and 2026-04-10T12:06:39+05:30
2026/04/10 12:06:39 🔍 DEBUG: Query returned 0 task history records
2026/04/10 12:06:39 ✓ Retrieved 0 task history records and 0 worker stats
2026/04/10 12:06:39 ⚠️  Insufficient data (0 tasks < 2 required), using default parameters
2026/04/10 12:06:39 ✓ AOD parameters saved to /Users/codesmith28/personal/Projects/acc/BTEP/master/config/ga_output.json
2026/04/10 12:06:39 ✓ AOD parameters saved to MongoDB collection RTS_WEIGHTS
2026/04/10 12:06:39 ✅ AOD training cycle completed successfully
2026/04/10 12:07:06 ✓ RTS: Reloaded GA parameters from mongodb collection RTS_WEIGHTS
2026/04/10 12:07:36 ✓ RTS: Reloaded GA parameters from mongodb collection RTS_WEIGHTS
2026/04/10 12:07:39 🧬 Starting AOD training cycle...
2026/04/10 12:07:39 🧬 Starting AOD training cycle...
2026/04/10 12:07:39 📊 Fetching task history from 2026-04-09T12:07:39+05:30 to 2026-04-10T12:07:39+05:30
2026/04/10 12:07:39 🔍 DEBUG: Querying TASKS collection for completed_at between 2026-04-09T12:07:39+05:30 and 2026-04-10T12:07:39+05:30
2026/04/10 12:07:39 🔍 DEBUG: Query returned 0 task history records
2026/04/10 12:07:39 📊 Fetching worker stats from 2026-04-09T12:07:39+05:30 to 2026-04-10T12:07:39+05:30
2026/04/10 12:07:39 🔍 DEBUG: Querying TASKS collection for completed_at between 2026-04-09T12:07:39+05:30 and 2026-04-10T12:07:39+05:30
2026/04/10 12:07:39 🔍 DEBUG: Query returned 0 task history records
2026/04/10 12:07:39 ✓ Retrieved 0 task history records and 0 worker stats
2026/04/10 12:07:39 ⚠️  Insufficient data (0 tasks < 2 required), using default parameters
2026/04/10 12:07:39 ✓ AOD parameters saved to /Users/codesmith28/personal/Projects/acc/BTEP/master/config/ga_output.json
2026/04/10 12:07:39 ✓ AOD parameters saved to MongoDB collection RTS_WEIGHTS
2026/04/10 12:07:39 ✅ AOD training cycle completed successfully
2026/04/10 12:08:06 ✓ RTS: Reloaded GA parameters from mongodb collection RTS_WEIGHTS
2026/04/10 12:08:36 ✓ RTS: Reloaded GA parameters from mongodb collection RTS_WEIGHTS
2026/04/10 12:08:39 🧬 Starting AOD training cycle...
2026/04/10 12:08:39 🧬 Starting AOD training cycle...
2026/04/10 12:08:39 📊 Fetching task history from 2026-04-09T12:08:39+05:30 to 2026-04-10T12:08:39+05:30
2026/04/10 12:08:39 🔍 DEBUG: Querying TASKS collection for completed_at between 2026-04-09T12:08:39+05:30 and 2026-04-10T12:08:39+05:30
2026/04/10 12:08:39 🔍 DEBUG: Query returned 0 task history records
2026/04/10 12:08:39 📊 Fetching worker stats from 2026-04-09T12:08:39+05:30 to 2026-04-10T12:08:39+05:30
2026/04/10 12:08:39 🔍 DEBUG: Querying TASKS collection for completed_at between 2026-04-09T12:08:39+05:30 and 2026-04-10T12:08:39+05:30
2026/04/10 12:08:39 🔍 DEBUG: Query returned 0 task history records
2026/04/10 12:08:39 ✓ Retrieved 0 task history records and 0 worker stats
2026/04/10 12:08:39 ⚠️  Insufficient data (0 tasks < 2 required), using default parameters
2026/04/10 12:08:39 ✓ AOD parameters saved to /Users/codesmith28/personal/Projects/acc/BTEP/master/config/ga_output.json
2026/04/10 12:08:39 ✓ AOD parameters saved to MongoDB collection RTS_WEIGHTS
2026/04/10 12:08:39 ✅ AOD training cycle completed successfully
2026/04/10 12:09:06 ✓ RTS: Reloaded GA parameters from mongodb collection RTS_WEIGHTS
2026/04/10 12:09:36 ✓ RTS: Reloaded GA parameters from mongodb collection RTS_WEIGHTS
2026/04/10 12:09:39 🧬 Starting AOD training cycle...
2026/04/10 12:09:39 🧬 Starting AOD training cycle...
2026/04/10 12:09:39 📊 Fetching task history from 2026-04-09T12:09:39+05:30 to 2026-04-10T12:09:39+05:30
2026/04/10 12:09:39 🔍 DEBUG: Querying TASKS collection for completed_at between 2026-04-09T12:09:39+05:30 and 2026-04-10T12:09:39+05:30
2026/04/10 12:09:39 🔍 DEBUG: Query returned 0 task history records
2026/04/10 12:09:39 📊 Fetching worker stats from 2026-04-09T12:09:39+05:30 to 2026-04-10T12:09:39+05:30
2026/04/10 12:09:39 🔍 DEBUG: Querying TASKS collection for completed_at between 2026-04-09T12:09:39+05:30 and 2026-04-10T12:09:39+05:30
2026/04/10 12:09:39 🔍 DEBUG: Query returned 0 task history records
2026/04/10 12:09:39 ✓ Retrieved 0 task history records and 0 worker stats
2026/04/10 12:09:39 ⚠️  Insufficient data (0 tasks < 2 required), using default parameters
2026/04/10 12:09:39 ✓ AOD parameters saved to /Users/codesmith28/personal/Projects/acc/BTEP/master/config/ga_output.json
2026/04/10 12:09:39 ✓ AOD parameters saved to MongoDB collection RTS_WEIGHTS
2026/04/10 12:09:39 ✅ AOD training cycle completed successfully
2026/04/10 12:10:06 ✓ RTS: Reloaded GA parameters from mongodb collection RTS_WEIGHTS
2026/04/10 12:10:36 ✓ RTS: Reloaded GA parameters from mongodb collection RTS_WEIGHTS
2026/04/10 12:10:39 🧬 Starting AOD training cycle...
2026/04/10 12:10:39 🧬 Starting AOD training cycle...
2026/04/10 12:10:39 📊 Fetching task history from 2026-04-09T12:10:39+05:30 to 2026-04-10T12:10:39+05:30
2026/04/10 12:10:39 🔍 DEBUG: Querying TASKS collection for completed_at between 2026-04-09T12:10:39+05:30 and 2026-04-10T12:10:39+05:30
2026/04/10 12:10:39 🔍 DEBUG: Query returned 0 task history records
2026/04/10 12:10:39 📊 Fetching worker stats from 2026-04-09T12:10:39+05:30 to 2026-04-10T12:10:39+05:30
2026/04/10 12:10:39 🔍 DEBUG: Querying TASKS collection for completed_at between 2026-04-09T12:10:39+05:30 and 2026-04-10T12:10:39+05:30
2026/04/10 12:10:39 🔍 DEBUG: Query returned 0 task history records
2026/04/10 12:10:39 ✓ Retrieved 0 task history records and 0 worker stats
2026/04/10 12:10:39 ⚠️  Insufficient data (0 tasks < 2 required), using default parameters
2026/04/10 12:10:39 ✓ AOD parameters saved to /Users/codesmith28/personal/Projects/acc/BTEP/master/config/ga_output.json
2026/04/10 12:10:39 ✓ AOD parameters saved to MongoDB collection RTS_WEIGHTS
2026/04/10 12:10:39 ✅ AOD training cycle completed successfully
2026/04/10 12:11:06 ✓ RTS: Reloaded GA parameters from mongodb collection RTS_WEIGHTS
2026/04/10 12:11:36 ✓ RTS: Reloaded GA parameters from mongodb collection RTS_WEIGHTS
2026/04/10 12:11:39 🧬 Starting AOD training cycle...
2026/04/10 12:11:39 🧬 Starting AOD training cycle...
2026/04/10 12:11:39 📊 Fetching task history from 2026-04-09T12:11:39+05:30 to 2026-04-10T12:11:39+05:30
2026/04/10 12:11:39 🔍 DEBUG: Querying TASKS collection for completed_at between 2026-04-09T12:11:39+05:30 and 2026-04-10T12:11:39+05:30
2026/04/10 12:11:39 🔍 DEBUG: Query returned 0 task history records
2026/04/10 12:11:39 📊 Fetching worker stats from 2026-04-09T12:11:39+05:30 to 2026-04-10T12:11:39+05:30
2026/04/10 12:11:39 🔍 DEBUG: Querying TASKS collection for completed_at between 2026-04-09T12:11:39+05:30 and 2026-04-10T12:11:39+05:30
2026/04/10 12:11:39 🔍 DEBUG: Query returned 0 task history records
2026/04/10 12:11:39 ✓ Retrieved 0 task history records and 0 worker stats
2026/04/10 12:11:39 ⚠️  Insufficient data (0 tasks < 2 required), using default parameters
2026/04/10 12:11:39 ✓ AOD parameters saved to /Users/codesmith28/personal/Projects/acc/BTEP/master/config/ga_output.json
2026/04/10 12:11:39 ✓ AOD parameters saved to MongoDB collection RTS_WEIGHTS
2026/04/10 12:11:39 ✅ AOD training cycle completed successfully
2026/04/10 12:12:06 ✓ RTS: Reloaded GA parameters from mongodb collection RTS_WEIGHTS
2026/04/10 12:12:36 ✓ RTS: Reloaded GA parameters from mongodb collection RTS_WEIGHTS
2026/04/10 12:12:39 🧬 Starting AOD training cycle...
2026/04/10 12:12:39 🧬 Starting AOD training cycle...
2026/04/10 12:12:39 📊 Fetching task history from 2026-04-09T12:12:39+05:30 to 2026-04-10T12:12:39+05:30
2026/04/10 12:12:39 🔍 DEBUG: Querying TASKS collection for completed_at between 2026-04-09T12:12:39+05:30 and 2026-04-10T12:12:39+05:30
2026/04/10 12:12:39 🔍 DEBUG: Query returned 0 task history records
2026/04/10 12:12:39 📊 Fetching worker stats from 2026-04-09T12:12:39+05:30 to 2026-04-10T12:12:39+05:30
2026/04/10 12:12:39 🔍 DEBUG: Querying TASKS collection for completed_at between 2026-04-09T12:12:39+05:30 and 2026-04-10T12:12:39+05:30
2026/04/10 12:12:39 🔍 DEBUG: Query returned 0 task history records
2026/04/10 12:12:39 ✓ Retrieved 0 task history records and 0 worker stats
2026/04/10 12:12:39 ⚠️  Insufficient data (0 tasks < 2 required), using default parameters
2026/04/10 12:12:39 ✓ AOD parameters saved to /Users/codesmith28/personal/Projects/acc/BTEP/master/config/ga_output.json
2026/04/10 12:12:39 ✓ AOD parameters saved to MongoDB collection RTS_WEIGHTS
2026/04/10 12:12:39 ✅ AOD training cycle completed successfully
2026/04/10 12:13:06 ✓ RTS: Reloaded GA parameters from mongodb collection RTS_WEIGHTS
2026/04/10 12:13:36 ✓ RTS: Reloaded GA parameters from mongodb collection RTS_WEIGHTS
2026/04/10 12:13:39 🧬 Starting AOD training cycle...
2026/04/10 12:13:39 🧬 Starting AOD training cycle...
2026/04/10 12:13:39 📊 Fetching task history from 2026-04-09T12:13:39+05:30 to 2026-04-10T12:13:39+05:30
2026/04/10 12:13:39 🔍 DEBUG: Querying TASKS collection for completed_at between 2026-04-09T12:13:39+05:30 and 2026-04-10T12:13:39+05:30
2026/04/10 12:13:39 🔍 DEBUG: Query returned 0 task history records
2026/04/10 12:13:39 📊 Fetching worker stats from 2026-04-09T12:13:39+05:30 to 2026-04-10T12:13:39+05:30
2026/04/10 12:13:39 🔍 DEBUG: Querying TASKS collection for completed_at between 2026-04-09T12:13:39+05:30 and 2026-04-10T12:13:39+05:30
2026/04/10 12:13:39 🔍 DEBUG: Query returned 0 task history records
2026/04/10 12:13:39 ✓ Retrieved 0 task history records and 0 worker stats
2026/04/10 12:13:39 ⚠️  Insufficient data (0 tasks < 2 required), using default parameters
2026/04/10 12:13:39 ✓ AOD parameters saved to /Users/codesmith28/personal/Projects/acc/BTEP/master/config/ga_output.json
2026/04/10 12:13:39 ✓ AOD parameters saved to MongoDB collection RTS_WEIGHTS
2026/04/10 12:13:39 ✅ AOD training cycle completed successfully
2026/04/10 12:14:06 ✓ RTS: Reloaded GA parameters from mongodb collection RTS_WEIGHTS
2026/04/10 12:14:36 ✓ RTS: Reloaded GA parameters from mongodb collection RTS_WEIGHTS
2026/04/10 12:14:39 🧬 Starting AOD training cycle...
2026/04/10 12:14:39 🧬 Starting AOD training cycle...
2026/04/10 12:14:39 📊 Fetching task history from 2026-04-09T12:14:39+05:30 to 2026-04-10T12:14:39+05:30
2026/04/10 12:14:39 🔍 DEBUG: Querying TASKS collection for completed_at between 2026-04-09T12:14:39+05:30 and 2026-04-10T12:14:39+05:30
2026/04/10 12:14:39 🔍 DEBUG: Query returned 0 task history records
2026/04/10 12:14:39 📊 Fetching worker stats from 2026-04-09T12:14:39+05:30 to 2026-04-10T12:14:39+05:30
2026/04/10 12:14:39 🔍 DEBUG: Querying TASKS collection for completed_at between 2026-04-09T12:14:39+05:30 and 2026-04-10T12:14:39+05:30
2026/04/10 12:14:39 🔍 DEBUG: Query returned 0 task history records
2026/04/10 12:14:39 ✓ Retrieved 0 task history records and 0 worker stats
2026/04/10 12:14:39 ⚠️  Insufficient data (0 tasks < 2 required), using default parameters
2026/04/10 12:14:39 ✓ AOD parameters saved to /Users/codesmith28/personal/Projects/acc/BTEP/master/config/ga_output.json
2026/04/10 12:14:39 ✓ AOD parameters saved to MongoDB collection RTS_WEIGHTS
2026/04/10 12:14:39 ✅ AOD training cycle completed successfully
2026/04/10 12:15:06 ✓ RTS: Reloaded GA parameters from mongodb collection RTS_WEIGHTS
2026/04/10 12:15:36 ✓ RTS: Reloaded GA parameters from mongodb collection RTS_WEIGHTS
2026/04/10 12:15:39 🧬 Starting AOD training cycle...
2026/04/10 12:15:39 🧬 Starting AOD training cycle...
2026/04/10 12:15:39 📊 Fetching task history from 2026-04-09T12:15:39+05:30 to 2026-04-10T12:15:39+05:30
2026/04/10 12:15:39 🔍 DEBUG: Querying TASKS collection for completed_at between 2026-04-09T12:15:39+05:30 and 2026-04-10T12:15:39+05:30
2026/04/10 12:15:39 🔍 DEBUG: Query returned 0 task history records
2026/04/10 12:15:39 📊 Fetching worker stats from 2026-04-09T12:15:39+05:30 to 2026-04-10T12:15:39+05:30
2026/04/10 12:15:39 🔍 DEBUG: Querying TASKS collection for completed_at between 2026-04-09T12:15:39+05:30 and 2026-04-10T12:15:39+05:30
2026/04/10 12:15:39 🔍 DEBUG: Query returned 0 task history records
2026/04/10 12:15:39 ✓ Retrieved 0 task history records and 0 worker stats
2026/04/10 12:15:39 ⚠️  Insufficient data (0 tasks < 2 required), using default parameters
2026/04/10 12:15:39 ✓ AOD parameters saved to /Users/codesmith28/personal/Projects/acc/BTEP/master/config/ga_output.json
2026/04/10 12:15:39 ✓ AOD parameters saved to MongoDB collection RTS_WEIGHTS
2026/04/10 12:15:39 ✅ AOD training cycle completed successfully
2026/04/10 12:16:06 ✓ RTS: Reloaded GA parameters from mongodb collection RTS_WEIGHTS
2026/04/10 12:16:36 ✓ RTS: Reloaded GA parameters from mongodb collection RTS_WEIGHTS
2026/04/10 12:16:39 🧬 Starting AOD training cycle...
2026/04/10 12:16:39 🧬 Starting AOD training cycle...
2026/04/10 12:16:39 📊 Fetching task history from 2026-04-09T12:16:39+05:30 to 2026-04-10T12:16:39+05:30
2026/04/10 12:16:39 🔍 DEBUG: Querying TASKS collection for completed_at between 2026-04-09T12:16:39+05:30 and 2026-04-10T12:16:39+05:30
2026/04/10 12:16:39 🔍 DEBUG: Query returned 0 task history records
2026/04/10 12:16:39 📊 Fetching worker stats from 2026-04-09T12:16:39+05:30 to 2026-04-10T12:16:39+05:30
2026/04/10 12:16:39 🔍 DEBUG: Querying TASKS collection for completed_at between 2026-04-09T12:16:39+05:30 and 2026-04-10T12:16:39+05:30
2026/04/10 12:16:39 🔍 DEBUG: Query returned 0 task history records
2026/04/10 12:16:39 ✓ Retrieved 0 task history records and 0 worker stats
2026/04/10 12:16:39 ⚠️  Insufficient data (0 tasks < 2 required), using default parameters
2026/04/10 12:16:39 ✓ AOD parameters saved to /Users/codesmith28/personal/Projects/acc/BTEP/master/config/ga_output.json
2026/04/10 12:16:39 ✓ AOD parameters saved to MongoDB collection RTS_WEIGHTS
2026/04/10 12:16:39 ✅ AOD training cycle completed successfully
2026/04/10 12:17:06 ✓ RTS: Reloaded GA parameters from mongodb collection RTS_WEIGHTS
2026/04/10 12:17:36 ✓ RTS: Reloaded GA parameters from mongodb collection RTS_WEIGHTS
2026/04/10 12:17:39 🧬 Starting AOD training cycle...
2026/04/10 12:17:39 🧬 Starting AOD training cycle...
2026/04/10 12:17:39 📊 Fetching task history from 2026-04-09T12:17:39+05:30 to 2026-04-10T12:17:39+05:30
2026/04/10 12:17:39 🔍 DEBUG: Querying TASKS collection for completed_at between 2026-04-09T12:17:39+05:30 and 2026-04-10T12:17:39+05:30
2026/04/10 12:17:39 🔍 DEBUG: Query returned 0 task history records
2026/04/10 12:17:39 📊 Fetching worker stats from 2026-04-09T12:17:39+05:30 to 2026-04-10T12:17:39+05:30
2026/04/10 12:17:39 🔍 DEBUG: Querying TASKS collection for completed_at between 2026-04-09T12:17:39+05:30 and 2026-04-10T12:17:39+05:30
2026/04/10 12:17:39 🔍 DEBUG: Query returned 0 task history records
2026/04/10 12:17:39 ✓ Retrieved 0 task history records and 0 worker stats
2026/04/10 12:17:39 ⚠️  Insufficient data (0 tasks < 2 required), using default parameters
2026/04/10 12:17:39 ✓ AOD parameters saved to /Users/codesmith28/personal/Projects/acc/BTEP/master/config/ga_output.json
2026/04/10 12:17:39 ✓ AOD parameters saved to MongoDB collection RTS_WEIGHTS
2026/04/10 12:17:39 ✅ AOD training cycle completed successfully
2026/04/10 12:18:06 ✓ RTS: Reloaded GA parameters from mongodb collection RTS_WEIGHTS
2026/04/10 12:18:36 ✓ RTS: Reloaded GA parameters from mongodb collection RTS_WEIGHTS
2026/04/10 12:18:39 🧬 Starting AOD training cycle...
2026/04/10 12:18:39 🧬 Starting AOD training cycle...
2026/04/10 12:18:39 📊 Fetching task history from 2026-04-09T12:18:39+05:30 to 2026-04-10T12:18:39+05:30
2026/04/10 12:18:39 🔍 DEBUG: Querying TASKS collection for completed_at between 2026-04-09T12:18:39+05:30 and 2026-04-10T12:18:39+05:30
2026/04/10 12:18:39 🔍 DEBUG: Query returned 0 task history records
2026/04/10 12:18:39 📊 Fetching worker stats from 2026-04-09T12:18:39+05:30 to 2026-04-10T12:18:39+05:30
2026/04/10 12:18:39 🔍 DEBUG: Querying TASKS collection for completed_at between 2026-04-09T12:18:39+05:30 and 2026-04-10T12:18:39+05:30
2026/04/10 12:18:39 🔍 DEBUG: Query returned 0 task history records
2026/04/10 12:18:39 ✓ Retrieved 0 task history records and 0 worker stats
2026/04/10 12:18:39 ⚠️  Insufficient data (0 tasks < 2 required), using default parameters
2026/04/10 12:18:39 ✓ AOD parameters saved to /Users/codesmith28/personal/Projects/acc/BTEP/master/config/ga_output.json
2026/04/10 12:18:39 ✓ AOD parameters saved to MongoDB collection RTS_WEIGHTS
2026/04/10 12:18:39 ✅ AOD training cycle completed successfully
2026/04/10 12:19:06 ✓ RTS: Reloaded GA parameters from mongodb collection RTS_WEIGHTS
2026/04/10 12:19:36 ✓ RTS: Reloaded GA parameters from mongodb collection RTS_WEIGHTS
2026/04/10 12:19:39 🧬 Starting AOD training cycle...
2026/04/10 12:19:39 🧬 Starting AOD training cycle...
2026/04/10 12:19:39 📊 Fetching task history from 2026-04-09T12:19:39+05:30 to 2026-04-10T12:19:39+05:30
2026/04/10 12:19:39 🔍 DEBUG: Querying TASKS collection for completed_at between 2026-04-09T12:19:39+05:30 and 2026-04-10T12:19:39+05:30
2026/04/10 12:19:39 🔍 DEBUG: Query returned 0 task history records
2026/04/10 12:19:39 📊 Fetching worker stats from 2026-04-09T12:19:39+05:30 to 2026-04-10T12:19:39+05:30
2026/04/10 12:19:39 🔍 DEBUG: Querying TASKS collection for completed_at between 2026-04-09T12:19:39+05:30 and 2026-04-10T12:19:39+05:30
2026/04/10 12:19:39 🔍 DEBUG: Query returned 0 task history records
2026/04/10 12:19:39 ✓ Retrieved 0 task history records and 0 worker stats
2026/04/10 12:19:39 ⚠️  Insufficient data (0 tasks < 2 required), using default parameters
2026/04/10 12:19:39 ✓ AOD parameters saved to /Users/codesmith28/personal/Projects/acc/BTEP/master/config/ga_output.json
2026/04/10 12:19:39 ✓ AOD parameters saved to MongoDB collection RTS_WEIGHTS
2026/04/10 12:19:39 ✅ AOD training cycle completed successfully
2026/04/10 12:20:06 ✓ RTS: Reloaded GA parameters from mongodb collection RTS_WEIGHTS
2026/04/10 12:20:36 ✓ RTS: Reloaded GA parameters from mongodb collection RTS_WEIGHTS
2026/04/10 12:20:39 🧬 Starting AOD training cycle...
2026/04/10 12:20:39 🧬 Starting AOD training cycle...
2026/04/10 12:20:39 📊 Fetching task history from 2026-04-09T12:20:39+05:30 to 2026-04-10T12:20:39+05:30
2026/04/10 12:20:39 🔍 DEBUG: Querying TASKS collection for completed_at between 2026-04-09T12:20:39+05:30 and 2026-04-10T12:20:39+05:30
2026/04/10 12:20:39 🔍 DEBUG: Query returned 0 task history records
2026/04/10 12:20:39 📊 Fetching worker stats from 2026-04-09T12:20:39+05:30 to 2026-04-10T12:20:39+05:30
2026/04/10 12:20:39 🔍 DEBUG: Querying TASKS collection for completed_at between 2026-04-09T12:20:39+05:30 and 2026-04-10T12:20:39+05:30
2026/04/10 12:20:39 🔍 DEBUG: Query returned 0 task history records
2026/04/10 12:20:39 ✓ Retrieved 0 task history records and 0 worker stats
2026/04/10 12:20:39 ⚠️  Insufficient data (0 tasks < 2 required), using default parameters
2026/04/10 12:20:39 ✓ AOD parameters saved to /Users/codesmith28/personal/Projects/acc/BTEP/master/config/ga_output.json
2026/04/10 12:20:39 ✓ AOD parameters saved to MongoDB collection RTS_WEIGHTS
2026/04/10 12:20:39 ✅ AOD training cycle completed successfully
2026/04/10 12:21:06 ✓ RTS: Reloaded GA parameters from mongodb collection RTS_WEIGHTS
2026/04/10 12:21:36 ✓ RTS: Reloaded GA parameters from mongodb collection RTS_WEIGHTS
2026/04/10 12:21:39 🧬 Starting AOD training cycle...
2026/04/10 12:21:39 🧬 Starting AOD training cycle...
2026/04/10 12:21:39 📊 Fetching task history from 2026-04-09T12:21:39+05:30 to 2026-04-10T12:21:39+05:30
2026/04/10 12:21:39 🔍 DEBUG: Querying TASKS collection for completed_at between 2026-04-09T12:21:39+05:30 and 2026-04-10T12:21:39+05:30
2026/04/10 12:21:39 🔍 DEBUG: Query returned 0 task history records
2026/04/10 12:21:39 📊 Fetching worker stats from 2026-04-09T12:21:39+05:30 to 2026-04-10T12:21:39+05:30
2026/04/10 12:21:39 🔍 DEBUG: Querying TASKS collection for completed_at between 2026-04-09T12:21:39+05:30 and 2026-04-10T12:21:39+05:30
2026/04/10 12:21:39 🔍 DEBUG: Query returned 0 task history records
2026/04/10 12:21:39 ✓ Retrieved 0 task history records and 0 worker stats
2026/04/10 12:21:39 ⚠️  Insufficient data (0 tasks < 2 required), using default parameters
2026/04/10 12:21:39 ✓ AOD parameters saved to /Users/codesmith28/personal/Projects/acc/BTEP/master/config/ga_output.json
2026/04/10 12:21:39 ✓ AOD parameters saved to MongoDB collection RTS_WEIGHTS
2026/04/10 12:21:39 ✅ AOD training cycle completed successfully
2026/04/10 12:22:06 ✓ RTS: Reloaded GA parameters from mongodb collection RTS_WEIGHTS
2026/04/10 12:22:36 ✓ RTS: Reloaded GA parameters from mongodb collection RTS_WEIGHTS
2026/04/10 12:22:39 🧬 Starting AOD training cycle...
2026/04/10 12:22:39 🧬 Starting AOD training cycle...
2026/04/10 12:22:39 📊 Fetching task history from 2026-04-09T12:22:39+05:30 to 2026-04-10T12:22:39+05:30
2026/04/10 12:22:39 🔍 DEBUG: Querying TASKS collection for completed_at between 2026-04-09T12:22:39+05:30 and 2026-04-10T12:22:39+05:30
2026/04/10 12:22:39 🔍 DEBUG: Query returned 0 task history records
2026/04/10 12:22:39 📊 Fetching worker stats from 2026-04-09T12:22:39+05:30 to 2026-04-10T12:22:39+05:30
2026/04/10 12:22:39 🔍 DEBUG: Querying TASKS collection for completed_at between 2026-04-09T12:22:39+05:30 and 2026-04-10T12:22:39+05:30
2026/04/10 12:22:39 🔍 DEBUG: Query returned 0 task history records
2026/04/10 12:22:39 ✓ Retrieved 0 task history records and 0 worker stats
2026/04/10 12:22:39 ⚠️  Insufficient data (0 tasks < 2 required), using default parameters
2026/04/10 12:22:39 ✓ AOD parameters saved to /Users/codesmith28/personal/Projects/acc/BTEP/master/config/ga_output.json
2026/04/10 12:22:39 ✓ AOD parameters saved to MongoDB collection RTS_WEIGHTS
2026/04/10 12:22:39 ✅ AOD training cycle completed successfully
2026/04/10 12:23:06 ✓ RTS: Reloaded GA parameters from mongodb collection RTS_WEIGHTS
2026/04/10 12:23:36 ✓ RTS: Reloaded GA parameters from mongodb collection RTS_WEIGHTS
2026/04/10 12:23:39 🧬 Starting AOD training cycle...
2026/04/10 12:23:39 🧬 Starting AOD training cycle...
2026/04/10 12:23:39 📊 Fetching task history from 2026-04-09T12:23:39+05:30 to 2026-04-10T12:23:39+05:30
2026/04/10 12:23:39 🔍 DEBUG: Querying TASKS collection for completed_at between 2026-04-09T12:23:39+05:30 and 2026-04-10T12:23:39+05:30
2026/04/10 12:23:39 🔍 DEBUG: Query returned 0 task history records
2026/04/10 12:23:39 📊 Fetching worker stats from 2026-04-09T12:23:39+05:30 to 2026-04-10T12:23:39+05:30
2026/04/10 12:23:39 🔍 DEBUG: Querying TASKS collection for completed_at between 2026-04-09T12:23:39+05:30 and 2026-04-10T12:23:39+05:30
2026/04/10 12:23:39 🔍 DEBUG: Query returned 0 task history records
2026/04/10 12:23:39 ✓ Retrieved 0 task history records and 0 worker stats
2026/04/10 12:23:39 ⚠️  Insufficient data (0 tasks < 2 required), using default parameters
2026/04/10 12:23:39 ✓ AOD parameters saved to /Users/codesmith28/personal/Projects/acc/BTEP/master/config/ga_output.json
2026/04/10 12:23:39 ✓ AOD parameters saved to MongoDB collection RTS_WEIGHTS
2026/04/10 12:23:39 ✅ AOD training cycle completed successfully
2026/04/10 12:24:06 ✓ RTS: Reloaded GA parameters from mongodb collection RTS_WEIGHTS
2026/04/10 12:24:36 ✓ RTS: Reloaded GA parameters from mongodb collection RTS_WEIGHTS
2026/04/10 12:24:39 🧬 Starting AOD training cycle...
2026/04/10 12:24:39 🧬 Starting AOD training cycle...
2026/04/10 12:24:39 📊 Fetching task history from 2026-04-09T12:24:39+05:30 to 2026-04-10T12:24:39+05:30
2026/04/10 12:24:39 🔍 DEBUG: Querying TASKS collection for completed_at between 2026-04-09T12:24:39+05:30 and 2026-04-10T12:24:39+05:30
2026/04/10 12:24:39 🔍 DEBUG: Query returned 0 task history records
2026/04/10 12:24:39 📊 Fetching worker stats from 2026-04-09T12:24:39+05:30 to 2026-04-10T12:24:39+05:30
2026/04/10 12:24:39 🔍 DEBUG: Querying TASKS collection for completed_at between 2026-04-09T12:24:39+05:30 and 2026-04-10T12:24:39+05:30
2026/04/10 12:24:39 🔍 DEBUG: Query returned 0 task history records
2026/04/10 12:24:39 ✓ Retrieved 0 task history records and 0 worker stats
2026/04/10 12:24:39 ⚠️  Insufficient data (0 tasks < 2 required), using default parameters
2026/04/10 12:24:39 ✓ AOD parameters saved to /Users/codesmith28/personal/Projects/acc/BTEP/master/config/ga_output.json
2026/04/10 12:24:39 ✓ AOD parameters saved to MongoDB collection RTS_WEIGHTS
2026/04/10 12:24:39 ✅ AOD training cycle completed successfully
2026/04/10 12:25:06 ✓ RTS: Reloaded GA parameters from mongodb collection RTS_WEIGHTS
2026/04/10 12:25:36 ✓ RTS: Reloaded GA parameters from mongodb collection RTS_WEIGHTS
2026/04/10 12:25:39 🧬 Starting AOD training cycle...
2026/04/10 12:25:39 🧬 Starting AOD training cycle...
2026/04/10 12:25:39 📊 Fetching task history from 2026-04-09T12:25:39+05:30 to 2026-04-10T12:25:39+05:30
2026/04/10 12:25:39 🔍 DEBUG: Querying TASKS collection for completed_at between 2026-04-09T12:25:39+05:30 and 2026-04-10T12:25:39+05:30
2026/04/10 12:25:39 🔍 DEBUG: Query returned 0 task history records
2026/04/10 12:25:39 📊 Fetching worker stats from 2026-04-09T12:25:39+05:30 to 2026-04-10T12:25:39+05:30
2026/04/10 12:25:39 🔍 DEBUG: Querying TASKS collection for completed_at between 2026-04-09T12:25:39+05:30 and 2026-04-10T12:25:39+05:30
2026/04/10 12:25:39 🔍 DEBUG: Query returned 0 task history records
2026/04/10 12:25:39 ✓ Retrieved 0 task history records and 0 worker stats
2026/04/10 12:25:39 ⚠️  Insufficient data (0 tasks < 2 required), using default parameters
2026/04/10 12:25:39 ✓ AOD parameters saved to /Users/codesmith28/personal/Projects/acc/BTEP/master/config/ga_output.json
2026/04/10 12:25:39 ✓ AOD parameters saved to MongoDB collection RTS_WEIGHTS
2026/04/10 12:25:39 ✅ AOD training cycle completed successfully
2026/04/10 12:26:06 ✓ RTS: Reloaded GA parameters from mongodb collection RTS_WEIGHTS
2026/04/10 12:26:36 ✓ RTS: Reloaded GA parameters from mongodb collection RTS_WEIGHTS
2026/04/10 12:26:39 🧬 Starting AOD training cycle...
2026/04/10 12:26:39 🧬 Starting AOD training cycle...
2026/04/10 12:26:39 📊 Fetching task history from 2026-04-09T12:26:39+05:30 to 2026-04-10T12:26:39+05:30
2026/04/10 12:26:39 🔍 DEBUG: Querying TASKS collection for completed_at between 2026-04-09T12:26:39+05:30 and 2026-04-10T12:26:39+05:30
2026/04/10 12:26:39 🔍 DEBUG: Query returned 0 task history records
2026/04/10 12:26:39 📊 Fetching worker stats from 2026-04-09T12:26:39+05:30 to 2026-04-10T12:26:39+05:30
2026/04/10 12:26:39 🔍 DEBUG: Querying TASKS collection for completed_at between 2026-04-09T12:26:39+05:30 and 2026-04-10T12:26:39+05:30
2026/04/10 12:26:39 🔍 DEBUG: Query returned 0 task history records
2026/04/10 12:26:39 ✓ Retrieved 0 task history records and 0 worker stats
2026/04/10 12:26:39 ⚠️  Insufficient data (0 tasks < 2 required), using default parameters
2026/04/10 12:26:39 ✓ AOD parameters saved to /Users/codesmith28/personal/Projects/acc/BTEP/master/config/ga_output.json
2026/04/10 12:26:39 ✓ AOD parameters saved to MongoDB collection RTS_WEIGHTS
2026/04/10 12:26:39 ✅ AOD training cycle completed successfully
2026/04/10 12:27:06 ✓ RTS: Reloaded GA parameters from mongodb collection RTS_WEIGHTS
2026/04/10 12:27:36 ✓ RTS: Reloaded GA parameters from mongodb collection RTS_WEIGHTS
2026/04/10 12:27:39 🧬 Starting AOD training cycle...
2026/04/10 12:27:39 🧬 Starting AOD training cycle...
2026/04/10 12:27:39 📊 Fetching task history from 2026-04-09T12:27:39+05:30 to 2026-04-10T12:27:39+05:30
2026/04/10 12:27:39 🔍 DEBUG: Querying TASKS collection for completed_at between 2026-04-09T12:27:39+05:30 and 2026-04-10T12:27:39+05:30
2026/04/10 12:27:39 🔍 DEBUG: Query returned 0 task history records
2026/04/10 12:27:39 📊 Fetching worker stats from 2026-04-09T12:27:39+05:30 to 2026-04-10T12:27:39+05:30
2026/04/10 12:27:39 🔍 DEBUG: Querying TASKS collection for completed_at between 2026-04-09T12:27:39+05:30 and 2026-04-10T12:27:39+05:30
2026/04/10 12:27:39 🔍 DEBUG: Query returned 0 task history records
2026/04/10 12:27:39 ✓ Retrieved 0 task history records and 0 worker stats
2026/04/10 12:27:39 ⚠️  Insufficient data (0 tasks < 2 required), using default parameters
2026/04/10 12:27:39 ✓ AOD parameters saved to /Users/codesmith28/personal/Projects/acc/BTEP/master/config/ga_output.json
2026/04/10 12:27:39 ✓ AOD parameters saved to MongoDB collection RTS_WEIGHTS
2026/04/10 12:27:39 ✅ AOD training cycle completed successfully
2026/04/10 12:28:06 ✓ RTS: Reloaded GA parameters from mongodb collection RTS_WEIGHTS
2026/04/10 12:28:36 ✓ RTS: Reloaded GA parameters from mongodb collection RTS_WEIGHTS
2026/04/10 12:28:39 🧬 Starting AOD training cycle...
2026/04/10 12:28:39 🧬 Starting AOD training cycle...
2026/04/10 12:28:39 📊 Fetching task history from 2026-04-09T12:28:39+05:30 to 2026-04-10T12:28:39+05:30
2026/04/10 12:28:39 🔍 DEBUG: Querying TASKS collection for completed_at between 2026-04-09T12:28:39+05:30 and 2026-04-10T12:28:39+05:30
2026/04/10 12:28:39 🔍 DEBUG: Query returned 0 task history records
2026/04/10 12:28:39 📊 Fetching worker stats from 2026-04-09T12:28:39+05:30 to 2026-04-10T12:28:39+05:30
2026/04/10 12:28:39 🔍 DEBUG: Querying TASKS collection for completed_at between 2026-04-09T12:28:39+05:30 and 2026-04-10T12:28:39+05:30
2026/04/10 12:28:39 🔍 DEBUG: Query returned 0 task history records
2026/04/10 12:28:39 ✓ Retrieved 0 task history records and 0 worker stats
2026/04/10 12:28:39 ⚠️  Insufficient data (0 tasks < 2 required), using default parameters
2026/04/10 12:28:39 ✓ AOD parameters saved to /Users/codesmith28/personal/Projects/acc/BTEP/master/config/ga_output.json
2026/04/10 12:28:39 ✓ AOD parameters saved to MongoDB collection RTS_WEIGHTS
2026/04/10 12:28:39 ✅ AOD training cycle completed successfully
2026/04/10 12:29:06 ✓ RTS: Reloaded GA parameters from mongodb collection RTS_WEIGHTS
2026/04/10 12:29:36 ✓ RTS: Reloaded GA parameters from mongodb collection RTS_WEIGHTS
2026/04/10 12:29:39 🧬 Starting AOD training cycle...
2026/04/10 12:29:39 🧬 Starting AOD training cycle...
2026/04/10 12:29:39 📊 Fetching task history from 2026-04-09T12:29:39+05:30 to 2026-04-10T12:29:39+05:30
2026/04/10 12:29:39 🔍 DEBUG: Querying TASKS collection for completed_at between 2026-04-09T12:29:39+05:30 and 2026-04-10T12:29:39+05:30
2026/04/10 12:29:39 🔍 DEBUG: Query returned 0 task history records
2026/04/10 12:29:39 📊 Fetching worker stats from 2026-04-09T12:29:39+05:30 to 2026-04-10T12:29:39+05:30
2026/04/10 12:29:39 🔍 DEBUG: Querying TASKS collection for completed_at between 2026-04-09T12:29:39+05:30 and 2026-04-10T12:29:39+05:30
2026/04/10 12:29:39 🔍 DEBUG: Query returned 0 task history records
2026/04/10 12:29:39 ✓ Retrieved 0 task history records and 0 worker stats
2026/04/10 12:29:39 ⚠️  Insufficient data (0 tasks < 2 required), using default parameters
2026/04/10 12:29:39 ✓ AOD parameters saved to /Users/codesmith28/personal/Projects/acc/BTEP/master/config/ga_output.json
2026/04/10 12:29:39 ✓ AOD parameters saved to MongoDB collection RTS_WEIGHTS
2026/04/10 12:29:39 ✅ AOD training cycle completed successfully
2026/04/10 12:30:06 ✓ RTS: Reloaded GA parameters from mongodb collection RTS_WEIGHTS
2026/04/10 12:30:36 ✓ RTS: Reloaded GA parameters from mongodb collection RTS_WEIGHTS
2026/04/10 12:30:39 🧬 Starting AOD training cycle...
2026/04/10 12:30:39 🧬 Starting AOD training cycle...
2026/04/10 12:30:39 📊 Fetching task history from 2026-04-09T12:30:39+05:30 to 2026-04-10T12:30:39+05:30
2026/04/10 12:30:39 🔍 DEBUG: Querying TASKS collection for completed_at between 2026-04-09T12:30:39+05:30 and 2026-04-10T12:30:39+05:30
2026/04/10 12:30:39 🔍 DEBUG: Query returned 0 task history records
2026/04/10 12:30:39 📊 Fetching worker stats from 2026-04-09T12:30:39+05:30 to 2026-04-10T12:30:39+05:30
2026/04/10 12:30:39 🔍 DEBUG: Querying TASKS collection for completed_at between 2026-04-09T12:30:39+05:30 and 2026-04-10T12:30:39+05:30
2026/04/10 12:30:39 🔍 DEBUG: Query returned 0 task history records
2026/04/10 12:30:39 ✓ Retrieved 0 task history records and 0 worker stats
2026/04/10 12:30:39 ⚠️  Insufficient data (0 tasks < 2 required), using default parameters
2026/04/10 12:30:39 ✓ AOD parameters saved to /Users/codesmith28/personal/Projects/acc/BTEP/master/config/ga_output.json
2026/04/10 12:30:39 ✓ AOD parameters saved to MongoDB collection RTS_WEIGHTS
2026/04/10 12:30:39 ✅ AOD training cycle completed successfully
2026/04/10 12:31:06 ✓ RTS: Reloaded GA parameters from mongodb collection RTS_WEIGHTS
2026/04/10 12:31:36 ✓ RTS: Reloaded GA parameters from mongodb collection RTS_WEIGHTS
2026/04/10 12:31:39 🧬 Starting AOD training cycle...
2026/04/10 12:31:39 🧬 Starting AOD training cycle...
2026/04/10 12:31:39 📊 Fetching task history from 2026-04-09T12:31:39+05:30 to 2026-04-10T12:31:39+05:30
2026/04/10 12:31:39 🔍 DEBUG: Querying TASKS collection for completed_at between 2026-04-09T12:31:39+05:30 and 2026-04-10T12:31:39+05:30
2026/04/10 12:31:39 🔍 DEBUG: Query returned 0 task history records
2026/04/10 12:31:39 📊 Fetching worker stats from 2026-04-09T12:31:39+05:30 to 2026-04-10T12:31:39+05:30
2026/04/10 12:31:39 🔍 DEBUG: Querying TASKS collection for completed_at between 2026-04-09T12:31:39+05:30 and 2026-04-10T12:31:39+05:30
2026/04/10 12:31:39 🔍 DEBUG: Query returned 0 task history records
2026/04/10 12:31:39 ✓ Retrieved 0 task history records and 0 worker stats
2026/04/10 12:31:39 ⚠️  Insufficient data (0 tasks < 2 required), using default parameters
2026/04/10 12:31:39 ✓ AOD parameters saved to /Users/codesmith28/personal/Projects/acc/BTEP/master/config/ga_output.json
2026/04/10 12:31:39 ✓ AOD parameters saved to MongoDB collection RTS_WEIGHTS
2026/04/10 12:31:39 ✅ AOD training cycle completed successfully
2026/04/10 12:32:06 ✓ RTS: Reloaded GA parameters from mongodb collection RTS_WEIGHTS
2026/04/10 12:32:36 ✓ RTS: Reloaded GA parameters from mongodb collection RTS_WEIGHTS
2026/04/10 12:32:39 🧬 Starting AOD training cycle...
2026/04/10 12:32:39 🧬 Starting AOD training cycle...
2026/04/10 12:32:39 📊 Fetching task history from 2026-04-09T12:32:39+05:30 to 2026-04-10T12:32:39+05:30
2026/04/10 12:32:39 🔍 DEBUG: Querying TASKS collection for completed_at between 2026-04-09T12:32:39+05:30 and 2026-04-10T12:32:39+05:30
2026/04/10 12:32:39 🔍 DEBUG: Query returned 0 task history records
2026/04/10 12:32:39 📊 Fetching worker stats from 2026-04-09T12:32:39+05:30 to 2026-04-10T12:32:39+05:30
2026/04/10 12:32:39 🔍 DEBUG: Querying TASKS collection for completed_at between 2026-04-09T12:32:39+05:30 and 2026-04-10T12:32:39+05:30
2026/04/10 12:32:39 🔍 DEBUG: Query returned 0 task history records
2026/04/10 12:32:39 ✓ Retrieved 0 task history records and 0 worker stats
2026/04/10 12:32:39 ⚠️  Insufficient data (0 tasks < 2 required), using default parameters
2026/04/10 12:32:39 ✓ AOD parameters saved to /Users/codesmith28/personal/Projects/acc/BTEP/master/config/ga_output.json
2026/04/10 12:32:39 ✓ AOD parameters saved to MongoDB collection RTS_WEIGHTS
2026/04/10 12:32:39 ✅ AOD training cycle completed successfully
2026/04/10 12:33:06 ✓ RTS: Reloaded GA parameters from mongodb collection RTS_WEIGHTS
2026/04/10 12:33:36 ✓ RTS: Reloaded GA parameters from mongodb collection RTS_WEIGHTS
2026/04/10 12:33:39 🧬 Starting AOD training cycle...
2026/04/10 12:33:39 🧬 Starting AOD training cycle...
2026/04/10 12:33:39 📊 Fetching task history from 2026-04-09T12:33:39+05:30 to 2026-04-10T12:33:39+05:30
2026/04/10 12:33:39 🔍 DEBUG: Querying TASKS collection for completed_at between 2026-04-09T12:33:39+05:30 and 2026-04-10T12:33:39+05:30
2026/04/10 12:33:39 🔍 DEBUG: Query returned 0 task history records
2026/04/10 12:33:39 📊 Fetching worker stats from 2026-04-09T12:33:39+05:30 to 2026-04-10T12:33:39+05:30
2026/04/10 12:33:39 🔍 DEBUG: Querying TASKS collection for completed_at between 2026-04-09T12:33:39+05:30 and 2026-04-10T12:33:39+05:30
2026/04/10 12:33:39 🔍 DEBUG: Query returned 0 task history records
2026/04/10 12:33:39 ✓ Retrieved 0 task history records and 0 worker stats
2026/04/10 12:33:39 ⚠️  Insufficient data (0 tasks < 2 required), using default parameters
2026/04/10 12:33:39 ✓ AOD parameters saved to /Users/codesmith28/personal/Projects/acc/BTEP/master/config/ga_output.json
2026/04/10 12:33:39 ✓ AOD parameters saved to MongoDB collection RTS_WEIGHTS
2026/04/10 12:33:39 ✅ AOD training cycle completed successfully
2026/04/10 12:34:06 ✓ RTS: Reloaded GA parameters from mongodb collection RTS_WEIGHTS
2026/04/10 12:34:36 ✓ RTS: Reloaded GA parameters from mongodb collection RTS_WEIGHTS
2026/04/10 12:34:39 🧬 Starting AOD training cycle...
2026/04/10 12:34:39 🧬 Starting AOD training cycle...
2026/04/10 12:34:39 📊 Fetching task history from 2026-04-09T12:34:39+05:30 to 2026-04-10T12:34:39+05:30
2026/04/10 12:34:39 🔍 DEBUG: Querying TASKS collection for completed_at between 2026-04-09T12:34:39+05:30 and 2026-04-10T12:34:39+05:30
2026/04/10 12:34:39 🔍 DEBUG: Query returned 0 task history records
2026/04/10 12:34:39 📊 Fetching worker stats from 2026-04-09T12:34:39+05:30 to 2026-04-10T12:34:39+05:30
2026/04/10 12:34:39 🔍 DEBUG: Querying TASKS collection for completed_at between 2026-04-09T12:34:39+05:30 and 2026-04-10T12:34:39+05:30
2026/04/10 12:34:39 🔍 DEBUG: Query returned 0 task history records
2026/04/10 12:34:39 ✓ Retrieved 0 task history records and 0 worker stats
2026/04/10 12:34:39 ⚠️  Insufficient data (0 tasks < 2 required), using default parameters
2026/04/10 12:34:39 ✓ AOD parameters saved to /Users/codesmith28/personal/Projects/acc/BTEP/master/config/ga_output.json
2026/04/10 12:34:39 ✓ AOD parameters saved to MongoDB collection RTS_WEIGHTS
2026/04/10 12:34:39 ✅ AOD training cycle completed successfully
2026/04/10 12:35:06 ✓ RTS: Reloaded GA parameters from mongodb collection RTS_WEIGHTS
2026/04/10 12:35:36 ✓ RTS: Reloaded GA parameters from mongodb collection RTS_WEIGHTS
2026/04/10 12:35:39 🧬 Starting AOD training cycle...
2026/04/10 12:35:39 🧬 Starting AOD training cycle...
2026/04/10 12:35:39 📊 Fetching task history from 2026-04-09T12:35:39+05:30 to 2026-04-10T12:35:39+05:30
2026/04/10 12:35:39 🔍 DEBUG: Querying TASKS collection for completed_at between 2026-04-09T12:35:39+05:30 and 2026-04-10T12:35:39+05:30
2026/04/10 12:35:39 🔍 DEBUG: Query returned 0 task history records
2026/04/10 12:35:39 📊 Fetching worker stats from 2026-04-09T12:35:39+05:30 to 2026-04-10T12:35:39+05:30
2026/04/10 12:35:39 🔍 DEBUG: Querying TASKS collection for completed_at between 2026-04-09T12:35:39+05:30 and 2026-04-10T12:35:39+05:30
2026/04/10 12:35:39 🔍 DEBUG: Query returned 0 task history records
2026/04/10 12:35:39 ✓ Retrieved 0 task history records and 0 worker stats
2026/04/10 12:35:39 ⚠️  Insufficient data (0 tasks < 2 required), using default parameters
2026/04/10 12:35:39 ✓ AOD parameters saved to /Users/codesmith28/personal/Projects/acc/BTEP/master/config/ga_output.json
2026/04/10 12:35:39 ✓ AOD parameters saved to MongoDB collection RTS_WEIGHTS
2026/04/10 12:35:39 ✅ AOD training cycle completed successfully
2026/04/10 12:36:06 ✓ RTS: Reloaded GA parameters from mongodb collection RTS_WEIGHTS
2026/04/10 12:36:36 ✓ RTS: Reloaded GA parameters from mongodb collection RTS_WEIGHTS
2026/04/10 12:36:39 🧬 Starting AOD training cycle...
2026/04/10 12:36:39 🧬 Starting AOD training cycle...
2026/04/10 12:36:39 📊 Fetching task history from 2026-04-09T12:36:39+05:30 to 2026-04-10T12:36:39+05:30
2026/04/10 12:36:39 🔍 DEBUG: Querying TASKS collection for completed_at between 2026-04-09T12:36:39+05:30 and 2026-04-10T12:36:39+05:30
2026/04/10 12:36:39 🔍 DEBUG: Query returned 0 task history records
2026/04/10 12:36:39 📊 Fetching worker stats from 2026-04-09T12:36:39+05:30 to 2026-04-10T12:36:39+05:30
2026/04/10 12:36:39 🔍 DEBUG: Querying TASKS collection for completed_at between 2026-04-09T12:36:39+05:30 and 2026-04-10T12:36:39+05:30
2026/04/10 12:36:39 🔍 DEBUG: Query returned 0 task history records
2026/04/10 12:36:39 ✓ Retrieved 0 task history records and 0 worker stats
2026/04/10 12:36:39 ⚠️  Insufficient data (0 tasks < 2 required), using default parameters
2026/04/10 12:36:39 ✓ AOD parameters saved to /Users/codesmith28/personal/Projects/acc/BTEP/master/config/ga_output.json
2026/04/10 12:36:39 ✓ AOD parameters saved to MongoDB collection RTS_WEIGHTS
2026/04/10 12:36:39 ✅ AOD training cycle completed successfully
2026/04/10 12:37:06 ✓ RTS: Reloaded GA parameters from mongodb collection RTS_WEIGHTS
2026/04/10 12:37:36 ✓ RTS: Reloaded GA parameters from mongodb collection RTS_WEIGHTS
2026/04/10 12:37:39 🧬 Starting AOD training cycle...
2026/04/10 12:37:39 🧬 Starting AOD training cycle...
2026/04/10 12:37:39 📊 Fetching task history from 2026-04-09T12:37:39+05:30 to 2026-04-10T12:37:39+05:30
2026/04/10 12:37:39 🔍 DEBUG: Querying TASKS collection for completed_at between 2026-04-09T12:37:39+05:30 and 2026-04-10T12:37:39+05:30
2026/04/10 12:37:39 🔍 DEBUG: Query returned 0 task history records
2026/04/10 12:37:39 📊 Fetching worker stats from 2026-04-09T12:37:39+05:30 to 2026-04-10T12:37:39+05:30
2026/04/10 12:37:39 🔍 DEBUG: Querying TASKS collection for completed_at between 2026-04-09T12:37:39+05:30 and 2026-04-10T12:37:39+05:30
2026/04/10 12:37:39 🔍 DEBUG: Query returned 0 task history records
2026/04/10 12:37:39 ✓ Retrieved 0 task history records and 0 worker stats
2026/04/10 12:37:39 ⚠️  Insufficient data (0 tasks < 2 required), using default parameters
2026/04/10 12:37:39 ✓ AOD parameters saved to /Users/codesmith28/personal/Projects/acc/BTEP/master/config/ga_output.json
2026/04/10 12:37:39 ✓ AOD parameters saved to MongoDB collection RTS_WEIGHTS
2026/04/10 12:37:39 ✅ AOD training cycle completed successfully
2026/04/10 12:38:06 ✓ RTS: Reloaded GA parameters from mongodb collection RTS_WEIGHTS
2026/04/10 12:38:36 ✓ RTS: Reloaded GA parameters from mongodb collection RTS_WEIGHTS
2026/04/10 12:38:39 🧬 Starting AOD training cycle...
2026/04/10 12:38:39 🧬 Starting AOD training cycle...
2026/04/10 12:38:39 📊 Fetching task history from 2026-04-09T12:38:39+05:30 to 2026-04-10T12:38:39+05:30
2026/04/10 12:38:39 🔍 DEBUG: Querying TASKS collection for completed_at between 2026-04-09T12:38:39+05:30 and 2026-04-10T12:38:39+05:30
2026/04/10 12:38:39 🔍 DEBUG: Query returned 0 task history records
2026/04/10 12:38:39 📊 Fetching worker stats from 2026-04-09T12:38:39+05:30 to 2026-04-10T12:38:39+05:30
2026/04/10 12:38:39 🔍 DEBUG: Querying TASKS collection for completed_at between 2026-04-09T12:38:39+05:30 and 2026-04-10T12:38:39+05:30
2026/04/10 12:38:39 🔍 DEBUG: Query returned 0 task history records
2026/04/10 12:38:39 ✓ Retrieved 0 task history records and 0 worker stats
2026/04/10 12:38:39 ⚠️  Insufficient data (0 tasks < 2 required), using default parameters
2026/04/10 12:38:39 ✓ AOD parameters saved to /Users/codesmith28/personal/Projects/acc/BTEP/master/config/ga_output.json
2026/04/10 12:38:39 ✓ AOD parameters saved to MongoDB collection RTS_WEIGHTS
2026/04/10 12:38:39 ✅ AOD training cycle completed successfully
2026/04/10 12:39:06 ✓ RTS: Reloaded GA parameters from mongodb collection RTS_WEIGHTS
2026/04/10 12:39:36 ✓ RTS: Reloaded GA parameters from mongodb collection RTS_WEIGHTS
2026/04/10 12:39:39 🧬 Starting AOD training cycle...
2026/04/10 12:39:39 🧬 Starting AOD training cycle...
2026/04/10 12:39:39 📊 Fetching task history from 2026-04-09T12:39:39+05:30 to 2026-04-10T12:39:39+05:30
2026/04/10 12:39:39 🔍 DEBUG: Querying TASKS collection for completed_at between 2026-04-09T12:39:39+05:30 and 2026-04-10T12:39:39+05:30
2026/04/10 12:39:39 🔍 DEBUG: Query returned 0 task history records
2026/04/10 12:39:39 📊 Fetching worker stats from 2026-04-09T12:39:39+05:30 to 2026-04-10T12:39:39+05:30
2026/04/10 12:39:39 🔍 DEBUG: Querying TASKS collection for completed_at between 2026-04-09T12:39:39+05:30 and 2026-04-10T12:39:39+05:30
2026/04/10 12:39:39 🔍 DEBUG: Query returned 0 task history records
2026/04/10 12:39:39 ✓ Retrieved 0 task history records and 0 worker stats
2026/04/10 12:39:39 ⚠️  Insufficient data (0 tasks < 2 required), using default parameters
2026/04/10 12:39:39 ✓ AOD parameters saved to /Users/codesmith28/personal/Projects/acc/BTEP/master/config/ga_output.json
2026/04/10 12:39:39 ✓ AOD parameters saved to MongoDB collection RTS_WEIGHTS
2026/04/10 12:39:39 ✅ AOD training cycle completed successfully
2026/04/10 12:40:06 ✓ RTS: Reloaded GA parameters from mongodb collection RTS_WEIGHTS
2026/04/10 12:40:36 ✓ RTS: Reloaded GA parameters from mongodb collection RTS_WEIGHTS
2026/04/10 12:40:39 🧬 Starting AOD training cycle...
2026/04/10 12:40:39 🧬 Starting AOD training cycle...
2026/04/10 12:40:39 📊 Fetching task history from 2026-04-09T12:40:39+05:30 to 2026-04-10T12:40:39+05:30
2026/04/10 12:40:39 🔍 DEBUG: Querying TASKS collection for completed_at between 2026-04-09T12:40:39+05:30 and 2026-04-10T12:40:39+05:30
2026/04/10 12:40:39 🔍 DEBUG: Query returned 0 task history records
2026/04/10 12:40:39 📊 Fetching worker stats from 2026-04-09T12:40:39+05:30 to 2026-04-10T12:40:39+05:30
2026/04/10 12:40:39 🔍 DEBUG: Querying TASKS collection for completed_at between 2026-04-09T12:40:39+05:30 and 2026-04-10T12:40:39+05:30
2026/04/10 12:40:39 🔍 DEBUG: Query returned 0 task history records
2026/04/10 12:40:39 ✓ Retrieved 0 task history records and 0 worker stats
2026/04/10 12:40:39 ⚠️  Insufficient data (0 tasks < 2 required), using default parameters
2026/04/10 12:40:39 ✓ AOD parameters saved to /Users/codesmith28/personal/Projects/acc/BTEP/master/config/ga_output.json
2026/04/10 12:40:39 ✓ AOD parameters saved to MongoDB collection RTS_WEIGHTS
2026/04/10 12:40:39 ✅ AOD training cycle completed successfully
2026/04/10 12:41:06 ✓ RTS: Reloaded GA parameters from mongodb collection RTS_WEIGHTS
2026/04/10 12:41:36 ✓ RTS: Reloaded GA parameters from mongodb collection RTS_WEIGHTS
2026/04/10 12:41:39 🧬 Starting AOD training cycle...
2026/04/10 12:41:39 🧬 Starting AOD training cycle...
2026/04/10 12:41:39 📊 Fetching task history from 2026-04-09T12:41:39+05:30 to 2026-04-10T12:41:39+05:30
2026/04/10 12:41:39 🔍 DEBUG: Querying TASKS collection for completed_at between 2026-04-09T12:41:39+05:30 and 2026-04-10T12:41:39+05:30
2026/04/10 12:41:39 🔍 DEBUG: Query returned 0 task history records
2026/04/10 12:41:39 📊 Fetching worker stats from 2026-04-09T12:41:39+05:30 to 2026-04-10T12:41:39+05:30
2026/04/10 12:41:39 🔍 DEBUG: Querying TASKS collection for completed_at between 2026-04-09T12:41:39+05:30 and 2026-04-10T12:41:39+05:30
2026/04/10 12:41:39 🔍 DEBUG: Query returned 0 task history records
2026/04/10 12:41:39 ✓ Retrieved 0 task history records and 0 worker stats
2026/04/10 12:41:39 ⚠️  Insufficient data (0 tasks < 2 required), using default parameters
2026/04/10 12:41:39 ✓ AOD parameters saved to /Users/codesmith28/personal/Projects/acc/BTEP/master/config/ga_output.json
2026/04/10 12:41:39 ✓ AOD parameters saved to MongoDB collection RTS_WEIGHTS
2026/04/10 12:41:39 ✅ AOD training cycle completed successfully
2026/04/10 12:42:06 ✓ RTS: Reloaded GA parameters from mongodb collection RTS_WEIGHTS
2026/04/10 12:42:36 ✓ RTS: Reloaded GA parameters from mongodb collection RTS_WEIGHTS
2026/04/10 12:42:39 🧬 Starting AOD training cycle...
2026/04/10 12:42:39 🧬 Starting AOD training cycle...
2026/04/10 12:42:39 📊 Fetching task history from 2026-04-09T12:42:39+05:30 to 2026-04-10T12:42:39+05:30
2026/04/10 12:42:39 🔍 DEBUG: Querying TASKS collection for completed_at between 2026-04-09T12:42:39+05:30 and 2026-04-10T12:42:39+05:30
2026/04/10 12:42:39 🔍 DEBUG: Query returned 0 task history records
2026/04/10 12:42:39 📊 Fetching worker stats from 2026-04-09T12:42:39+05:30 to 2026-04-10T12:42:39+05:30
2026/04/10 12:42:39 🔍 DEBUG: Querying TASKS collection for completed_at between 2026-04-09T12:42:39+05:30 and 2026-04-10T12:42:39+05:30
2026/04/10 12:42:39 🔍 DEBUG: Query returned 0 task history records
2026/04/10 12:42:39 ✓ Retrieved 0 task history records and 0 worker stats
2026/04/10 12:42:39 ⚠️  Insufficient data (0 tasks < 2 required), using default parameters
2026/04/10 12:42:39 ✓ AOD parameters saved to /Users/codesmith28/personal/Projects/acc/BTEP/master/config/ga_output.json
2026/04/10 12:42:39 ✓ AOD parameters saved to MongoDB collection RTS_WEIGHTS
2026/04/10 12:42:39 ✅ AOD training cycle completed successfully
2026/04/10 12:43:06 ✓ RTS: Reloaded GA parameters from mongodb collection RTS_WEIGHTS
2026/04/10 12:43:36 ✓ RTS: Reloaded GA parameters from mongodb collection RTS_WEIGHTS
2026/04/10 12:43:39 🧬 Starting AOD training cycle...
2026/04/10 12:43:39 🧬 Starting AOD training cycle...
2026/04/10 12:43:39 📊 Fetching task history from 2026-04-09T12:43:39+05:30 to 2026-04-10T12:43:39+05:30
2026/04/10 12:43:39 🔍 DEBUG: Querying TASKS collection for completed_at between 2026-04-09T12:43:39+05:30 and 2026-04-10T12:43:39+05:30
2026/04/10 12:43:39 🔍 DEBUG: Query returned 0 task history records
2026/04/10 12:43:39 📊 Fetching worker stats from 2026-04-09T12:43:39+05:30 to 2026-04-10T12:43:39+05:30
2026/04/10 12:43:39 🔍 DEBUG: Querying TASKS collection for completed_at between 2026-04-09T12:43:39+05:30 and 2026-04-10T12:43:39+05:30
2026/04/10 12:43:39 🔍 DEBUG: Query returned 0 task history records
2026/04/10 12:43:39 ✓ Retrieved 0 task history records and 0 worker stats
2026/04/10 12:43:39 ⚠️  Insufficient data (0 tasks < 2 required), using default parameters
2026/04/10 12:43:39 ✓ AOD parameters saved to /Users/codesmith28/personal/Projects/acc/BTEP/master/config/ga_output.json
2026/04/10 12:43:39 ✓ AOD parameters saved to MongoDB collection RTS_WEIGHTS
2026/04/10 12:43:39 ✅ AOD training cycle completed successfully
2026/04/10 12:44:06 ✓ RTS: Reloaded GA parameters from mongodb collection RTS_WEIGHTS
2026/04/10 12:44:36 ✓ RTS: Reloaded GA parameters from mongodb collection RTS_WEIGHTS
2026/04/10 12:44:39 🧬 Starting AOD training cycle...
2026/04/10 12:44:39 🧬 Starting AOD training cycle...
2026/04/10 12:44:39 📊 Fetching task history from 2026-04-09T12:44:39+05:30 to 2026-04-10T12:44:39+05:30
2026/04/10 12:44:39 🔍 DEBUG: Querying TASKS collection for completed_at between 2026-04-09T12:44:39+05:30 and 2026-04-10T12:44:39+05:30
2026/04/10 12:44:39 🔍 DEBUG: Query returned 0 task history records
2026/04/10 12:44:39 📊 Fetching worker stats from 2026-04-09T12:44:39+05:30 to 2026-04-10T12:44:39+05:30
2026/04/10 12:44:39 🔍 DEBUG: Querying TASKS collection for completed_at between 2026-04-09T12:44:39+05:30 and 2026-04-10T12:44:39+05:30
2026/04/10 12:44:39 🔍 DEBUG: Query returned 0 task history records
2026/04/10 12:44:39 ✓ Retrieved 0 task history records and 0 worker stats
2026/04/10 12:44:39 ⚠️  Insufficient data (0 tasks < 2 required), using default parameters
2026/04/10 12:44:39 ✓ AOD parameters saved to /Users/codesmith28/personal/Projects/acc/BTEP/master/config/ga_output.json
2026/04/10 12:44:39 ✓ AOD parameters saved to MongoDB collection RTS_WEIGHTS
2026/04/10 12:44:39 ✅ AOD training cycle completed successfully
2026/04/10 12:45:06 ✓ RTS: Reloaded GA parameters from mongodb collection RTS_WEIGHTS
2026/04/10 12:45:36 ✓ RTS: Reloaded GA parameters from mongodb collection RTS_WEIGHTS
2026/04/10 12:45:39 🧬 Starting AOD training cycle...
2026/04/10 12:45:39 🧬 Starting AOD training cycle...
2026/04/10 12:45:39 📊 Fetching task history from 2026-04-09T12:45:39+05:30 to 2026-04-10T12:45:39+05:30
2026/04/10 12:45:39 🔍 DEBUG: Querying TASKS collection for completed_at between 2026-04-09T12:45:39+05:30 and 2026-04-10T12:45:39+05:30
2026/04/10 12:45:39 🔍 DEBUG: Query returned 0 task history records
2026/04/10 12:45:39 📊 Fetching worker stats from 2026-04-09T12:45:39+05:30 to 2026-04-10T12:45:39+05:30
2026/04/10 12:45:39 🔍 DEBUG: Querying TASKS collection for completed_at between 2026-04-09T12:45:39+05:30 and 2026-04-10T12:45:39+05:30
2026/04/10 12:45:39 🔍 DEBUG: Query returned 0 task history records
2026/04/10 12:45:39 ✓ Retrieved 0 task history records and 0 worker stats
2026/04/10 12:45:39 ⚠️  Insufficient data (0 tasks < 2 required), using default parameters
2026/04/10 12:45:39 ✓ AOD parameters saved to /Users/codesmith28/personal/Projects/acc/BTEP/master/config/ga_output.json
2026/04/10 12:45:39 ✓ AOD parameters saved to MongoDB collection RTS_WEIGHTS
2026/04/10 12:45:39 ✅ AOD training cycle completed successfully
2026/04/10 12:46:06 ✓ RTS: Reloaded GA parameters from mongodb collection RTS_WEIGHTS
2026/04/10 12:46:36 ✓ RTS: Reloaded GA parameters from mongodb collection RTS_WEIGHTS
2026/04/10 12:46:39 🧬 Starting AOD training cycle...
2026/04/10 12:46:39 🧬 Starting AOD training cycle...
2026/04/10 12:46:39 📊 Fetching task history from 2026-04-09T12:46:39+05:30 to 2026-04-10T12:46:39+05:30
2026/04/10 12:46:39 🔍 DEBUG: Querying TASKS collection for completed_at between 2026-04-09T12:46:39+05:30 and 2026-04-10T12:46:39+05:30
2026/04/10 12:46:39 🔍 DEBUG: Query returned 0 task history records
2026/04/10 12:46:39 📊 Fetching worker stats from 2026-04-09T12:46:39+05:30 to 2026-04-10T12:46:39+05:30
2026/04/10 12:46:39 🔍 DEBUG: Querying TASKS collection for completed_at between 2026-04-09T12:46:39+05:30 and 2026-04-10T12:46:39+05:30
2026/04/10 12:46:39 🔍 DEBUG: Query returned 0 task history records
2026/04/10 12:46:39 ✓ Retrieved 0 task history records and 0 worker stats
2026/04/10 12:46:39 ⚠️  Insufficient data (0 tasks < 2 required), using default parameters
2026/04/10 12:46:39 ✓ AOD parameters saved to /Users/codesmith28/personal/Projects/acc/BTEP/master/config/ga_output.json
2026/04/10 12:46:39 ✓ AOD parameters saved to MongoDB collection RTS_WEIGHTS
2026/04/10 12:46:39 ✅ AOD training cycle completed successfully
2026/04/10 12:47:06 ✓ RTS: Reloaded GA parameters from mongodb collection RTS_WEIGHTS
2026/04/10 12:47:36 ✓ RTS: Reloaded GA parameters from mongodb collection RTS_WEIGHTS
2026/04/10 12:47:39 🧬 Starting AOD training cycle...
2026/04/10 12:47:39 🧬 Starting AOD training cycle...
2026/04/10 12:47:39 📊 Fetching task history from 2026-04-09T12:47:39+05:30 to 2026-04-10T12:47:39+05:30
2026/04/10 12:47:39 🔍 DEBUG: Querying TASKS collection for completed_at between 2026-04-09T12:47:39+05:30 and 2026-04-10T12:47:39+05:30
2026/04/10 12:47:39 🔍 DEBUG: Query returned 0 task history records
2026/04/10 12:47:39 📊 Fetching worker stats from 2026-04-09T12:47:39+05:30 to 2026-04-10T12:47:39+05:30
2026/04/10 12:47:39 🔍 DEBUG: Querying TASKS collection for completed_at between 2026-04-09T12:47:39+05:30 and 2026-04-10T12:47:39+05:30
2026/04/10 12:47:39 🔍 DEBUG: Query returned 0 task history records
2026/04/10 12:47:39 ✓ Retrieved 0 task history records and 0 worker stats
2026/04/10 12:47:39 ⚠️  Insufficient data (0 tasks < 2 required), using default parameters
2026/04/10 12:47:39 ✓ AOD parameters saved to /Users/codesmith28/personal/Projects/acc/BTEP/master/config/ga_output.json
2026/04/10 12:47:39 ✓ AOD parameters saved to MongoDB collection RTS_WEIGHTS
2026/04/10 12:47:39 ✅ AOD training cycle completed successfully
2026/04/10 12:48:06 ✓ RTS: Reloaded GA parameters from mongodb collection RTS_WEIGHTS
2026/04/10 12:48:36 ✓ RTS: Reloaded GA parameters from mongodb collection RTS_WEIGHTS
2026/04/10 12:48:39 🧬 Starting AOD training cycle...
2026/04/10 12:48:39 🧬 Starting AOD training cycle...
2026/04/10 12:48:39 📊 Fetching task history from 2026-04-09T12:48:39+05:30 to 2026-04-10T12:48:39+05:30
2026/04/10 12:48:39 🔍 DEBUG: Querying TASKS collection for completed_at between 2026-04-09T12:48:39+05:30 and 2026-04-10T12:48:39+05:30
2026/04/10 12:48:39 🔍 DEBUG: Query returned 0 task history records
2026/04/10 12:48:39 📊 Fetching worker stats from 2026-04-09T12:48:39+05:30 to 2026-04-10T12:48:39+05:30
2026/04/10 12:48:39 🔍 DEBUG: Querying TASKS collection for completed_at between 2026-04-09T12:48:39+05:30 and 2026-04-10T12:48:39+05:30
2026/04/10 12:48:39 🔍 DEBUG: Query returned 0 task history records
2026/04/10 12:48:39 ✓ Retrieved 0 task history records and 0 worker stats
2026/04/10 12:48:39 ⚠️  Insufficient data (0 tasks < 2 required), using default parameters
2026/04/10 12:48:39 ✓ AOD parameters saved to /Users/codesmith28/personal/Projects/acc/BTEP/master/config/ga_output.json
2026/04/10 12:48:39 ✓ AOD parameters saved to MongoDB collection RTS_WEIGHTS
2026/04/10 12:48:39 ✅ AOD training cycle completed successfully
2026/04/10 12:49:06 ✓ RTS: Reloaded GA parameters from mongodb collection RTS_WEIGHTS
2026/04/10 12:49:36 ✓ RTS: Reloaded GA parameters from mongodb collection RTS_WEIGHTS
2026/04/10 12:49:39 🧬 Starting AOD training cycle...
2026/04/10 12:49:39 🧬 Starting AOD training cycle...
2026/04/10 12:49:39 📊 Fetching task history from 2026-04-09T12:49:39+05:30 to 2026-04-10T12:49:39+05:30
2026/04/10 12:49:39 🔍 DEBUG: Querying TASKS collection for completed_at between 2026-04-09T12:49:39+05:30 and 2026-04-10T12:49:39+05:30
2026/04/10 12:49:39 🔍 DEBUG: Query returned 0 task history records
2026/04/10 12:49:39 📊 Fetching worker stats from 2026-04-09T12:49:39+05:30 to 2026-04-10T12:49:39+05:30
2026/04/10 12:49:39 🔍 DEBUG: Querying TASKS collection for completed_at between 2026-04-09T12:49:39+05:30 and 2026-04-10T12:49:39+05:30
2026/04/10 12:49:39 🔍 DEBUG: Query returned 0 task history records
2026/04/10 12:49:39 ✓ Retrieved 0 task history records and 0 worker stats
2026/04/10 12:49:39 ⚠️  Insufficient data (0 tasks < 2 required), using default parameters
2026/04/10 12:49:39 ✓ AOD parameters saved to /Users/codesmith28/personal/Projects/acc/BTEP/master/config/ga_output.json
2026/04/10 12:49:39 ✓ AOD parameters saved to MongoDB collection RTS_WEIGHTS
2026/04/10 12:49:39 ✅ AOD training cycle completed successfully
2026/04/10 12:50:06 ✓ RTS: Reloaded GA parameters from mongodb collection RTS_WEIGHTS
2026/04/10 12:50:36 ✓ RTS: Reloaded GA parameters from mongodb collection RTS_WEIGHTS
2026/04/10 12:50:39 🧬 Starting AOD training cycle...
2026/04/10 12:50:39 🧬 Starting AOD training cycle...
2026/04/10 12:50:39 📊 Fetching task history from 2026-04-09T12:50:39+05:30 to 2026-04-10T12:50:39+05:30
2026/04/10 12:50:39 🔍 DEBUG: Querying TASKS collection for completed_at between 2026-04-09T12:50:39+05:30 and 2026-04-10T12:50:39+05:30
2026/04/10 12:50:39 🔍 DEBUG: Query returned 0 task history records
2026/04/10 12:50:39 📊 Fetching worker stats from 2026-04-09T12:50:39+05:30 to 2026-04-10T12:50:39+05:30
2026/04/10 12:50:39 🔍 DEBUG: Querying TASKS collection for completed_at between 2026-04-09T12:50:39+05:30 and 2026-04-10T12:50:39+05:30
2026/04/10 12:50:39 🔍 DEBUG: Query returned 0 task history records
2026/04/10 12:50:39 ✓ Retrieved 0 task history records and 0 worker stats
2026/04/10 12:50:39 ⚠️  Insufficient data (0 tasks < 2 required), using default parameters
2026/04/10 12:50:39 ✓ AOD parameters saved to /Users/codesmith28/personal/Projects/acc/BTEP/master/config/ga_output.json
2026/04/10 12:50:39 ✓ AOD parameters saved to MongoDB collection RTS_WEIGHTS
2026/04/10 12:50:39 ✅ AOD training cycle completed successfully
2026/04/10 12:51:06 ✓ RTS: Reloaded GA parameters from mongodb collection RTS_WEIGHTS
2026/04/10 12:51:36 ✓ RTS: Reloaded GA parameters from mongodb collection RTS_WEIGHTS
2026/04/10 12:51:39 🧬 Starting AOD training cycle...
2026/04/10 12:51:39 🧬 Starting AOD training cycle...
2026/04/10 12:51:39 📊 Fetching task history from 2026-04-09T12:51:39+05:30 to 2026-04-10T12:51:39+05:30
2026/04/10 12:51:39 🔍 DEBUG: Querying TASKS collection for completed_at between 2026-04-09T12:51:39+05:30 and 2026-04-10T12:51:39+05:30
2026/04/10 12:51:39 🔍 DEBUG: Query returned 0 task history records
2026/04/10 12:51:39 📊 Fetching worker stats from 2026-04-09T12:51:39+05:30 to 2026-04-10T12:51:39+05:30
2026/04/10 12:51:39 🔍 DEBUG: Querying TASKS collection for completed_at between 2026-04-09T12:51:39+05:30 and 2026-04-10T12:51:39+05:30
2026/04/10 12:51:39 🔍 DEBUG: Query returned 0 task history records
2026/04/10 12:51:39 ✓ Retrieved 0 task history records and 0 worker stats
2026/04/10 12:51:39 ⚠️  Insufficient data (0 tasks < 2 required), using default parameters
2026/04/10 12:51:39 ✓ AOD parameters saved to /Users/codesmith28/personal/Projects/acc/BTEP/master/config/ga_output.json
2026/04/10 12:51:39 ✓ AOD parameters saved to MongoDB collection RTS_WEIGHTS
2026/04/10 12:51:39 ✅ AOD training cycle completed successfully
2026/04/10 12:52:06 ✓ RTS: Reloaded GA parameters from mongodb collection RTS_WEIGHTS
2026/04/10 12:52:36 ✓ RTS: Reloaded GA parameters from mongodb collection RTS_WEIGHTS
2026/04/10 12:52:39 🧬 Starting AOD training cycle...
2026/04/10 12:52:39 🧬 Starting AOD training cycle...
2026/04/10 12:52:39 📊 Fetching task history from 2026-04-09T12:52:39+05:30 to 2026-04-10T12:52:39+05:30
2026/04/10 12:52:39 🔍 DEBUG: Querying TASKS collection for completed_at between 2026-04-09T12:52:39+05:30 and 2026-04-10T12:52:39+05:30
2026/04/10 12:52:39 🔍 DEBUG: Query returned 0 task history records
2026/04/10 12:52:39 📊 Fetching worker stats from 2026-04-09T12:52:39+05:30 to 2026-04-10T12:52:39+05:30
2026/04/10 12:52:39 🔍 DEBUG: Querying TASKS collection for completed_at between 2026-04-09T12:52:39+05:30 and 2026-04-10T12:52:39+05:30
2026/04/10 12:52:39 🔍 DEBUG: Query returned 0 task history records
2026/04/10 12:52:39 ✓ Retrieved 0 task history records and 0 worker stats
2026/04/10 12:52:39 ⚠️  Insufficient data (0 tasks < 2 required), using default parameters
2026/04/10 12:52:39 ✓ AOD parameters saved to /Users/codesmith28/personal/Projects/acc/BTEP/master/config/ga_output.json
2026/04/10 12:52:39 ✓ AOD parameters saved to MongoDB collection RTS_WEIGHTS
2026/04/10 12:52:39 ✅ AOD training cycle completed successfully
2026/04/10 12:53:06 ✓ RTS: Reloaded GA parameters from mongodb collection RTS_WEIGHTS
2026/04/10 12:53:36 ✓ RTS: Reloaded GA parameters from mongodb collection RTS_WEIGHTS
2026/04/10 12:53:39 🧬 Starting AOD training cycle...
2026/04/10 12:53:39 🧬 Starting AOD training cycle...
2026/04/10 12:53:39 📊 Fetching task history from 2026-04-09T12:53:39+05:30 to 2026-04-10T12:53:39+05:30
2026/04/10 12:53:39 🔍 DEBUG: Querying TASKS collection for completed_at between 2026-04-09T12:53:39+05:30 and 2026-04-10T12:53:39+05:30
2026/04/10 12:53:39 🔍 DEBUG: Query returned 0 task history records
2026/04/10 12:53:39 📊 Fetching worker stats from 2026-04-09T12:53:39+05:30 to 2026-04-10T12:53:39+05:30
2026/04/10 12:53:39 🔍 DEBUG: Querying TASKS collection for completed_at between 2026-04-09T12:53:39+05:30 and 2026-04-10T12:53:39+05:30
2026/04/10 12:53:39 🔍 DEBUG: Query returned 0 task history records
2026/04/10 12:53:39 ✓ Retrieved 0 task history records and 0 worker stats
2026/04/10 12:53:39 ⚠️  Insufficient data (0 tasks < 2 required), using default parameters
2026/04/10 12:53:39 ✓ AOD parameters saved to /Users/codesmith28/personal/Projects/acc/BTEP/master/config/ga_output.json
2026/04/10 12:53:39 ✓ AOD parameters saved to MongoDB collection RTS_WEIGHTS
2026/04/10 12:53:39 ✅ AOD training cycle completed successfully
2026/04/10 12:54:06 ✓ RTS: Reloaded GA parameters from mongodb collection RTS_WEIGHTS
2026/04/10 12:54:36 ✓ RTS: Reloaded GA parameters from mongodb collection RTS_WEIGHTS
2026/04/10 12:54:39 🧬 Starting AOD training cycle...
2026/04/10 12:54:39 🧬 Starting AOD training cycle...
2026/04/10 12:54:39 📊 Fetching task history from 2026-04-09T12:54:39+05:30 to 2026-04-10T12:54:39+05:30
2026/04/10 12:54:39 🔍 DEBUG: Querying TASKS collection for completed_at between 2026-04-09T12:54:39+05:30 and 2026-04-10T12:54:39+05:30
2026/04/10 12:54:39 🔍 DEBUG: Query returned 0 task history records
2026/04/10 12:54:39 📊 Fetching worker stats from 2026-04-09T12:54:39+05:30 to 2026-04-10T12:54:39+05:30
2026/04/10 12:54:39 🔍 DEBUG: Querying TASKS collection for completed_at between 2026-04-09T12:54:39+05:30 and 2026-04-10T12:54:39+05:30
2026/04/10 12:54:39 🔍 DEBUG: Query returned 0 task history records
2026/04/10 12:54:39 ✓ Retrieved 0 task history records and 0 worker stats
2026/04/10 12:54:39 ⚠️  Insufficient data (0 tasks < 2 required), using default parameters
2026/04/10 12:54:39 ✓ AOD parameters saved to /Users/codesmith28/personal/Projects/acc/BTEP/master/config/ga_output.json
2026/04/10 12:54:39 ✓ AOD parameters saved to MongoDB collection RTS_WEIGHTS
2026/04/10 12:54:39 ✅ AOD training cycle completed successfully
2026/04/10 12:55:06 ✓ RTS: Reloaded GA parameters from mongodb collection RTS_WEIGHTS
2026/04/10 12:55:36 ✓ RTS: Reloaded GA parameters from mongodb collection RTS_WEIGHTS
2026/04/10 12:55:39 🧬 Starting AOD training cycle...
2026/04/10 12:55:39 🧬 Starting AOD training cycle...
2026/04/10 12:55:39 📊 Fetching task history from 2026-04-09T12:55:39+05:30 to 2026-04-10T12:55:39+05:30
2026/04/10 12:55:39 🔍 DEBUG: Querying TASKS collection for completed_at between 2026-04-09T12:55:39+05:30 and 2026-04-10T12:55:39+05:30
2026/04/10 12:55:39 🔍 DEBUG: Query returned 0 task history records
2026/04/10 12:55:39 📊 Fetching worker stats from 2026-04-09T12:55:39+05:30 to 2026-04-10T12:55:39+05:30
2026/04/10 12:55:39 🔍 DEBUG: Querying TASKS collection for completed_at between 2026-04-09T12:55:39+05:30 and 2026-04-10T12:55:39+05:30
2026/04/10 12:55:39 🔍 DEBUG: Query returned 0 task history records
2026/04/10 12:55:39 ✓ Retrieved 0 task history records and 0 worker stats
2026/04/10 12:55:39 ⚠️  Insufficient data (0 tasks < 2 required), using default parameters
2026/04/10 12:55:39 ✓ AOD parameters saved to /Users/codesmith28/personal/Projects/acc/BTEP/master/config/ga_output.json
2026/04/10 12:55:39 ✓ AOD parameters saved to MongoDB collection RTS_WEIGHTS
2026/04/10 12:55:39 ✅ AOD training cycle completed successfully
2026/04/10 12:56:06 ✓ RTS: Reloaded GA parameters from mongodb collection RTS_WEIGHTS
2026/04/10 12:56:36 ✓ RTS: Reloaded GA parameters from mongodb collection RTS_WEIGHTS
2026/04/10 12:56:39 🧬 Starting AOD training cycle...
2026/04/10 12:56:39 🧬 Starting AOD training cycle...
2026/04/10 12:56:39 📊 Fetching task history from 2026-04-09T12:56:39+05:30 to 2026-04-10T12:56:39+05:30
2026/04/10 12:56:39 🔍 DEBUG: Querying TASKS collection for completed_at between 2026-04-09T12:56:39+05:30 and 2026-04-10T12:56:39+05:30
2026/04/10 12:56:39 🔍 DEBUG: Query returned 0 task history records
2026/04/10 12:56:39 📊 Fetching worker stats from 2026-04-09T12:56:39+05:30 to 2026-04-10T12:56:39+05:30
2026/04/10 12:56:39 🔍 DEBUG: Querying TASKS collection for completed_at between 2026-04-09T12:56:39+05:30 and 2026-04-10T12:56:39+05:30
2026/04/10 12:56:39 🔍 DEBUG: Query returned 0 task history records
2026/04/10 12:56:39 ✓ Retrieved 0 task history records and 0 worker stats
2026/04/10 12:56:39 ⚠️  Insufficient data (0 tasks < 2 required), using default parameters
2026/04/10 12:56:39 ✓ AOD parameters saved to /Users/codesmith28/personal/Projects/acc/BTEP/master/config/ga_output.json
2026/04/10 12:56:39 ✓ AOD parameters saved to MongoDB collection RTS_WEIGHTS
2026/04/10 12:56:39 ✅ AOD training cycle completed successfully
2026/04/10 12:57:06 ✓ RTS: Reloaded GA parameters from mongodb collection RTS_WEIGHTS
2026/04/10 12:57:36 ✓ RTS: Reloaded GA parameters from mongodb collection RTS_WEIGHTS
2026/04/10 12:57:39 🧬 Starting AOD training cycle...
2026/04/10 12:57:39 🧬 Starting AOD training cycle...
2026/04/10 12:57:39 📊 Fetching task history from 2026-04-09T12:57:39+05:30 to 2026-04-10T12:57:39+05:30
2026/04/10 12:57:39 🔍 DEBUG: Querying TASKS collection for completed_at between 2026-04-09T12:57:39+05:30 and 2026-04-10T12:57:39+05:30
2026/04/10 12:57:39 🔍 DEBUG: Query returned 0 task history records
2026/04/10 12:57:39 📊 Fetching worker stats from 2026-04-09T12:57:39+05:30 to 2026-04-10T12:57:39+05:30
2026/04/10 12:57:39 🔍 DEBUG: Querying TASKS collection for completed_at between 2026-04-09T12:57:39+05:30 and 2026-04-10T12:57:39+05:30
2026/04/10 12:57:39 🔍 DEBUG: Query returned 0 task history records
2026/04/10 12:57:39 ✓ Retrieved 0 task history records and 0 worker stats
2026/04/10 12:57:39 ⚠️  Insufficient data (0 tasks < 2 required), using default parameters
2026/04/10 12:57:39 ✓ AOD parameters saved to /Users/codesmith28/personal/Projects/acc/BTEP/master/config/ga_output.json
2026/04/10 12:57:39 ✓ AOD parameters saved to MongoDB collection RTS_WEIGHTS
2026/04/10 12:57:39 ✅ AOD training cycle completed successfully
2026/04/10 12:58:06 ✓ RTS: Reloaded GA parameters from mongodb collection RTS_WEIGHTS
2026/04/10 12:58:36 ✓ RTS: Reloaded GA parameters from mongodb collection RTS_WEIGHTS
2026/04/10 12:58:39 🧬 Starting AOD training cycle...
2026/04/10 12:58:39 🧬 Starting AOD training cycle...
2026/04/10 12:58:39 📊 Fetching task history from 2026-04-09T12:58:39+05:30 to 2026-04-10T12:58:39+05:30
2026/04/10 12:58:39 🔍 DEBUG: Querying TASKS collection for completed_at between 2026-04-09T12:58:39+05:30 and 2026-04-10T12:58:39+05:30
2026/04/10 12:58:39 🔍 DEBUG: Query returned 0 task history records
2026/04/10 12:58:39 📊 Fetching worker stats from 2026-04-09T12:58:39+05:30 to 2026-04-10T12:58:39+05:30
2026/04/10 12:58:39 🔍 DEBUG: Querying TASKS collection for completed_at between 2026-04-09T12:58:39+05:30 and 2026-04-10T12:58:39+05:30
2026/04/10 12:58:39 🔍 DEBUG: Query returned 0 task history records
2026/04/10 12:58:39 ✓ Retrieved 0 task history records and 0 worker stats
2026/04/10 12:58:39 ⚠️  Insufficient data (0 tasks < 2 required), using default parameters
2026/04/10 12:58:39 ✓ AOD parameters saved to /Users/codesmith28/personal/Projects/acc/BTEP/master/config/ga_output.json
2026/04/10 12:58:39 ✓ AOD parameters saved to MongoDB collection RTS_WEIGHTS
2026/04/10 12:58:39 ✅ AOD training cycle completed successfully
2026/04/10 12:59:06 ✓ RTS: Reloaded GA parameters from mongodb collection RTS_WEIGHTS
2026/04/10 12:59:36 ✓ RTS: Reloaded GA parameters from mongodb collection RTS_WEIGHTS
2026/04/10 12:59:39 🧬 Starting AOD training cycle...
2026/04/10 12:59:39 🧬 Starting AOD training cycle...
2026/04/10 12:59:39 📊 Fetching task history from 2026-04-09T12:59:39+05:30 to 2026-04-10T12:59:39+05:30
2026/04/10 12:59:39 🔍 DEBUG: Querying TASKS collection for completed_at between 2026-04-09T12:59:39+05:30 and 2026-04-10T12:59:39+05:30
2026/04/10 12:59:39 🔍 DEBUG: Query returned 0 task history records
2026/04/10 12:59:39 📊 Fetching worker stats from 2026-04-09T12:59:39+05:30 to 2026-04-10T12:59:39+05:30
2026/04/10 12:59:39 🔍 DEBUG: Querying TASKS collection for completed_at between 2026-04-09T12:59:39+05:30 and 2026-04-10T12:59:39+05:30
2026/04/10 12:59:39 🔍 DEBUG: Query returned 0 task history records
2026/04/10 12:59:39 ✓ Retrieved 0 task history records and 0 worker stats
2026/04/10 12:59:39 ⚠️  Insufficient data (0 tasks < 2 required), using default parameters
2026/04/10 12:59:39 ✓ AOD parameters saved to /Users/codesmith28/personal/Projects/acc/BTEP/master/config/ga_output.json
2026/04/10 12:59:39 ✓ AOD parameters saved to MongoDB collection RTS_WEIGHTS
2026/04/10 12:59:39 ✅ AOD training cycle completed successfully
2026/04/10 13:00:06 ✓ RTS: Reloaded GA parameters from mongodb collection RTS_WEIGHTS
2026/04/10 13:00:36 ✓ RTS: Reloaded GA parameters from mongodb collection RTS_WEIGHTS
2026/04/10 13:00:39 🧬 Starting AOD training cycle...
2026/04/10 13:00:39 🧬 Starting AOD training cycle...
2026/04/10 13:00:39 📊 Fetching task history from 2026-04-09T13:00:39+05:30 to 2026-04-10T13:00:39+05:30
2026/04/10 13:00:39 🔍 DEBUG: Querying TASKS collection for completed_at between 2026-04-09T13:00:39+05:30 and 2026-04-10T13:00:39+05:30
2026/04/10 13:00:39 🔍 DEBUG: Query returned 0 task history records
2026/04/10 13:00:39 📊 Fetching worker stats from 2026-04-09T13:00:39+05:30 to 2026-04-10T13:00:39+05:30
2026/04/10 13:00:39 🔍 DEBUG: Querying TASKS collection for completed_at between 2026-04-09T13:00:39+05:30 and 2026-04-10T13:00:39+05:30
2026/04/10 13:00:39 🔍 DEBUG: Query returned 0 task history records
2026/04/10 13:00:39 ✓ Retrieved 0 task history records and 0 worker stats
2026/04/10 13:00:39 ⚠️  Insufficient data (0 tasks < 2 required), using default parameters
2026/04/10 13:00:39 ✓ AOD parameters saved to /Users/codesmith28/personal/Projects/acc/BTEP/master/config/ga_output.json
2026/04/10 13:00:39 ✓ AOD parameters saved to MongoDB collection RTS_WEIGHTS
2026/04/10 13:00:39 ✅ AOD training cycle completed successfully
2026/04/10 13:01:06 ✓ RTS: Reloaded GA parameters from mongodb collection RTS_WEIGHTS
2026/04/10 13:01:36 ✓ RTS: Reloaded GA parameters from mongodb collection RTS_WEIGHTS
2026/04/10 13:01:39 🧬 Starting AOD training cycle...
2026/04/10 13:01:39 🧬 Starting AOD training cycle...
2026/04/10 13:01:39 📊 Fetching task history from 2026-04-09T13:01:39+05:30 to 2026-04-10T13:01:39+05:30
2026/04/10 13:01:39 🔍 DEBUG: Querying TASKS collection for completed_at between 2026-04-09T13:01:39+05:30 and 2026-04-10T13:01:39+05:30
2026/04/10 13:01:39 🔍 DEBUG: Query returned 0 task history records
2026/04/10 13:01:39 📊 Fetching worker stats from 2026-04-09T13:01:39+05:30 to 2026-04-10T13:01:39+05:30
2026/04/10 13:01:39 🔍 DEBUG: Querying TASKS collection for completed_at between 2026-04-09T13:01:39+05:30 and 2026-04-10T13:01:39+05:30
2026/04/10 13:01:39 🔍 DEBUG: Query returned 0 task history records
2026/04/10 13:01:39 ✓ Retrieved 0 task history records and 0 worker stats
2026/04/10 13:01:39 ⚠️  Insufficient data (0 tasks < 2 required), using default parameters
2026/04/10 13:01:39 ✓ AOD parameters saved to /Users/codesmith28/personal/Projects/acc/BTEP/master/config/ga_output.json
2026/04/10 13:01:39 ✓ AOD parameters saved to MongoDB collection RTS_WEIGHTS
2026/04/10 13:01:39 ✅ AOD training cycle completed successfully
2026/04/10 13:02:06 ✓ RTS: Reloaded GA parameters from mongodb collection RTS_WEIGHTS
2026/04/10 13:02:36 ✓ RTS: Reloaded GA parameters from mongodb collection RTS_WEIGHTS
2026/04/10 13:02:39 🧬 Starting AOD training cycle...
2026/04/10 13:02:39 🧬 Starting AOD training cycle...
2026/04/10 13:02:39 📊 Fetching task history from 2026-04-09T13:02:39+05:30 to 2026-04-10T13:02:39+05:30
2026/04/10 13:02:39 🔍 DEBUG: Querying TASKS collection for completed_at between 2026-04-09T13:02:39+05:30 and 2026-04-10T13:02:39+05:30
2026/04/10 13:02:39 🔍 DEBUG: Query returned 0 task history records
2026/04/10 13:02:39 📊 Fetching worker stats from 2026-04-09T13:02:39+05:30 to 2026-04-10T13:02:39+05:30
2026/04/10 13:02:39 🔍 DEBUG: Querying TASKS collection for completed_at between 2026-04-09T13:02:39+05:30 and 2026-04-10T13:02:39+05:30
2026/04/10 13:02:39 🔍 DEBUG: Query returned 0 task history records
2026/04/10 13:02:39 ✓ Retrieved 0 task history records and 0 worker stats
2026/04/10 13:02:39 ⚠️  Insufficient data (0 tasks < 2 required), using default parameters
2026/04/10 13:02:39 ✓ AOD parameters saved to /Users/codesmith28/personal/Projects/acc/BTEP/master/config/ga_output.json
2026/04/10 13:02:39 ✓ AOD parameters saved to MongoDB collection RTS_WEIGHTS
2026/04/10 13:02:39 ✅ AOD training cycle completed successfully
2026/04/10 13:03:06 ✓ RTS: Reloaded GA parameters from mongodb collection RTS_WEIGHTS
2026/04/10 13:03:36 ✓ RTS: Reloaded GA parameters from mongodb collection RTS_WEIGHTS
2026/04/10 13:03:39 🧬 Starting AOD training cycle...
2026/04/10 13:03:39 🧬 Starting AOD training cycle...
2026/04/10 13:03:39 📊 Fetching task history from 2026-04-09T13:03:39+05:30 to 2026-04-10T13:03:39+05:30
2026/04/10 13:03:39 🔍 DEBUG: Querying TASKS collection for completed_at between 2026-04-09T13:03:39+05:30 and 2026-04-10T13:03:39+05:30
2026/04/10 13:03:39 🔍 DEBUG: Query returned 0 task history records
2026/04/10 13:03:39 📊 Fetching worker stats from 2026-04-09T13:03:39+05:30 to 2026-04-10T13:03:39+05:30
2026/04/10 13:03:39 🔍 DEBUG: Querying TASKS collection for completed_at between 2026-04-09T13:03:39+05:30 and 2026-04-10T13:03:39+05:30
2026/04/10 13:03:39 🔍 DEBUG: Query returned 0 task history records
2026/04/10 13:03:39 ✓ Retrieved 0 task history records and 0 worker stats
2026/04/10 13:03:39 ⚠️  Insufficient data (0 tasks < 2 required), using default parameters
2026/04/10 13:03:39 ✓ AOD parameters saved to /Users/codesmith28/personal/Projects/acc/BTEP/master/config/ga_output.json
2026/04/10 13:03:39 ✓ AOD parameters saved to MongoDB collection RTS_WEIGHTS
2026/04/10 13:03:39 ✅ AOD training cycle completed successfully
2026/04/10 13:04:06 ✓ RTS: Reloaded GA parameters from mongodb collection RTS_WEIGHTS
2026/04/10 13:04:36 ✓ RTS: Reloaded GA parameters from mongodb collection RTS_WEIGHTS
2026/04/10 13:04:39 🧬 Starting AOD training cycle...
2026/04/10 13:04:39 🧬 Starting AOD training cycle...
2026/04/10 13:04:39 📊 Fetching task history from 2026-04-09T13:04:39+05:30 to 2026-04-10T13:04:39+05:30
2026/04/10 13:04:39 🔍 DEBUG: Querying TASKS collection for completed_at between 2026-04-09T13:04:39+05:30 and 2026-04-10T13:04:39+05:30
2026/04/10 13:04:39 🔍 DEBUG: Query returned 0 task history records
2026/04/10 13:04:39 📊 Fetching worker stats from 2026-04-09T13:04:39+05:30 to 2026-04-10T13:04:39+05:30
2026/04/10 13:04:39 🔍 DEBUG: Querying TASKS collection for completed_at between 2026-04-09T13:04:39+05:30 and 2026-04-10T13:04:39+05:30
2026/04/10 13:04:39 🔍 DEBUG: Query returned 0 task history records
2026/04/10 13:04:39 ✓ Retrieved 0 task history records and 0 worker stats
2026/04/10 13:04:39 ⚠️  Insufficient data (0 tasks < 2 required), using default parameters
2026/04/10 13:04:39 ✓ AOD parameters saved to /Users/codesmith28/personal/Projects/acc/BTEP/master/config/ga_output.json
2026/04/10 13:04:39 ✓ AOD parameters saved to MongoDB collection RTS_WEIGHTS
2026/04/10 13:04:39 ✅ AOD training cycle completed successfully
2026/04/10 13:05:06 ✓ RTS: Reloaded GA parameters from mongodb collection RTS_WEIGHTS
2026/04/10 13:05:36 ✓ RTS: Reloaded GA parameters from mongodb collection RTS_WEIGHTS
2026/04/10 13:05:39 🧬 Starting AOD training cycle...
2026/04/10 13:05:39 🧬 Starting AOD training cycle...
2026/04/10 13:05:39 📊 Fetching task history from 2026-04-09T13:05:39+05:30 to 2026-04-10T13:05:39+05:30
2026/04/10 13:05:39 🔍 DEBUG: Querying TASKS collection for completed_at between 2026-04-09T13:05:39+05:30 and 2026-04-10T13:05:39+05:30
2026/04/10 13:05:39 🔍 DEBUG: Query returned 0 task history records
2026/04/10 13:05:39 📊 Fetching worker stats from 2026-04-09T13:05:39+05:30 to 2026-04-10T13:05:39+05:30
2026/04/10 13:05:39 🔍 DEBUG: Querying TASKS collection for completed_at between 2026-04-09T13:05:39+05:30 and 2026-04-10T13:05:39+05:30
2026/04/10 13:05:39 🔍 DEBUG: Query returned 0 task history records
2026/04/10 13:05:39 ✓ Retrieved 0 task history records and 0 worker stats
2026/04/10 13:05:39 ⚠️  Insufficient data (0 tasks < 2 required), using default parameters
2026/04/10 13:05:39 ✓ AOD parameters saved to /Users/codesmith28/personal/Projects/acc/BTEP/master/config/ga_output.json
2026/04/10 13:05:39 ✓ AOD parameters saved to MongoDB collection RTS_WEIGHTS
2026/04/10 13:05:39 ✅ AOD training cycle completed successfully
2026/04/10 13:06:06 ✓ RTS: Reloaded GA parameters from mongodb collection RTS_WEIGHTS
2026/04/10 13:06:36 ✓ RTS: Reloaded GA parameters from mongodb collection RTS_WEIGHTS
2026/04/10 13:06:39 🧬 Starting AOD training cycle...
2026/04/10 13:06:39 🧬 Starting AOD training cycle...
2026/04/10 13:06:39 📊 Fetching task history from 2026-04-09T13:06:39+05:30 to 2026-04-10T13:06:39+05:30
2026/04/10 13:06:39 🔍 DEBUG: Querying TASKS collection for completed_at between 2026-04-09T13:06:39+05:30 and 2026-04-10T13:06:39+05:30
2026/04/10 13:06:39 🔍 DEBUG: Query returned 0 task history records
2026/04/10 13:06:39 📊 Fetching worker stats from 2026-04-09T13:06:39+05:30 to 2026-04-10T13:06:39+05:30
2026/04/10 13:06:39 🔍 DEBUG: Querying TASKS collection for completed_at between 2026-04-09T13:06:39+05:30 and 2026-04-10T13:06:39+05:30
2026/04/10 13:06:39 🔍 DEBUG: Query returned 0 task history records
2026/04/10 13:06:39 ✓ Retrieved 0 task history records and 0 worker stats
2026/04/10 13:06:39 ⚠️  Insufficient data (0 tasks < 2 required), using default parameters
2026/04/10 13:06:39 ✓ AOD parameters saved to /Users/codesmith28/personal/Projects/acc/BTEP/master/config/ga_output.json
2026/04/10 13:06:39 ✓ AOD parameters saved to MongoDB collection RTS_WEIGHTS
2026/04/10 13:06:39 ✅ AOD training cycle completed successfully
2026/04/10 13:07:06 ✓ RTS: Reloaded GA parameters from mongodb collection RTS_WEIGHTS
2026/04/10 13:07:36 ✓ RTS: Reloaded GA parameters from mongodb collection RTS_WEIGHTS
2026/04/10 13:07:39 🧬 Starting AOD training cycle...
2026/04/10 13:07:39 🧬 Starting AOD training cycle...
2026/04/10 13:07:39 📊 Fetching task history from 2026-04-09T13:07:39+05:30 to 2026-04-10T13:07:39+05:30
2026/04/10 13:07:39 🔍 DEBUG: Querying TASKS collection for completed_at between 2026-04-09T13:07:39+05:30 and 2026-04-10T13:07:39+05:30
2026/04/10 13:07:39 🔍 DEBUG: Query returned 0 task history records
2026/04/10 13:07:39 📊 Fetching worker stats from 2026-04-09T13:07:39+05:30 to 2026-04-10T13:07:39+05:30
2026/04/10 13:07:39 🔍 DEBUG: Querying TASKS collection for completed_at between 2026-04-09T13:07:39+05:30 and 2026-04-10T13:07:39+05:30
2026/04/10 13:07:39 🔍 DEBUG: Query returned 0 task history records
2026/04/10 13:07:39 ✓ Retrieved 0 task history records and 0 worker stats
2026/04/10 13:07:39 ⚠️  Insufficient data (0 tasks < 2 required), using default parameters
2026/04/10 13:07:39 ✓ AOD parameters saved to /Users/codesmith28/personal/Projects/acc/BTEP/master/config/ga_output.json
2026/04/10 13:07:39 ✓ AOD parameters saved to MongoDB collection RTS_WEIGHTS
2026/04/10 13:07:39 ✅ AOD training cycle completed successfully
2026/04/10 13:08:06 ✓ RTS: Reloaded GA parameters from mongodb collection RTS_WEIGHTS
2026/04/10 13:08:36 ✓ RTS: Reloaded GA parameters from mongodb collection RTS_WEIGHTS
2026/04/10 13:08:39 🧬 Starting AOD training cycle...
2026/04/10 13:08:39 🧬 Starting AOD training cycle...
2026/04/10 13:08:39 📊 Fetching task history from 2026-04-09T13:08:39+05:30 to 2026-04-10T13:08:39+05:30
2026/04/10 13:08:39 🔍 DEBUG: Querying TASKS collection for completed_at between 2026-04-09T13:08:39+05:30 and 2026-04-10T13:08:39+05:30
2026/04/10 13:08:39 🔍 DEBUG: Query returned 0 task history records
2026/04/10 13:08:39 📊 Fetching worker stats from 2026-04-09T13:08:39+05:30 to 2026-04-10T13:08:39+05:30
2026/04/10 13:08:39 🔍 DEBUG: Querying TASKS collection for completed_at between 2026-04-09T13:08:39+05:30 and 2026-04-10T13:08:39+05:30
2026/04/10 13:08:39 🔍 DEBUG: Query returned 0 task history records
2026/04/10 13:08:39 ✓ Retrieved 0 task history records and 0 worker stats
2026/04/10 13:08:39 ⚠️  Insufficient data (0 tasks < 2 required), using default parameters
2026/04/10 13:08:39 ✓ AOD parameters saved to /Users/codesmith28/personal/Projects/acc/BTEP/master/config/ga_output.json
2026/04/10 13:08:39 ✓ AOD parameters saved to MongoDB collection RTS_WEIGHTS
2026/04/10 13:08:39 ✅ AOD training cycle completed successfully
2026/04/10 13:09:06 ✓ RTS: Reloaded GA parameters from mongodb collection RTS_WEIGHTS
2026/04/10 13:09:36 ✓ RTS: Reloaded GA parameters from mongodb collection RTS_WEIGHTS
2026/04/10 13:09:39 🧬 Starting AOD training cycle...
2026/04/10 13:09:39 🧬 Starting AOD training cycle...
2026/04/10 13:09:39 📊 Fetching task history from 2026-04-09T13:09:39+05:30 to 2026-04-10T13:09:39+05:30
2026/04/10 13:09:39 🔍 DEBUG: Querying TASKS collection for completed_at between 2026-04-09T13:09:39+05:30 and 2026-04-10T13:09:39+05:30
2026/04/10 13:09:39 🔍 DEBUG: Query returned 0 task history records
2026/04/10 13:09:39 📊 Fetching worker stats from 2026-04-09T13:09:39+05:30 to 2026-04-10T13:09:39+05:30
2026/04/10 13:09:39 🔍 DEBUG: Querying TASKS collection for completed_at between 2026-04-09T13:09:39+05:30 and 2026-04-10T13:09:39+05:30
2026/04/10 13:09:39 🔍 DEBUG: Query returned 0 task history records
2026/04/10 13:09:39 ✓ Retrieved 0 task history records and 0 worker stats
2026/04/10 13:09:39 ⚠️  Insufficient data (0 tasks < 2 required), using default parameters
2026/04/10 13:09:39 ✓ AOD parameters saved to /Users/codesmith28/personal/Projects/acc/BTEP/master/config/ga_output.json
2026/04/10 13:09:39 ✓ AOD parameters saved to MongoDB collection RTS_WEIGHTS
2026/04/10 13:09:39 ✅ AOD training cycle completed successfully
2026/04/10 13:10:06 ✓ RTS: Reloaded GA parameters from mongodb collection RTS_WEIGHTS
2026/04/10 13:10:36 ✓ RTS: Reloaded GA parameters from mongodb collection RTS_WEIGHTS
2026/04/10 13:10:39 🧬 Starting AOD training cycle...
2026/04/10 13:10:39 🧬 Starting AOD training cycle...
2026/04/10 13:10:39 📊 Fetching task history from 2026-04-09T13:10:39+05:30 to 2026-04-10T13:10:39+05:30
2026/04/10 13:10:39 🔍 DEBUG: Querying TASKS collection for completed_at between 2026-04-09T13:10:39+05:30 and 2026-04-10T13:10:39+05:30
2026/04/10 13:10:39 🔍 DEBUG: Query returned 0 task history records
2026/04/10 13:10:39 📊 Fetching worker stats from 2026-04-09T13:10:39+05:30 to 2026-04-10T13:10:39+05:30
2026/04/10 13:10:39 🔍 DEBUG: Querying TASKS collection for completed_at between 2026-04-09T13:10:39+05:30 and 2026-04-10T13:10:39+05:30
2026/04/10 13:10:39 🔍 DEBUG: Query returned 0 task history records
2026/04/10 13:10:39 ✓ Retrieved 0 task history records and 0 worker stats
2026/04/10 13:10:39 ⚠️  Insufficient data (0 tasks < 2 required), using default parameters
2026/04/10 13:10:39 ✓ AOD parameters saved to /Users/codesmith28/personal/Projects/acc/BTEP/master/config/ga_output.json
2026/04/10 13:10:39 ✓ AOD parameters saved to MongoDB collection RTS_WEIGHTS
2026/04/10 13:10:39 ✅ AOD training cycle completed successfully
2026/04/10 13:11:06 ✓ RTS: Reloaded GA parameters from mongodb collection RTS_WEIGHTS
2026/04/10 13:11:36 ✓ RTS: Reloaded GA parameters from mongodb collection RTS_WEIGHTS
2026/04/10 13:11:39 🧬 Starting AOD training cycle...
2026/04/10 13:11:39 🧬 Starting AOD training cycle...
2026/04/10 13:11:39 📊 Fetching task history from 2026-04-09T13:11:39+05:30 to 2026-04-10T13:11:39+05:30
2026/04/10 13:11:39 🔍 DEBUG: Querying TASKS collection for completed_at between 2026-04-09T13:11:39+05:30 and 2026-04-10T13:11:39+05:30
2026/04/10 13:11:39 🔍 DEBUG: Query returned 0 task history records
2026/04/10 13:11:39 📊 Fetching worker stats from 2026-04-09T13:11:39+05:30 to 2026-04-10T13:11:39+05:30
2026/04/10 13:11:39 🔍 DEBUG: Querying TASKS collection for completed_at between 2026-04-09T13:11:39+05:30 and 2026-04-10T13:11:39+05:30
2026/04/10 13:11:39 🔍 DEBUG: Query returned 0 task history records
2026/04/10 13:11:39 ✓ Retrieved 0 task history records and 0 worker stats
2026/04/10 13:11:39 ⚠️  Insufficient data (0 tasks < 2 required), using default parameters
2026/04/10 13:11:39 ✓ AOD parameters saved to /Users/codesmith28/personal/Projects/acc/BTEP/master/config/ga_output.json
2026/04/10 13:11:39 ✓ AOD parameters saved to MongoDB collection RTS_WEIGHTS
2026/04/10 13:11:39 ✅ AOD training cycle completed successfully
2026/04/10 13:12:06 ✓ RTS: Reloaded GA parameters from mongodb collection RTS_WEIGHTS
2026/04/10 13:27:33 ✓ RTS: Reloaded GA parameters from mongodb collection RTS_WEIGHTS
2026/04/10 13:27:36 🧬 Starting AOD training cycle...
2026/04/10 13:27:36 🧬 Starting AOD training cycle...
2026/04/10 13:27:36 📊 Fetching task history from 2026-04-09T13:27:36+05:30 to 2026-04-10T13:27:36+05:30
2026/04/10 13:27:36 🔍 DEBUG: Querying TASKS collection for completed_at between 2026-04-09T13:27:36+05:30 and 2026-04-10T13:27:36+05:30
2026/04/10 13:27:36 🔍 DEBUG: Query returned 0 task history records
2026/04/10 13:27:36 📊 Fetching worker stats from 2026-04-09T13:27:36+05:30 to 2026-04-10T13:27:36+05:30
2026/04/10 13:27:36 🔍 DEBUG: Querying TASKS collection for completed_at between 2026-04-09T13:27:36+05:30 and 2026-04-10T13:27:36+05:30
2026/04/10 13:27:36 🔍 DEBUG: Query returned 0 task history records
2026/04/10 13:27:36 ✓ Retrieved 0 task history records and 0 worker stats
2026/04/10 13:27:36 ⚠️  Insufficient data (0 tasks < 2 required), using default parameters
2026/04/10 13:27:36 ✓ AOD parameters saved to /Users/codesmith28/personal/Projects/acc/BTEP/master/config/ga_output.json
2026/04/10 13:27:36 ✓ AOD parameters saved to MongoDB collection RTS_WEIGHTS
2026/04/10 13:27:36 ✅ AOD training cycle completed successfully
2026/04/10 13:28:03 ✓ RTS: Reloaded GA parameters from mongodb collection RTS_WEIGHTS
2026/04/10 13:28:49 ✓ RTS: Reloaded GA parameters from mongodb collection RTS_WEIGHTS
2026/04/10 13:28:51 🧬 Starting AOD training cycle...
2026/04/10 13:28:51 🧬 Starting AOD training cycle...
2026/04/10 13:28:51 📊 Fetching task history from 2026-04-09T13:28:51+05:30 to 2026-04-10T13:28:51+05:30
2026/04/10 13:28:51 🔍 DEBUG: Querying TASKS collection for completed_at between 2026-04-09T13:28:51+05:30 and 2026-04-10T13:28:51+05:30
2026/04/10 13:28:51 🔍 DEBUG: Query returned 0 task history records
2026/04/10 13:28:51 📊 Fetching worker stats from 2026-04-09T13:28:51+05:30 to 2026-04-10T13:28:51+05:30
2026/04/10 13:28:51 🔍 DEBUG: Querying TASKS collection for completed_at between 2026-04-09T13:28:51+05:30 and 2026-04-10T13:28:51+05:30
2026/04/10 13:28:51 🔍 DEBUG: Query returned 0 task history records
2026/04/10 13:28:51 ✓ Retrieved 0 task history records and 0 worker stats
2026/04/10 13:28:51 ⚠️  Insufficient data (0 tasks < 2 required), using default parameters
2026/04/10 13:28:51 ✓ AOD parameters saved to /Users/codesmith28/personal/Projects/acc/BTEP/master/config/ga_output.json
2026/04/10 13:28:51 ✓ AOD parameters saved to MongoDB collection RTS_WEIGHTS
2026/04/10 13:28:51 ✅ AOD training cycle completed successfully
2026/04/10 13:29:37 ✓ RTS: Reloaded GA parameters from mongodb collection RTS_WEIGHTS
2026/04/10 13:30:07 ✓ RTS: Reloaded GA parameters from mongodb collection RTS_WEIGHTS
2026/04/10 13:30:09 🧬 Starting AOD training cycle...
2026/04/10 13:30:09 🧬 Starting AOD training cycle...
2026/04/10 13:30:09 📊 Fetching task history from 2026-04-09T13:30:09+05:30 to 2026-04-10T13:30:09+05:30
2026/04/10 13:30:09 🔍 DEBUG: Querying TASKS collection for completed_at between 2026-04-09T13:30:09+05:30 and 2026-04-10T13:30:09+05:30
2026/04/10 13:30:09 🔍 DEBUG: Query returned 0 task history records
2026/04/10 13:30:09 📊 Fetching worker stats from 2026-04-09T13:30:09+05:30 to 2026-04-10T13:30:09+05:30
2026/04/10 13:30:09 🔍 DEBUG: Querying TASKS collection for completed_at between 2026-04-09T13:30:09+05:30 and 2026-04-10T13:30:09+05:30
2026/04/10 13:30:09 🔍 DEBUG: Query returned 0 task history records
2026/04/10 13:30:09 ✓ Retrieved 0 task history records and 0 worker stats
2026/04/10 13:30:09 ⚠️  Insufficient data (0 tasks < 2 required), using default parameters
2026/04/10 13:30:09 ✓ AOD parameters saved to /Users/codesmith28/personal/Projects/acc/BTEP/master/config/ga_output.json
2026/04/10 13:30:09 ✓ AOD parameters saved to MongoDB collection RTS_WEIGHTS
2026/04/10 13:30:09 ✅ AOD training cycle completed successfully
2026/04/10 13:30:37 ✓ RTS: Reloaded GA parameters from mongodb collection RTS_WEIGHTS
2026/04/10 13:31:07 ✓ RTS: Reloaded GA parameters from mongodb collection RTS_WEIGHTS
2026/04/10 13:31:09 🧬 Starting AOD training cycle...
2026/04/10 13:31:09 🧬 Starting AOD training cycle...
2026/04/10 13:31:09 📊 Fetching task history from 2026-04-09T13:31:09+05:30 to 2026-04-10T13:31:09+05:30
2026/04/10 13:31:09 🔍 DEBUG: Querying TASKS collection for completed_at between 2026-04-09T13:31:09+05:30 and 2026-04-10T13:31:09+05:30
2026/04/10 13:31:09 🔍 DEBUG: Query returned 0 task history records
2026/04/10 13:31:09 📊 Fetching worker stats from 2026-04-09T13:31:09+05:30 to 2026-04-10T13:31:09+05:30
2026/04/10 13:31:09 🔍 DEBUG: Querying TASKS collection for completed_at between 2026-04-09T13:31:09+05:30 and 2026-04-10T13:31:09+05:30
2026/04/10 13:31:09 🔍 DEBUG: Query returned 0 task history records
2026/04/10 13:31:09 ✓ Retrieved 0 task history records and 0 worker stats
2026/04/10 13:31:09 ⚠️  Insufficient data (0 tasks < 2 required), using default parameters
2026/04/10 13:31:09 ✓ AOD parameters saved to /Users/codesmith28/personal/Projects/acc/BTEP/master/config/ga_output.json
2026/04/10 13:31:09 ✓ AOD parameters saved to MongoDB collection RTS_WEIGHTS
2026/04/10 13:31:09 ✅ AOD training cycle completed successfully
2026/04/10 13:31:37 ✓ RTS: Reloaded GA parameters from mongodb collection RTS_WEIGHTS
2026/04/10 13:32:07 ✓ RTS: Reloaded GA parameters from mongodb collection RTS_WEIGHTS
2026/04/10 13:32:09 🧬 Starting AOD training cycle...
2026/04/10 13:32:09 🧬 Starting AOD training cycle...
2026/04/10 13:32:09 📊 Fetching task history from 2026-04-09T13:32:09+05:30 to 2026-04-10T13:32:09+05:30
2026/04/10 13:32:09 🔍 DEBUG: Querying TASKS collection for completed_at between 2026-04-09T13:32:09+05:30 and 2026-04-10T13:32:09+05:30
2026/04/10 13:32:09 🔍 DEBUG: Query returned 0 task history records
2026/04/10 13:32:09 📊 Fetching worker stats from 2026-04-09T13:32:09+05:30 to 2026-04-10T13:32:09+05:30
2026/04/10 13:32:09 🔍 DEBUG: Querying TASKS collection for completed_at between 2026-04-09T13:32:09+05:30 and 2026-04-10T13:32:09+05:30
2026/04/10 13:32:09 🔍 DEBUG: Query returned 0 task history records
2026/04/10 13:32:09 ✓ Retrieved 0 task history records and 0 worker stats
2026/04/10 13:32:09 ⚠️  Insufficient data (0 tasks < 2 required), using default parameters
2026/04/10 13:32:09 ✓ AOD parameters saved to /Users/codesmith28/personal/Projects/acc/BTEP/master/config/ga_output.json
2026/04/10 13:32:09 ✓ AOD parameters saved to MongoDB collection RTS_WEIGHTS
2026/04/10 13:32:09 ✅ AOD training cycle completed successfully
2026/04/10 13:32:37 ✓ RTS: Reloaded GA parameters from mongodb collection RTS_WEIGHTS
2026/04/10 13:33:07 ✓ RTS: Reloaded GA parameters from mongodb collection RTS_WEIGHTS
2026/04/10 13:33:09 🧬 Starting AOD training cycle...
2026/04/10 13:33:09 🧬 Starting AOD training cycle...
2026/04/10 13:33:09 📊 Fetching task history from 2026-04-09T13:33:09+05:30 to 2026-04-10T13:33:09+05:30
2026/04/10 13:33:09 🔍 DEBUG: Querying TASKS collection for completed_at between 2026-04-09T13:33:09+05:30 and 2026-04-10T13:33:09+05:30
2026/04/10 13:33:09 🔍 DEBUG: Query returned 0 task history records
2026/04/10 13:33:09 📊 Fetching worker stats from 2026-04-09T13:33:09+05:30 to 2026-04-10T13:33:09+05:30
2026/04/10 13:33:09 🔍 DEBUG: Querying TASKS collection for completed_at between 2026-04-09T13:33:09+05:30 and 2026-04-10T13:33:09+05:30
2026/04/10 13:33:09 🔍 DEBUG: Query returned 0 task history records
2026/04/10 13:33:09 ✓ Retrieved 0 task history records and 0 worker stats
2026/04/10 13:33:09 ⚠️  Insufficient data (0 tasks < 2 required), using default parameters
2026/04/10 13:33:09 ✓ AOD parameters saved to /Users/codesmith28/personal/Projects/acc/BTEP/master/config/ga_output.json
2026/04/10 13:33:09 ✓ AOD parameters saved to MongoDB collection RTS_WEIGHTS
2026/04/10 13:33:09 ✅ AOD training cycle completed successfully
2026/04/10 13:33:37 ✓ RTS: Reloaded GA parameters from mongodb collection RTS_WEIGHTS
2026/04/10 13:34:07 ✓ RTS: Reloaded GA parameters from mongodb collection RTS_WEIGHTS
2026/04/10 13:34:09 🧬 Starting AOD training cycle...
2026/04/10 13:34:09 🧬 Starting AOD training cycle...
2026/04/10 13:34:09 📊 Fetching task history from 2026-04-09T13:34:09+05:30 to 2026-04-10T13:34:09+05:30
2026/04/10 13:34:09 🔍 DEBUG: Querying TASKS collection for completed_at between 2026-04-09T13:34:09+05:30 and 2026-04-10T13:34:09+05:30
2026/04/10 13:34:09 🔍 DEBUG: Query returned 0 task history records
2026/04/10 13:34:09 📊 Fetching worker stats from 2026-04-09T13:34:09+05:30 to 2026-04-10T13:34:09+05:30
2026/04/10 13:34:09 🔍 DEBUG: Querying TASKS collection for completed_at between 2026-04-09T13:34:09+05:30 and 2026-04-10T13:34:09+05:30
2026/04/10 13:34:09 🔍 DEBUG: Query returned 0 task history records
2026/04/10 13:34:09 ✓ Retrieved 0 task history records and 0 worker stats
2026/04/10 13:34:09 ⚠️  Insufficient data (0 tasks < 2 required), using default parameters
2026/04/10 13:34:09 ✓ AOD parameters saved to /Users/codesmith28/personal/Projects/acc/BTEP/master/config/ga_output.json
2026/04/10 13:34:09 ✓ AOD parameters saved to MongoDB collection RTS_WEIGHTS
2026/04/10 13:34:09 ✅ AOD training cycle completed successfully
2026/04/10 13:34:37 ✓ RTS: Reloaded GA parameters from mongodb collection RTS_WEIGHTS
2026/04/10 13:35:07 ✓ RTS: Reloaded GA parameters from mongodb collection RTS_WEIGHTS
2026/04/10 13:35:09 🧬 Starting AOD training cycle...
2026/04/10 13:35:09 🧬 Starting AOD training cycle...
2026/04/10 13:35:09 📊 Fetching task history from 2026-04-09T13:35:09+05:30 to 2026-04-10T13:35:09+05:30
2026/04/10 13:35:09 🔍 DEBUG: Querying TASKS collection for completed_at between 2026-04-09T13:35:09+05:30 and 2026-04-10T13:35:09+05:30
2026/04/10 13:35:09 🔍 DEBUG: Query returned 0 task history records
2026/04/10 13:35:09 📊 Fetching worker stats from 2026-04-09T13:35:09+05:30 to 2026-04-10T13:35:09+05:30
2026/04/10 13:35:09 🔍 DEBUG: Querying TASKS collection for completed_at between 2026-04-09T13:35:09+05:30 and 2026-04-10T13:35:09+05:30
2026/04/10 13:35:09 🔍 DEBUG: Query returned 0 task history records
2026/04/10 13:35:09 ✓ Retrieved 0 task history records and 0 worker stats
2026/04/10 13:35:09 ⚠️  Insufficient data (0 tasks < 2 required), using default parameters
2026/04/10 13:35:09 ✓ AOD parameters saved to /Users/codesmith28/personal/Projects/acc/BTEP/master/config/ga_output.json
2026/04/10 13:35:09 ✓ AOD parameters saved to MongoDB collection RTS_WEIGHTS
2026/04/10 13:35:09 ✅ AOD training cycle completed successfully
2026/04/10 13:35:37 ✓ RTS: Reloaded GA parameters from mongodb collection RTS_WEIGHTS
2026/04/10 13:36:07 ✓ RTS: Reloaded GA parameters from mongodb collection RTS_WEIGHTS
2026/04/10 13:36:09 🧬 Starting AOD training cycle...
2026/04/10 13:36:09 🧬 Starting AOD training cycle...
2026/04/10 13:36:09 📊 Fetching task history from 2026-04-09T13:36:09+05:30 to 2026-04-10T13:36:09+05:30
2026/04/10 13:36:09 🔍 DEBUG: Querying TASKS collection for completed_at between 2026-04-09T13:36:09+05:30 and 2026-04-10T13:36:09+05:30
2026/04/10 13:36:09 🔍 DEBUG: Query returned 0 task history records
2026/04/10 13:36:09 📊 Fetching worker stats from 2026-04-09T13:36:09+05:30 to 2026-04-10T13:36:09+05:30
2026/04/10 13:36:09 🔍 DEBUG: Querying TASKS collection for completed_at between 2026-04-09T13:36:09+05:30 and 2026-04-10T13:36:09+05:30
2026/04/10 13:36:09 🔍 DEBUG: Query returned 0 task history records
2026/04/10 13:36:09 ✓ Retrieved 0 task history records and 0 worker stats
2026/04/10 13:36:09 ⚠️  Insufficient data (0 tasks < 2 required), using default parameters
2026/04/10 13:36:09 ✓ AOD parameters saved to /Users/codesmith28/personal/Projects/acc/BTEP/master/config/ga_output.json
2026/04/10 13:36:09 ✓ AOD parameters saved to MongoDB collection RTS_WEIGHTS
2026/04/10 13:36:09 ✅ AOD training cycle completed successfully
2026/04/10 13:36:41 ✓ RTS: Reloaded GA parameters from mongodb collection RTS_WEIGHTS
2026/04/10 13:37:11 ✓ RTS: Reloaded GA parameters from mongodb collection RTS_WEIGHTS
2026/04/10 13:37:13 🧬 Starting AOD training cycle...
2026/04/10 13:37:13 🧬 Starting AOD training cycle...
2026/04/10 13:37:13 📊 Fetching task history from 2026-04-09T13:37:13+05:30 to 2026-04-10T13:37:13+05:30
2026/04/10 13:37:13 🔍 DEBUG: Querying TASKS collection for completed_at between 2026-04-09T13:37:13+05:30 and 2026-04-10T13:37:13+05:30
2026/04/10 13:37:13 🔍 DEBUG: Query returned 0 task history records
2026/04/10 13:37:13 📊 Fetching worker stats from 2026-04-09T13:37:13+05:30 to 2026-04-10T13:37:13+05:30
2026/04/10 13:37:13 🔍 DEBUG: Querying TASKS collection for completed_at between 2026-04-09T13:37:13+05:30 and 2026-04-10T13:37:13+05:30
2026/04/10 13:37:13 🔍 DEBUG: Query returned 0 task history records
2026/04/10 13:37:13 ✓ Retrieved 0 task history records and 0 worker stats
2026/04/10 13:37:13 ⚠️  Insufficient data (0 tasks < 2 required), using default parameters
2026/04/10 13:37:13 ✓ AOD parameters saved to /Users/codesmith28/personal/Projects/acc/BTEP/master/config/ga_output.json
2026/04/10 13:37:13 ✓ AOD parameters saved to MongoDB collection RTS_WEIGHTS
2026/04/10 13:37:13 ✅ AOD training cycle completed successfully
2026/04/10 13:37:52 ✓ RTS: Reloaded GA parameters from mongodb collection RTS_WEIGHTS
2026/04/10 13:38:40 ✓ RTS: Reloaded GA parameters from mongodb collection RTS_WEIGHTS
2026/04/10 13:38:43 🧬 Starting AOD training cycle...
2026/04/10 13:38:43 🧬 Starting AOD training cycle...
2026/04/10 13:38:43 📊 Fetching task history from 2026-04-09T13:38:43+05:30 to 2026-04-10T13:38:43+05:30
2026/04/10 13:38:43 🔍 DEBUG: Querying TASKS collection for completed_at between 2026-04-09T13:38:43+05:30 and 2026-04-10T13:38:43+05:30
2026/04/10 13:38:43 🔍 DEBUG: Query returned 0 task history records
2026/04/10 13:38:43 📊 Fetching worker stats from 2026-04-09T13:38:43+05:30 to 2026-04-10T13:38:43+05:30
2026/04/10 13:38:43 🔍 DEBUG: Querying TASKS collection for completed_at between 2026-04-09T13:38:43+05:30 and 2026-04-10T13:38:43+05:30
2026/04/10 13:38:43 🔍 DEBUG: Query returned 0 task history records
2026/04/10 13:38:43 ✓ Retrieved 0 task history records and 0 worker stats
2026/04/10 13:38:43 ⚠️  Insufficient data (0 tasks < 2 required), using default parameters
2026/04/10 13:38:43 ✓ AOD parameters saved to /Users/codesmith28/personal/Projects/acc/BTEP/master/config/ga_output.json
2026/04/10 13:38:43 ✓ AOD parameters saved to MongoDB collection RTS_WEIGHTS
2026/04/10 13:38:43 ✅ AOD training cycle completed successfully
2026/04/10 13:39:10 ✓ RTS: Reloaded GA parameters from mongodb collection RTS_WEIGHTS
2026/04/10 13:39:59 ✓ RTS: Reloaded GA parameters from mongodb collection RTS_WEIGHTS
2026/04/10 13:40:02 🧬 Starting AOD training cycle...
2026/04/10 13:40:02 🧬 Starting AOD training cycle...
2026/04/10 13:40:02 📊 Fetching task history from 2026-04-09T13:40:02+05:30 to 2026-04-10T13:40:02+05:30
2026/04/10 13:40:02 🔍 DEBUG: Querying TASKS collection for completed_at between 2026-04-09T13:40:02+05:30 and 2026-04-10T13:40:02+05:30
2026/04/10 13:40:02 🔍 DEBUG: Query returned 0 task history records
2026/04/10 13:40:02 📊 Fetching worker stats from 2026-04-09T13:40:02+05:30 to 2026-04-10T13:40:02+05:30
2026/04/10 13:40:02 🔍 DEBUG: Querying TASKS collection for completed_at between 2026-04-09T13:40:02+05:30 and 2026-04-10T13:40:02+05:30
2026/04/10 13:40:02 🔍 DEBUG: Query returned 0 task history records
2026/04/10 13:40:02 ✓ Retrieved 0 task history records and 0 worker stats
2026/04/10 13:40:02 ⚠️  Insufficient data (0 tasks < 2 required), using default parameters
2026/04/10 13:40:02 ✓ AOD parameters saved to /Users/codesmith28/personal/Projects/acc/BTEP/master/config/ga_output.json
2026/04/10 13:40:02 ✓ AOD parameters saved to MongoDB collection RTS_WEIGHTS
2026/04/10 13:40:02 ✅ AOD training cycle completed successfully
2026/04/10 13:40:46 ✓ RTS: Reloaded GA parameters from mongodb collection RTS_WEIGHTS
2026/04/10 13:41:16 ✓ RTS: Reloaded GA parameters from mongodb collection RTS_WEIGHTS
2026/04/10 13:41:19 🧬 Starting AOD training cycle...
2026/04/10 13:41:19 🧬 Starting AOD training cycle...
2026/04/10 13:41:19 📊 Fetching task history from 2026-04-09T13:41:19+05:30 to 2026-04-10T13:41:19+05:30
2026/04/10 13:41:19 🔍 DEBUG: Querying TASKS collection for completed_at between 2026-04-09T13:41:19+05:30 and 2026-04-10T13:41:19+05:30
2026/04/10 13:41:19 🔍 DEBUG: Query returned 0 task history records
2026/04/10 13:41:19 📊 Fetching worker stats from 2026-04-09T13:41:19+05:30 to 2026-04-10T13:41:19+05:30
2026/04/10 13:41:19 🔍 DEBUG: Querying TASKS collection for completed_at between 2026-04-09T13:41:19+05:30 and 2026-04-10T13:41:19+05:30
2026/04/10 13:41:19 🔍 DEBUG: Query returned 0 task history records
2026/04/10 13:41:19 ✓ Retrieved 0 task history records and 0 worker stats
2026/04/10 13:41:19 ⚠️  Insufficient data (0 tasks < 2 required), using default parameters
2026/04/10 13:41:19 ✓ AOD parameters saved to /Users/codesmith28/personal/Projects/acc/BTEP/master/config/ga_output.json
2026/04/10 13:41:19 ✓ AOD parameters saved to MongoDB collection RTS_WEIGHTS
2026/04/10 13:41:19 ✅ AOD training cycle completed successfully
2026/04/10 13:42:05 ✓ RTS: Reloaded GA parameters from mongodb collection RTS_WEIGHTS
2026/04/10 13:42:57 ✓ RTS: Reloaded GA parameters from mongodb collection RTS_WEIGHTS
2026/04/10 13:43:00 🧬 Starting AOD training cycle...
2026/04/10 13:43:00 🧬 Starting AOD training cycle...
2026/04/10 13:43:00 📊 Fetching task history from 2026-04-09T13:43:00+05:30 to 2026-04-10T13:43:00+05:30
2026/04/10 13:43:00 🔍 DEBUG: Querying TASKS collection for completed_at between 2026-04-09T13:43:00+05:30 and 2026-04-10T13:43:00+05:30
2026/04/10 13:43:00 🔍 DEBUG: Query returned 0 task history records
2026/04/10 13:43:00 📊 Fetching worker stats from 2026-04-09T13:43:00+05:30 to 2026-04-10T13:43:00+05:30
2026/04/10 13:43:00 🔍 DEBUG: Querying TASKS collection for completed_at between 2026-04-09T13:43:00+05:30 and 2026-04-10T13:43:00+05:30
2026/04/10 13:43:00 🔍 DEBUG: Query returned 0 task history records
2026/04/10 13:43:00 ✓ Retrieved 0 task history records and 0 worker stats
2026/04/10 13:43:00 ⚠️  Insufficient data (0 tasks < 2 required), using default parameters
2026/04/10 13:43:00 ✓ AOD parameters saved to /Users/codesmith28/personal/Projects/acc/BTEP/master/config/ga_output.json
2026/04/10 13:43:00 ✓ AOD parameters saved to MongoDB collection RTS_WEIGHTS
2026/04/10 13:43:00 ✅ AOD training cycle completed successfully
2026/04/10 13:43:27 ✓ RTS: Reloaded GA parameters from mongodb collection RTS_WEIGHTS
2026/04/10 13:43:57 ✓ RTS: Reloaded GA parameters from mongodb collection RTS_WEIGHTS
2026/04/10 13:44:00 🧬 Starting AOD training cycle...
2026/04/10 13:44:00 🧬 Starting AOD training cycle...
2026/04/10 13:44:00 📊 Fetching task history from 2026-04-09T13:44:00+05:30 to 2026-04-10T13:44:00+05:30
2026/04/10 13:44:00 🔍 DEBUG: Querying TASKS collection for completed_at between 2026-04-09T13:44:00+05:30 and 2026-04-10T13:44:00+05:30
2026/04/10 13:44:00 🔍 DEBUG: Query returned 0 task history records
2026/04/10 13:44:00 📊 Fetching worker stats from 2026-04-09T13:44:00+05:30 to 2026-04-10T13:44:00+05:30
2026/04/10 13:44:00 🔍 DEBUG: Querying TASKS collection for completed_at between 2026-04-09T13:44:00+05:30 and 2026-04-10T13:44:00+05:30
2026/04/10 13:44:00 🔍 DEBUG: Query returned 0 task history records
2026/04/10 13:44:00 ✓ Retrieved 0 task history records and 0 worker stats
2026/04/10 13:44:00 ⚠️  Insufficient data (0 tasks < 2 required), using default parameters
2026/04/10 13:44:00 ✓ AOD parameters saved to /Users/codesmith28/personal/Projects/acc/BTEP/master/config/ga_output.json
2026/04/10 13:44:00 ✓ AOD parameters saved to MongoDB collection RTS_WEIGHTS
2026/04/10 13:44:00 ✅ AOD training cycle completed successfully
2026/04/10 13:44:27 ✓ RTS: Reloaded GA parameters from mongodb collection RTS_WEIGHTS
2026/04/10 13:44:57 ✓ RTS: Reloaded GA parameters from mongodb collection RTS_WEIGHTS
2026/04/10 13:45:00 🧬 Starting AOD training cycle...
2026/04/10 13:45:00 🧬 Starting AOD training cycle...
2026/04/10 13:45:00 📊 Fetching task history from 2026-04-09T13:45:00+05:30 to 2026-04-10T13:45:00+05:30
2026/04/10 13:45:00 🔍 DEBUG: Querying TASKS collection for completed_at between 2026-04-09T13:45:00+05:30 and 2026-04-10T13:45:00+05:30
2026/04/10 13:45:00 🔍 DEBUG: Query returned 0 task history records
2026/04/10 13:45:00 📊 Fetching worker stats from 2026-04-09T13:45:00+05:30 to 2026-04-10T13:45:00+05:30
2026/04/10 13:45:00 🔍 DEBUG: Querying TASKS collection for completed_at between 2026-04-09T13:45:00+05:30 and 2026-04-10T13:45:00+05:30
2026/04/10 13:45:00 🔍 DEBUG: Query returned 0 task history records
2026/04/10 13:45:00 ✓ Retrieved 0 task history records and 0 worker stats
2026/04/10 13:45:00 ⚠️  Insufficient data (0 tasks < 2 required), using default parameters
2026/04/10 13:45:00 ✓ AOD parameters saved to /Users/codesmith28/personal/Projects/acc/BTEP/master/config/ga_output.json
2026/04/10 13:45:00 ✓ AOD parameters saved to MongoDB collection RTS_WEIGHTS
2026/04/10 13:45:00 ✅ AOD training cycle completed successfully
2026/04/10 13:45:27 ✓ RTS: Reloaded GA parameters from mongodb collection RTS_WEIGHTS
2026/04/10 13:45:57 ✓ RTS: Reloaded GA parameters from mongodb collection RTS_WEIGHTS
2026/04/10 13:46:00 🧬 Starting AOD training cycle...
2026/04/10 13:46:00 🧬 Starting AOD training cycle...
2026/04/10 13:46:00 📊 Fetching task history from 2026-04-09T13:46:00+05:30 to 2026-04-10T13:46:00+05:30
2026/04/10 13:46:00 🔍 DEBUG: Querying TASKS collection for completed_at between 2026-04-09T13:46:00+05:30 and 2026-04-10T13:46:00+05:30
2026/04/10 13:46:00 🔍 DEBUG: Query returned 0 task history records
2026/04/10 13:46:00 📊 Fetching worker stats from 2026-04-09T13:46:00+05:30 to 2026-04-10T13:46:00+05:30
2026/04/10 13:46:00 🔍 DEBUG: Querying TASKS collection for completed_at between 2026-04-09T13:46:00+05:30 and 2026-04-10T13:46:00+05:30
2026/04/10 13:46:00 🔍 DEBUG: Query returned 0 task history records
2026/04/10 13:46:00 ✓ Retrieved 0 task history records and 0 worker stats
2026/04/10 13:46:00 ⚠️  Insufficient data (0 tasks < 2 required), using default parameters
2026/04/10 13:46:00 ✓ AOD parameters saved to /Users/codesmith28/personal/Projects/acc/BTEP/master/config/ga_output.json
2026/04/10 13:46:00 ✓ AOD parameters saved to MongoDB collection RTS_WEIGHTS
2026/04/10 13:46:00 ✅ AOD training cycle completed successfully
2026/04/10 13:46:27 ✓ RTS: Reloaded GA parameters from mongodb collection RTS_WEIGHTS
2026/04/10 13:46:57 ✓ RTS: Reloaded GA parameters from mongodb collection RTS_WEIGHTS
2026/04/10 13:47:00 🧬 Starting AOD training cycle...
2026/04/10 13:47:00 🧬 Starting AOD training cycle...
2026/04/10 13:47:00 📊 Fetching task history from 2026-04-09T13:47:00+05:30 to 2026-04-10T13:47:00+05:30
2026/04/10 13:47:00 🔍 DEBUG: Querying TASKS collection for completed_at between 2026-04-09T13:47:00+05:30 and 2026-04-10T13:47:00+05:30
2026/04/10 13:47:00 🔍 DEBUG: Query returned 0 task history records
2026/04/10 13:47:00 📊 Fetching worker stats from 2026-04-09T13:47:00+05:30 to 2026-04-10T13:47:00+05:30
2026/04/10 13:47:00 🔍 DEBUG: Querying TASKS collection for completed_at between 2026-04-09T13:47:00+05:30 and 2026-04-10T13:47:00+05:30
2026/04/10 13:47:00 🔍 DEBUG: Query returned 0 task history records
2026/04/10 13:47:00 ✓ Retrieved 0 task history records and 0 worker stats
2026/04/10 13:47:00 ⚠️  Insufficient data (0 tasks < 2 required), using default parameters
2026/04/10 13:47:00 ✓ AOD parameters saved to /Users/codesmith28/personal/Projects/acc/BTEP/master/config/ga_output.json
2026/04/10 13:47:00 ✓ AOD parameters saved to MongoDB collection RTS_WEIGHTS
2026/04/10 13:47:00 ✅ AOD training cycle completed successfully
2026/04/10 13:47:27 ✓ RTS: Reloaded GA parameters from mongodb collection RTS_WEIGHTS
2026/04/10 13:47:57 ✓ RTS: Reloaded GA parameters from mongodb collection RTS_WEIGHTS
2026/04/10 13:48:00 🧬 Starting AOD training cycle...
2026/04/10 13:48:00 🧬 Starting AOD training cycle...
2026/04/10 13:48:00 📊 Fetching task history from 2026-04-09T13:48:00+05:30 to 2026-04-10T13:48:00+05:30
2026/04/10 13:48:00 🔍 DEBUG: Querying TASKS collection for completed_at between 2026-04-09T13:48:00+05:30 and 2026-04-10T13:48:00+05:30
2026/04/10 13:48:00 🔍 DEBUG: Query returned 0 task history records
2026/04/10 13:48:00 📊 Fetching worker stats from 2026-04-09T13:48:00+05:30 to 2026-04-10T13:48:00+05:30
2026/04/10 13:48:00 🔍 DEBUG: Querying TASKS collection for completed_at between 2026-04-09T13:48:00+05:30 and 2026-04-10T13:48:00+05:30
2026/04/10 13:48:00 🔍 DEBUG: Query returned 0 task history records
2026/04/10 13:48:00 ✓ Retrieved 0 task history records and 0 worker stats
2026/04/10 13:48:00 ⚠️  Insufficient data (0 tasks < 2 required), using default parameters
2026/04/10 13:48:00 ✓ AOD parameters saved to /Users/codesmith28/personal/Projects/acc/BTEP/master/config/ga_output.json
2026/04/10 13:48:00 ✓ AOD parameters saved to MongoDB collection RTS_WEIGHTS
2026/04/10 13:48:00 ✅ AOD training cycle completed successfully
2026/04/10 13:48:27 ✓ RTS: Reloaded GA parameters from mongodb collection RTS_WEIGHTS
2026/04/10 13:48:57 ✓ RTS: Reloaded GA parameters from mongodb collection RTS_WEIGHTS
2026/04/10 13:49:00 🧬 Starting AOD training cycle...
2026/04/10 13:49:00 🧬 Starting AOD training cycle...
2026/04/10 13:49:00 📊 Fetching task history from 2026-04-09T13:49:00+05:30 to 2026-04-10T13:49:00+05:30
2026/04/10 13:49:00 🔍 DEBUG: Querying TASKS collection for completed_at between 2026-04-09T13:49:00+05:30 and 2026-04-10T13:49:00+05:30
2026/04/10 13:49:00 🔍 DEBUG: Query returned 0 task history records
2026/04/10 13:49:00 📊 Fetching worker stats from 2026-04-09T13:49:00+05:30 to 2026-04-10T13:49:00+05:30
2026/04/10 13:49:00 🔍 DEBUG: Querying TASKS collection for completed_at between 2026-04-09T13:49:00+05:30 and 2026-04-10T13:49:00+05:30
2026/04/10 13:49:00 🔍 DEBUG: Query returned 0 task history records
2026/04/10 13:49:00 ✓ Retrieved 0 task history records and 0 worker stats
2026/04/10 13:49:00 ⚠️  Insufficient data (0 tasks < 2 required), using default parameters
2026/04/10 13:49:00 ✓ AOD parameters saved to /Users/codesmith28/personal/Projects/acc/BTEP/master/config/ga_output.json
2026/04/10 13:49:00 ✓ AOD parameters saved to MongoDB collection RTS_WEIGHTS
2026/04/10 13:49:00 ✅ AOD training cycle completed successfully
2026/04/10 13:49:27 ✓ RTS: Reloaded GA parameters from mongodb collection RTS_WEIGHTS
2026/04/10 13:49:57 ✓ RTS: Reloaded GA parameters from mongodb collection RTS_WEIGHTS
2026/04/10 13:50:00 🧬 Starting AOD training cycle...
2026/04/10 13:50:00 🧬 Starting AOD training cycle...
2026/04/10 13:50:00 📊 Fetching task history from 2026-04-09T13:50:00+05:30 to 2026-04-10T13:50:00+05:30
2026/04/10 13:50:00 🔍 DEBUG: Querying TASKS collection for completed_at between 2026-04-09T13:50:00+05:30 and 2026-04-10T13:50:00+05:30
2026/04/10 13:50:00 🔍 DEBUG: Query returned 0 task history records
2026/04/10 13:50:00 📊 Fetching worker stats from 2026-04-09T13:50:00+05:30 to 2026-04-10T13:50:00+05:30
2026/04/10 13:50:00 🔍 DEBUG: Querying TASKS collection for completed_at between 2026-04-09T13:50:00+05:30 and 2026-04-10T13:50:00+05:30
2026/04/10 13:50:00 🔍 DEBUG: Query returned 0 task history records
2026/04/10 13:50:00 ✓ Retrieved 0 task history records and 0 worker stats
2026/04/10 13:50:00 ⚠️  Insufficient data (0 tasks < 2 required), using default parameters
2026/04/10 13:50:00 ✓ AOD parameters saved to /Users/codesmith28/personal/Projects/acc/BTEP/master/config/ga_output.json
2026/04/10 13:50:00 ✓ AOD parameters saved to MongoDB collection RTS_WEIGHTS
2026/04/10 13:50:00 ✅ AOD training cycle completed successfully
2026/04/10 13:50:27 ✓ RTS: Reloaded GA parameters from mongodb collection RTS_WEIGHTS
2026/04/10 13:50:57 ✓ RTS: Reloaded GA parameters from mongodb collection RTS_WEIGHTS
2026/04/10 13:51:00 🧬 Starting AOD training cycle...
2026/04/10 13:51:00 🧬 Starting AOD training cycle...
2026/04/10 13:51:00 📊 Fetching task history from 2026-04-09T13:51:00+05:30 to 2026-04-10T13:51:00+05:30
2026/04/10 13:51:00 🔍 DEBUG: Querying TASKS collection for completed_at between 2026-04-09T13:51:00+05:30 and 2026-04-10T13:51:00+05:30
2026/04/10 13:51:00 🔍 DEBUG: Query returned 0 task history records
2026/04/10 13:51:00 📊 Fetching worker stats from 2026-04-09T13:51:00+05:30 to 2026-04-10T13:51:00+05:30
2026/04/10 13:51:00 🔍 DEBUG: Querying TASKS collection for completed_at between 2026-04-09T13:51:00+05:30 and 2026-04-10T13:51:00+05:30
2026/04/10 13:51:00 🔍 DEBUG: Query returned 0 task history records
2026/04/10 13:51:00 ✓ Retrieved 0 task history records and 0 worker stats
2026/04/10 13:51:00 ⚠️  Insufficient data (0 tasks < 2 required), using default parameters
2026/04/10 13:51:00 ✓ AOD parameters saved to /Users/codesmith28/personal/Projects/acc/BTEP/master/config/ga_output.json
2026/04/10 13:51:00 ✓ AOD parameters saved to MongoDB collection RTS_WEIGHTS
2026/04/10 13:51:00 ✅ AOD training cycle completed successfully
2026/04/10 13:51:27 ✓ RTS: Reloaded GA parameters from mongodb collection RTS_WEIGHTS
2026/04/10 13:51:57 ✓ RTS: Reloaded GA parameters from mongodb collection RTS_WEIGHTS
2026/04/10 13:52:00 🧬 Starting AOD training cycle...
2026/04/10 13:52:00 🧬 Starting AOD training cycle...
2026/04/10 13:52:00 📊 Fetching task history from 2026-04-09T13:52:00+05:30 to 2026-04-10T13:52:00+05:30
2026/04/10 13:52:00 🔍 DEBUG: Querying TASKS collection for completed_at between 2026-04-09T13:52:00+05:30 and 2026-04-10T13:52:00+05:30
2026/04/10 13:52:00 🔍 DEBUG: Query returned 0 task history records
2026/04/10 13:52:00 📊 Fetching worker stats from 2026-04-09T13:52:00+05:30 to 2026-04-10T13:52:00+05:30
2026/04/10 13:52:00 🔍 DEBUG: Querying TASKS collection for completed_at between 2026-04-09T13:52:00+05:30 and 2026-04-10T13:52:00+05:30
2026/04/10 13:52:00 🔍 DEBUG: Query returned 0 task history records
2026/04/10 13:52:00 ✓ Retrieved 0 task history records and 0 worker stats
2026/04/10 13:52:00 ⚠️  Insufficient data (0 tasks < 2 required), using default parameters
2026/04/10 13:52:00 ✓ AOD parameters saved to /Users/codesmith28/personal/Projects/acc/BTEP/master/config/ga_output.json
2026/04/10 13:52:00 ✓ AOD parameters saved to MongoDB collection RTS_WEIGHTS
2026/04/10 13:52:00 ✅ AOD training cycle completed successfully
2026/04/10 13:52:27 ✓ RTS: Reloaded GA parameters from mongodb collection RTS_WEIGHTS
2026/04/10 13:52:57 ✓ RTS: Reloaded GA parameters from mongodb collection RTS_WEIGHTS
2026/04/10 13:53:00 🧬 Starting AOD training cycle...
2026/04/10 13:53:00 🧬 Starting AOD training cycle...
2026/04/10 13:53:00 📊 Fetching task history from 2026-04-09T13:53:00+05:30 to 2026-04-10T13:53:00+05:30
2026/04/10 13:53:00 🔍 DEBUG: Querying TASKS collection for completed_at between 2026-04-09T13:53:00+05:30 and 2026-04-10T13:53:00+05:30
2026/04/10 13:53:00 🔍 DEBUG: Query returned 0 task history records
2026/04/10 13:53:00 📊 Fetching worker stats from 2026-04-09T13:53:00+05:30 to 2026-04-10T13:53:00+05:30
2026/04/10 13:53:00 🔍 DEBUG: Querying TASKS collection for completed_at between 2026-04-09T13:53:00+05:30 and 2026-04-10T13:53:00+05:30
2026/04/10 13:53:00 🔍 DEBUG: Query returned 0 task history records
2026/04/10 13:53:00 ✓ Retrieved 0 task history records and 0 worker stats
2026/04/10 13:53:00 ⚠️  Insufficient data (0 tasks < 2 required), using default parameters
2026/04/10 13:53:00 ✓ AOD parameters saved to /Users/codesmith28/personal/Projects/acc/BTEP/master/config/ga_output.json
2026/04/10 13:53:00 ✓ AOD parameters saved to MongoDB collection RTS_WEIGHTS
2026/04/10 13:53:00 ✅ AOD training cycle completed successfully
2026/04/10 13:53:27 ✓ RTS: Reloaded GA parameters from mongodb collection RTS_WEIGHTS
2026/04/10 13:53:57 ✓ RTS: Reloaded GA parameters from mongodb collection RTS_WEIGHTS
2026/04/10 13:54:00 🧬 Starting AOD training cycle...
2026/04/10 13:54:00 🧬 Starting AOD training cycle...
2026/04/10 13:54:00 📊 Fetching task history from 2026-04-09T13:54:00+05:30 to 2026-04-10T13:54:00+05:30
2026/04/10 13:54:00 🔍 DEBUG: Querying TASKS collection for completed_at between 2026-04-09T13:54:00+05:30 and 2026-04-10T13:54:00+05:30
2026/04/10 13:54:00 🔍 DEBUG: Query returned 0 task history records
2026/04/10 13:54:00 📊 Fetching worker stats from 2026-04-09T13:54:00+05:30 to 2026-04-10T13:54:00+05:30
2026/04/10 13:54:00 🔍 DEBUG: Querying TASKS collection for completed_at between 2026-04-09T13:54:00+05:30 and 2026-04-10T13:54:00+05:30
2026/04/10 13:54:00 🔍 DEBUG: Query returned 0 task history records
2026/04/10 13:54:00 ✓ Retrieved 0 task history records and 0 worker stats
2026/04/10 13:54:00 ⚠️  Insufficient data (0 tasks < 2 required), using default parameters
2026/04/10 13:54:00 ✓ AOD parameters saved to /Users/codesmith28/personal/Projects/acc/BTEP/master/config/ga_output.json
2026/04/10 13:54:00 ✓ AOD parameters saved to MongoDB collection RTS_WEIGHTS
2026/04/10 13:54:00 ✅ AOD training cycle completed successfully
2026/04/10 13:54:27 ✓ RTS: Reloaded GA parameters from mongodb collection RTS_WEIGHTS
2026/04/10 13:54:57 ✓ RTS: Reloaded GA parameters from mongodb collection RTS_WEIGHTS
2026/04/10 13:55:00 🧬 Starting AOD training cycle...
2026/04/10 13:55:00 🧬 Starting AOD training cycle...
2026/04/10 13:55:00 📊 Fetching task history from 2026-04-09T13:55:00+05:30 to 2026-04-10T13:55:00+05:30
2026/04/10 13:55:00 🔍 DEBUG: Querying TASKS collection for completed_at between 2026-04-09T13:55:00+05:30 and 2026-04-10T13:55:00+05:30
2026/04/10 13:55:00 🔍 DEBUG: Query returned 0 task history records
2026/04/10 13:55:00 📊 Fetching worker stats from 2026-04-09T13:55:00+05:30 to 2026-04-10T13:55:00+05:30
2026/04/10 13:55:00 🔍 DEBUG: Querying TASKS collection for completed_at between 2026-04-09T13:55:00+05:30 and 2026-04-10T13:55:00+05:30
2026/04/10 13:55:00 🔍 DEBUG: Query returned 0 task history records
2026/04/10 13:55:00 ✓ Retrieved 0 task history records and 0 worker stats
2026/04/10 13:55:00 ⚠️  Insufficient data (0 tasks < 2 required), using default parameters
2026/04/10 13:55:00 ✓ AOD parameters saved to /Users/codesmith28/personal/Projects/acc/BTEP/master/config/ga_output.json
2026/04/10 13:55:00 ✓ AOD parameters saved to MongoDB collection RTS_WEIGHTS
2026/04/10 13:55:00 ✅ AOD training cycle completed successfully
2026/04/10 13:55:27 ✓ RTS: Reloaded GA parameters from mongodb collection RTS_WEIGHTS
2026/04/10 13:55:57 ✓ RTS: Reloaded GA parameters from mongodb collection RTS_WEIGHTS
2026/04/10 13:56:00 🧬 Starting AOD training cycle...
2026/04/10 13:56:00 🧬 Starting AOD training cycle...
2026/04/10 13:56:00 📊 Fetching task history from 2026-04-09T13:56:00+05:30 to 2026-04-10T13:56:00+05:30
2026/04/10 13:56:00 🔍 DEBUG: Querying TASKS collection for completed_at between 2026-04-09T13:56:00+05:30 and 2026-04-10T13:56:00+05:30
2026/04/10 13:56:00 🔍 DEBUG: Query returned 0 task history records
2026/04/10 13:56:00 📊 Fetching worker stats from 2026-04-09T13:56:00+05:30 to 2026-04-10T13:56:00+05:30
2026/04/10 13:56:00 🔍 DEBUG: Querying TASKS collection for completed_at between 2026-04-09T13:56:00+05:30 and 2026-04-10T13:56:00+05:30
2026/04/10 13:56:00 🔍 DEBUG: Query returned 0 task history records
2026/04/10 13:56:00 ✓ Retrieved 0 task history records and 0 worker stats
2026/04/10 13:56:00 ⚠️  Insufficient data (0 tasks < 2 required), using default parameters
2026/04/10 13:56:00 ✓ AOD parameters saved to /Users/codesmith28/personal/Projects/acc/BTEP/master/config/ga_output.json
2026/04/10 13:56:00 ✓ AOD parameters saved to MongoDB collection RTS_WEIGHTS
2026/04/10 13:56:00 ✅ AOD training cycle completed successfully
2026/04/10 13:56:27 ✓ RTS: Reloaded GA parameters from mongodb collection RTS_WEIGHTS
2026/04/10 13:56:57 ✓ RTS: Reloaded GA parameters from mongodb collection RTS_WEIGHTS
2026/04/10 13:57:00 🧬 Starting AOD training cycle...
2026/04/10 13:57:00 🧬 Starting AOD training cycle...
2026/04/10 13:57:00 📊 Fetching task history from 2026-04-09T13:57:00+05:30 to 2026-04-10T13:57:00+05:30
2026/04/10 13:57:00 🔍 DEBUG: Querying TASKS collection for completed_at between 2026-04-09T13:57:00+05:30 and 2026-04-10T13:57:00+05:30
2026/04/10 13:57:00 🔍 DEBUG: Query returned 0 task history records
2026/04/10 13:57:00 📊 Fetching worker stats from 2026-04-09T13:57:00+05:30 to 2026-04-10T13:57:00+05:30
2026/04/10 13:57:00 🔍 DEBUG: Querying TASKS collection for completed_at between 2026-04-09T13:57:00+05:30 and 2026-04-10T13:57:00+05:30
2026/04/10 13:57:00 🔍 DEBUG: Query returned 0 task history records
2026/04/10 13:57:00 ✓ Retrieved 0 task history records and 0 worker stats
2026/04/10 13:57:00 ⚠️  Insufficient data (0 tasks < 2 required), using default parameters
2026/04/10 13:57:00 ✓ AOD parameters saved to /Users/codesmith28/personal/Projects/acc/BTEP/master/config/ga_output.json
2026/04/10 13:57:00 ✓ AOD parameters saved to MongoDB collection RTS_WEIGHTS
2026/04/10 13:57:00 ✅ AOD training cycle completed successfully
2026/04/10 13:57:27 ✓ RTS: Reloaded GA parameters from mongodb collection RTS_WEIGHTS
2026/04/10 13:57:57 ✓ RTS: Reloaded GA parameters from mongodb collection RTS_WEIGHTS
2026/04/10 13:58:00 🧬 Starting AOD training cycle...
2026/04/10 13:58:00 🧬 Starting AOD training cycle...
2026/04/10 13:58:00 📊 Fetching task history from 2026-04-09T13:58:00+05:30 to 2026-04-10T13:58:00+05:30
2026/04/10 13:58:00 🔍 DEBUG: Querying TASKS collection for completed_at between 2026-04-09T13:58:00+05:30 and 2026-04-10T13:58:00+05:30
2026/04/10 13:58:00 🔍 DEBUG: Query returned 0 task history records
2026/04/10 13:58:00 📊 Fetching worker stats from 2026-04-09T13:58:00+05:30 to 2026-04-10T13:58:00+05:30
2026/04/10 13:58:00 🔍 DEBUG: Querying TASKS collection for completed_at between 2026-04-09T13:58:00+05:30 and 2026-04-10T13:58:00+05:30
2026/04/10 13:58:00 🔍 DEBUG: Query returned 0 task history records
2026/04/10 13:58:00 ✓ Retrieved 0 task history records and 0 worker stats
2026/04/10 13:58:00 ⚠️  Insufficient data (0 tasks < 2 required), using default parameters
2026/04/10 13:58:00 ✓ AOD parameters saved to /Users/codesmith28/personal/Projects/acc/BTEP/master/config/ga_output.json
2026/04/10 13:58:00 ✓ AOD parameters saved to MongoDB collection RTS_WEIGHTS
2026/04/10 13:58:00 ✅ AOD training cycle completed successfully
2026/04/10 13:58:27 ✓ RTS: Reloaded GA parameters from mongodb collection RTS_WEIGHTS
2026/04/10 13:58:57 ✓ RTS: Reloaded GA parameters from mongodb collection RTS_WEIGHTS
2026/04/10 13:59:00 🧬 Starting AOD training cycle...
2026/04/10 13:59:00 🧬 Starting AOD training cycle...
2026/04/10 13:59:00 📊 Fetching task history from 2026-04-09T13:59:00+05:30 to 2026-04-10T13:59:00+05:30
2026/04/10 13:59:00 🔍 DEBUG: Querying TASKS collection for completed_at between 2026-04-09T13:59:00+05:30 and 2026-04-10T13:59:00+05:30
2026/04/10 13:59:00 🔍 DEBUG: Query returned 0 task history records
2026/04/10 13:59:00 📊 Fetching worker stats from 2026-04-09T13:59:00+05:30 to 2026-04-10T13:59:00+05:30
2026/04/10 13:59:00 🔍 DEBUG: Querying TASKS collection for completed_at between 2026-04-09T13:59:00+05:30 and 2026-04-10T13:59:00+05:30
2026/04/10 13:59:00 🔍 DEBUG: Query returned 0 task history records
2026/04/10 13:59:00 ✓ Retrieved 0 task history records and 0 worker stats
2026/04/10 13:59:00 ⚠️  Insufficient data (0 tasks < 2 required), using default parameters
2026/04/10 13:59:00 ✓ AOD parameters saved to /Users/codesmith28/personal/Projects/acc/BTEP/master/config/ga_output.json
2026/04/10 13:59:00 ✓ AOD parameters saved to MongoDB collection RTS_WEIGHTS
2026/04/10 13:59:00 ✅ AOD training cycle completed successfully
2026/04/10 13:59:27 ✓ RTS: Reloaded GA parameters from mongodb collection RTS_WEIGHTS
2026/04/10 13:59:57 ✓ RTS: Reloaded GA parameters from mongodb collection RTS_WEIGHTS
2026/04/10 14:00:00 🧬 Starting AOD training cycle...
2026/04/10 14:00:00 🧬 Starting AOD training cycle...
2026/04/10 14:00:00 📊 Fetching task history from 2026-04-09T14:00:00+05:30 to 2026-04-10T14:00:00+05:30
2026/04/10 14:00:00 🔍 DEBUG: Querying TASKS collection for completed_at between 2026-04-09T14:00:00+05:30 and 2026-04-10T14:00:00+05:30
2026/04/10 14:00:00 🔍 DEBUG: Query returned 0 task history records
2026/04/10 14:00:00 📊 Fetching worker stats from 2026-04-09T14:00:00+05:30 to 2026-04-10T14:00:00+05:30
2026/04/10 14:00:00 🔍 DEBUG: Querying TASKS collection for completed_at between 2026-04-09T14:00:00+05:30 and 2026-04-10T14:00:00+05:30
2026/04/10 14:00:00 🔍 DEBUG: Query returned 0 task history records
2026/04/10 14:00:00 ✓ Retrieved 0 task history records and 0 worker stats
2026/04/10 14:00:00 ⚠️  Insufficient data (0 tasks < 2 required), using default parameters
2026/04/10 14:00:00 ✓ AOD parameters saved to /Users/codesmith28/personal/Projects/acc/BTEP/master/config/ga_output.json
2026/04/10 14:00:00 ✓ AOD parameters saved to MongoDB collection RTS_WEIGHTS
2026/04/10 14:00:00 ✅ AOD training cycle completed successfully
2026/04/10 14:00:27 ✓ RTS: Reloaded GA parameters from mongodb collection RTS_WEIGHTS
2026/04/10 14:00:57 ✓ RTS: Reloaded GA parameters from mongodb collection RTS_WEIGHTS
2026/04/10 14:01:00 🧬 Starting AOD training cycle...
2026/04/10 14:01:00 🧬 Starting AOD training cycle...
2026/04/10 14:01:00 📊 Fetching task history from 2026-04-09T14:01:00+05:30 to 2026-04-10T14:01:00+05:30
2026/04/10 14:01:00 🔍 DEBUG: Querying TASKS collection for completed_at between 2026-04-09T14:01:00+05:30 and 2026-04-10T14:01:00+05:30
2026/04/10 14:01:00 🔍 DEBUG: Query returned 0 task history records
2026/04/10 14:01:00 📊 Fetching worker stats from 2026-04-09T14:01:00+05:30 to 2026-04-10T14:01:00+05:30
2026/04/10 14:01:00 🔍 DEBUG: Querying TASKS collection for completed_at between 2026-04-09T14:01:00+05:30 and 2026-04-10T14:01:00+05:30
2026/04/10 14:01:00 🔍 DEBUG: Query returned 0 task history records
2026/04/10 14:01:00 ✓ Retrieved 0 task history records and 0 worker stats
2026/04/10 14:01:00 ⚠️  Insufficient data (0 tasks < 2 required), using default parameters
2026/04/10 14:01:00 ✓ AOD parameters saved to /Users/codesmith28/personal/Projects/acc/BTEP/master/config/ga_output.json
2026/04/10 14:01:00 ✓ AOD parameters saved to MongoDB collection RTS_WEIGHTS
2026/04/10 14:01:00 ✅ AOD training cycle completed successfully
2026/04/10 14:01:27 ✓ RTS: Reloaded GA parameters from mongodb collection RTS_WEIGHTS
2026/04/10 14:01:57 ✓ RTS: Reloaded GA parameters from mongodb collection RTS_WEIGHTS
2026/04/10 14:02:00 🧬 Starting AOD training cycle...
2026/04/10 14:02:00 🧬 Starting AOD training cycle...
2026/04/10 14:02:00 📊 Fetching task history from 2026-04-09T14:02:00+05:30 to 2026-04-10T14:02:00+05:30
2026/04/10 14:02:00 🔍 DEBUG: Querying TASKS collection for completed_at between 2026-04-09T14:02:00+05:30 and 2026-04-10T14:02:00+05:30
2026/04/10 14:02:00 🔍 DEBUG: Query returned 0 task history records
2026/04/10 14:02:00 📊 Fetching worker stats from 2026-04-09T14:02:00+05:30 to 2026-04-10T14:02:00+05:30
2026/04/10 14:02:00 🔍 DEBUG: Querying TASKS collection for completed_at between 2026-04-09T14:02:00+05:30 and 2026-04-10T14:02:00+05:30
2026/04/10 14:02:00 🔍 DEBUG: Query returned 0 task history records
2026/04/10 14:02:00 ✓ Retrieved 0 task history records and 0 worker stats
2026/04/10 14:02:00 ⚠️  Insufficient data (0 tasks < 2 required), using default parameters
2026/04/10 14:02:00 ✓ AOD parameters saved to /Users/codesmith28/personal/Projects/acc/BTEP/master/config/ga_output.json
2026/04/10 14:02:00 ✓ AOD parameters saved to MongoDB collection RTS_WEIGHTS
2026/04/10 14:02:00 ✅ AOD training cycle completed successfully
2026/04/10 14:02:27 ✓ RTS: Reloaded GA parameters from mongodb collection RTS_WEIGHTS
2026/04/10 14:02:57 ✓ RTS: Reloaded GA parameters from mongodb collection RTS_WEIGHTS
2026/04/10 14:03:00 🧬 Starting AOD training cycle...
2026/04/10 14:03:00 🧬 Starting AOD training cycle...
2026/04/10 14:03:00 📊 Fetching task history from 2026-04-09T14:03:00+05:30 to 2026-04-10T14:03:00+05:30
2026/04/10 14:03:00 🔍 DEBUG: Querying TASKS collection for completed_at between 2026-04-09T14:03:00+05:30 and 2026-04-10T14:03:00+05:30
2026/04/10 14:03:00 🔍 DEBUG: Query returned 0 task history records
2026/04/10 14:03:00 📊 Fetching worker stats from 2026-04-09T14:03:00+05:30 to 2026-04-10T14:03:00+05:30
2026/04/10 14:03:00 🔍 DEBUG: Querying TASKS collection for completed_at between 2026-04-09T14:03:00+05:30 and 2026-04-10T14:03:00+05:30
2026/04/10 14:03:00 🔍 DEBUG: Query returned 0 task history records
2026/04/10 14:03:00 ✓ Retrieved 0 task history records and 0 worker stats
2026/04/10 14:03:00 ⚠️  Insufficient data (0 tasks < 2 required), using default parameters
2026/04/10 14:03:00 ✓ AOD parameters saved to /Users/codesmith28/personal/Projects/acc/BTEP/master/config/ga_output.json
2026/04/10 14:03:00 ✓ AOD parameters saved to MongoDB collection RTS_WEIGHTS
2026/04/10 14:03:00 ✅ AOD training cycle completed successfully
2026/04/10 14:03:27 ✓ RTS: Reloaded GA parameters from mongodb collection RTS_WEIGHTS
2026/04/10 14:03:57 ✓ RTS: Reloaded GA parameters from mongodb collection RTS_WEIGHTS
2026/04/10 14:04:00 🧬 Starting AOD training cycle...
2026/04/10 14:04:00 🧬 Starting AOD training cycle...
2026/04/10 14:04:00 📊 Fetching task history from 2026-04-09T14:04:00+05:30 to 2026-04-10T14:04:00+05:30
2026/04/10 14:04:00 🔍 DEBUG: Querying TASKS collection for completed_at between 2026-04-09T14:04:00+05:30 and 2026-04-10T14:04:00+05:30
2026/04/10 14:04:00 🔍 DEBUG: Query returned 0 task history records
2026/04/10 14:04:00 📊 Fetching worker stats from 2026-04-09T14:04:00+05:30 to 2026-04-10T14:04:00+05:30
2026/04/10 14:04:00 🔍 DEBUG: Querying TASKS collection for completed_at between 2026-04-09T14:04:00+05:30 and 2026-04-10T14:04:00+05:30
2026/04/10 14:04:00 🔍 DEBUG: Query returned 0 task history records
2026/04/10 14:04:00 ✓ Retrieved 0 task history records and 0 worker stats
2026/04/10 14:04:00 ⚠️  Insufficient data (0 tasks < 2 required), using default parameters
2026/04/10 14:04:00 ✓ AOD parameters saved to /Users/codesmith28/personal/Projects/acc/BTEP/master/config/ga_output.json
2026/04/10 14:04:00 ✓ AOD parameters saved to MongoDB collection RTS_WEIGHTS
2026/04/10 14:04:00 ✅ AOD training cycle completed successfully
2026/04/10 14:04:27 ✓ RTS: Reloaded GA parameters from mongodb collection RTS_WEIGHTS
2026/04/10 14:04:57 ✓ RTS: Reloaded GA parameters from mongodb collection RTS_WEIGHTS
2026/04/10 14:05:00 🧬 Starting AOD training cycle...
2026/04/10 14:05:00 🧬 Starting AOD training cycle...
2026/04/10 14:05:00 📊 Fetching task history from 2026-04-09T14:05:00+05:30 to 2026-04-10T14:05:00+05:30
2026/04/10 14:05:00 🔍 DEBUG: Querying TASKS collection for completed_at between 2026-04-09T14:05:00+05:30 and 2026-04-10T14:05:00+05:30
2026/04/10 14:05:00 🔍 DEBUG: Query returned 0 task history records
2026/04/10 14:05:00 📊 Fetching worker stats from 2026-04-09T14:05:00+05:30 to 2026-04-10T14:05:00+05:30
2026/04/10 14:05:00 🔍 DEBUG: Querying TASKS collection for completed_at between 2026-04-09T14:05:00+05:30 and 2026-04-10T14:05:00+05:30
2026/04/10 14:05:00 🔍 DEBUG: Query returned 0 task history records
2026/04/10 14:05:00 ✓ Retrieved 0 task history records and 0 worker stats
2026/04/10 14:05:00 ⚠️  Insufficient data (0 tasks < 2 required), using default parameters
2026/04/10 14:05:00 ✓ AOD parameters saved to /Users/codesmith28/personal/Projects/acc/BTEP/master/config/ga_output.json
2026/04/10 14:05:00 ✓ AOD parameters saved to MongoDB collection RTS_WEIGHTS
2026/04/10 14:05:00 ✅ AOD training cycle completed successfully
2026/04/10 14:05:27 ✓ RTS: Reloaded GA parameters from mongodb collection RTS_WEIGHTS
2026/04/10 14:05:57 ✓ RTS: Reloaded GA parameters from mongodb collection RTS_WEIGHTS
2026/04/10 14:06:00 🧬 Starting AOD training cycle...
2026/04/10 14:06:00 🧬 Starting AOD training cycle...
2026/04/10 14:06:00 📊 Fetching task history from 2026-04-09T14:06:00+05:30 to 2026-04-10T14:06:00+05:30
2026/04/10 14:06:00 🔍 DEBUG: Querying TASKS collection for completed_at between 2026-04-09T14:06:00+05:30 and 2026-04-10T14:06:00+05:30
2026/04/10 14:06:00 🔍 DEBUG: Query returned 0 task history records
2026/04/10 14:06:00 📊 Fetching worker stats from 2026-04-09T14:06:00+05:30 to 2026-04-10T14:06:00+05:30
2026/04/10 14:06:00 🔍 DEBUG: Querying TASKS collection for completed_at between 2026-04-09T14:06:00+05:30 and 2026-04-10T14:06:00+05:30
2026/04/10 14:06:00 🔍 DEBUG: Query returned 0 task history records
2026/04/10 14:06:00 ✓ Retrieved 0 task history records and 0 worker stats
2026/04/10 14:06:00 ⚠️  Insufficient data (0 tasks < 2 required), using default parameters
2026/04/10 14:06:00 ✓ AOD parameters saved to /Users/codesmith28/personal/Projects/acc/BTEP/master/config/ga_output.json
2026/04/10 14:06:00 ✓ AOD parameters saved to MongoDB collection RTS_WEIGHTS
2026/04/10 14:06:00 ✅ AOD training cycle completed successfully
2026/04/10 14:06:27 ✓ RTS: Reloaded GA parameters from mongodb collection RTS_WEIGHTS
2026/04/10 14:06:57 ✓ RTS: Reloaded GA parameters from mongodb collection RTS_WEIGHTS
2026/04/10 14:07:00 🧬 Starting AOD training cycle...
2026/04/10 14:07:00 🧬 Starting AOD training cycle...
2026/04/10 14:07:00 📊 Fetching task history from 2026-04-09T14:07:00+05:30 to 2026-04-10T14:07:00+05:30
2026/04/10 14:07:00 🔍 DEBUG: Querying TASKS collection for completed_at between 2026-04-09T14:07:00+05:30 and 2026-04-10T14:07:00+05:30
2026/04/10 14:07:00 🔍 DEBUG: Query returned 0 task history records
2026/04/10 14:07:00 📊 Fetching worker stats from 2026-04-09T14:07:00+05:30 to 2026-04-10T14:07:00+05:30
2026/04/10 14:07:00 🔍 DEBUG: Querying TASKS collection for completed_at between 2026-04-09T14:07:00+05:30 and 2026-04-10T14:07:00+05:30
2026/04/10 14:07:00 🔍 DEBUG: Query returned 0 task history records
2026/04/10 14:07:00 ✓ Retrieved 0 task history records and 0 worker stats
2026/04/10 14:07:00 ⚠️  Insufficient data (0 tasks < 2 required), using default parameters
2026/04/10 14:07:00 ✓ AOD parameters saved to /Users/codesmith28/personal/Projects/acc/BTEP/master/config/ga_output.json
2026/04/10 14:07:00 ✓ AOD parameters saved to MongoDB collection RTS_WEIGHTS
2026/04/10 14:07:00 ✅ AOD training cycle completed successfully
2026/04/10 14:07:27 ✓ RTS: Reloaded GA parameters from mongodb collection RTS_WEIGHTS
2026/04/10 14:07:57 ✓ RTS: Reloaded GA parameters from mongodb collection RTS_WEIGHTS
2026/04/10 14:08:00 🧬 Starting AOD training cycle...
2026/04/10 14:08:00 🧬 Starting AOD training cycle...
2026/04/10 14:08:00 📊 Fetching task history from 2026-04-09T14:08:00+05:30 to 2026-04-10T14:08:00+05:30
2026/04/10 14:08:00 🔍 DEBUG: Querying TASKS collection for completed_at between 2026-04-09T14:08:00+05:30 and 2026-04-10T14:08:00+05:30
2026/04/10 14:08:00 🔍 DEBUG: Query returned 0 task history records
2026/04/10 14:08:00 📊 Fetching worker stats from 2026-04-09T14:08:00+05:30 to 2026-04-10T14:08:00+05:30
2026/04/10 14:08:00 🔍 DEBUG: Querying TASKS collection for completed_at between 2026-04-09T14:08:00+05:30 and 2026-04-10T14:08:00+05:30
2026/04/10 14:08:00 🔍 DEBUG: Query returned 0 task history records
2026/04/10 14:08:00 ✓ Retrieved 0 task history records and 0 worker stats
2026/04/10 14:08:00 ⚠️  Insufficient data (0 tasks < 2 required), using default parameters
2026/04/10 14:08:00 ✓ AOD parameters saved to /Users/codesmith28/personal/Projects/acc/BTEP/master/config/ga_output.json
2026/04/10 14:08:00 ✓ AOD parameters saved to MongoDB collection RTS_WEIGHTS
2026/04/10 14:08:00 ✅ AOD training cycle completed successfully
2026/04/10 14:08:27 ✓ RTS: Reloaded GA parameters from mongodb collection RTS_WEIGHTS
2026/04/10 14:08:57 ✓ RTS: Reloaded GA parameters from mongodb collection RTS_WEIGHTS
2026/04/10 14:09:00 🧬 Starting AOD training cycle...
2026/04/10 14:09:00 🧬 Starting AOD training cycle...
2026/04/10 14:09:00 📊 Fetching task history from 2026-04-09T14:09:00+05:30 to 2026-04-10T14:09:00+05:30
2026/04/10 14:09:00 🔍 DEBUG: Querying TASKS collection for completed_at between 2026-04-09T14:09:00+05:30 and 2026-04-10T14:09:00+05:30
2026/04/10 14:09:00 🔍 DEBUG: Query returned 0 task history records
2026/04/10 14:09:00 📊 Fetching worker stats from 2026-04-09T14:09:00+05:30 to 2026-04-10T14:09:00+05:30
2026/04/10 14:09:00 🔍 DEBUG: Querying TASKS collection for completed_at between 2026-04-09T14:09:00+05:30 and 2026-04-10T14:09:00+05:30
2026/04/10 14:09:00 🔍 DEBUG: Query returned 0 task history records
2026/04/10 14:09:00 ✓ Retrieved 0 task history records and 0 worker stats
2026/04/10 14:09:00 ⚠️  Insufficient data (0 tasks < 2 required), using default parameters
2026/04/10 14:09:00 ✓ AOD parameters saved to /Users/codesmith28/personal/Projects/acc/BTEP/master/config/ga_output.json
2026/04/10 14:09:00 ✓ AOD parameters saved to MongoDB collection RTS_WEIGHTS
2026/04/10 14:09:00 ✅ AOD training cycle completed successfully
2026/04/10 14:09:27 ✓ RTS: Reloaded GA parameters from mongodb collection RTS_WEIGHTS
2026/04/10 14:09:57 ✓ RTS: Reloaded GA parameters from mongodb collection RTS_WEIGHTS
2026/04/10 14:10:00 🧬 Starting AOD training cycle...
2026/04/10 14:10:00 🧬 Starting AOD training cycle...
2026/04/10 14:10:00 📊 Fetching task history from 2026-04-09T14:10:00+05:30 to 2026-04-10T14:10:00+05:30
2026/04/10 14:10:00 🔍 DEBUG: Querying TASKS collection for completed_at between 2026-04-09T14:10:00+05:30 and 2026-04-10T14:10:00+05:30
2026/04/10 14:10:00 🔍 DEBUG: Query returned 0 task history records
2026/04/10 14:10:00 📊 Fetching worker stats from 2026-04-09T14:10:00+05:30 to 2026-04-10T14:10:00+05:30
2026/04/10 14:10:00 🔍 DEBUG: Querying TASKS collection for completed_at between 2026-04-09T14:10:00+05:30 and 2026-04-10T14:10:00+05:30
2026/04/10 14:10:00 🔍 DEBUG: Query returned 0 task history records
2026/04/10 14:10:00 ✓ Retrieved 0 task history records and 0 worker stats
2026/04/10 14:10:00 ⚠️  Insufficient data (0 tasks < 2 required), using default parameters
2026/04/10 14:10:00 ✓ AOD parameters saved to /Users/codesmith28/personal/Projects/acc/BTEP/master/config/ga_output.json
2026/04/10 14:10:00 ✓ AOD parameters saved to MongoDB collection RTS_WEIGHTS
2026/04/10 14:10:00 ✅ AOD training cycle completed successfully
2026/04/10 14:10:27 ✓ RTS: Reloaded GA parameters from mongodb collection RTS_WEIGHTS
2026/04/10 14:10:57 ✓ RTS: Reloaded GA parameters from mongodb collection RTS_WEIGHTS
2026/04/10 14:11:00 🧬 Starting AOD training cycle...
2026/04/10 14:11:00 🧬 Starting AOD training cycle...
2026/04/10 14:11:00 📊 Fetching task history from 2026-04-09T14:11:00+05:30 to 2026-04-10T14:11:00+05:30
2026/04/10 14:11:00 🔍 DEBUG: Querying TASKS collection for completed_at between 2026-04-09T14:11:00+05:30 and 2026-04-10T14:11:00+05:30
2026/04/10 14:11:00 🔍 DEBUG: Query returned 0 task history records
2026/04/10 14:11:00 📊 Fetching worker stats from 2026-04-09T14:11:00+05:30 to 2026-04-10T14:11:00+05:30
2026/04/10 14:11:00 🔍 DEBUG: Querying TASKS collection for completed_at between 2026-04-09T14:11:00+05:30 and 2026-04-10T14:11:00+05:30
2026/04/10 14:11:00 🔍 DEBUG: Query returned 0 task history records
2026/04/10 14:11:00 ✓ Retrieved 0 task history records and 0 worker stats
2026/04/10 14:11:00 ⚠️  Insufficient data (0 tasks < 2 required), using default parameters
2026/04/10 14:11:00 ✓ AOD parameters saved to /Users/codesmith28/personal/Projects/acc/BTEP/master/config/ga_output.json
2026/04/10 14:11:00 ✓ AOD parameters saved to MongoDB collection RTS_WEIGHTS
2026/04/10 14:11:00 ✅ AOD training cycle completed successfully
2026/04/10 14:11:27 ✓ RTS: Reloaded GA parameters from mongodb collection RTS_WEIGHTS
2026/04/10 14:11:57 ✓ RTS: Reloaded GA parameters from mongodb collection RTS_WEIGHTS
2026/04/10 14:12:00 🧬 Starting AOD training cycle...
2026/04/10 14:12:00 🧬 Starting AOD training cycle...
2026/04/10 14:12:00 📊 Fetching task history from 2026-04-09T14:12:00+05:30 to 2026-04-10T14:12:00+05:30
2026/04/10 14:12:00 🔍 DEBUG: Querying TASKS collection for completed_at between 2026-04-09T14:12:00+05:30 and 2026-04-10T14:12:00+05:30
2026/04/10 14:12:00 🔍 DEBUG: Query returned 0 task history records
2026/04/10 14:12:00 📊 Fetching worker stats from 2026-04-09T14:12:00+05:30 to 2026-04-10T14:12:00+05:30
2026/04/10 14:12:00 🔍 DEBUG: Querying TASKS collection for completed_at between 2026-04-09T14:12:00+05:30 and 2026-04-10T14:12:00+05:30
2026/04/10 14:12:00 🔍 DEBUG: Query returned 0 task history records
2026/04/10 14:12:00 ✓ Retrieved 0 task history records and 0 worker stats
2026/04/10 14:12:00 ⚠️  Insufficient data (0 tasks < 2 required), using default parameters
2026/04/10 14:12:00 ✓ AOD parameters saved to /Users/codesmith28/personal/Projects/acc/BTEP/master/config/ga_output.json
2026/04/10 14:12:00 ✓ AOD parameters saved to MongoDB collection RTS_WEIGHTS
2026/04/10 14:12:00 ✅ AOD training cycle completed successfully
2026/04/10 14:12:27 ✓ RTS: Reloaded GA parameters from mongodb collection RTS_WEIGHTS
2026/04/10 14:12:57 ✓ RTS: Reloaded GA parameters from mongodb collection RTS_WEIGHTS
2026/04/10 14:13:00 🧬 Starting AOD training cycle...
2026/04/10 14:13:00 🧬 Starting AOD training cycle...
2026/04/10 14:13:00 📊 Fetching task history from 2026-04-09T14:13:00+05:30 to 2026-04-10T14:13:00+05:30
2026/04/10 14:13:00 🔍 DEBUG: Querying TASKS collection for completed_at between 2026-04-09T14:13:00+05:30 and 2026-04-10T14:13:00+05:30
2026/04/10 14:13:00 🔍 DEBUG: Query returned 0 task history records
2026/04/10 14:13:00 📊 Fetching worker stats from 2026-04-09T14:13:00+05:30 to 2026-04-10T14:13:00+05:30
2026/04/10 14:13:00 🔍 DEBUG: Querying TASKS collection for completed_at between 2026-04-09T14:13:00+05:30 and 2026-04-10T14:13:00+05:30
2026/04/10 14:13:00 🔍 DEBUG: Query returned 0 task history records
2026/04/10 14:13:00 ✓ Retrieved 0 task history records and 0 worker stats
2026/04/10 14:13:00 ⚠️  Insufficient data (0 tasks < 2 required), using default parameters
2026/04/10 14:13:00 ✓ AOD parameters saved to /Users/codesmith28/personal/Projects/acc/BTEP/master/config/ga_output.json
2026/04/10 14:13:00 ✓ AOD parameters saved to MongoDB collection RTS_WEIGHTS
2026/04/10 14:13:00 ✅ AOD training cycle completed successfully
2026/04/10 14:13:27 ✓ RTS: Reloaded GA parameters from mongodb collection RTS_WEIGHTS
2026/04/10 14:13:57 ✓ RTS: Reloaded GA parameters from mongodb collection RTS_WEIGHTS
2026/04/10 14:14:00 🧬 Starting AOD training cycle...
2026/04/10 14:14:00 🧬 Starting AOD training cycle...
2026/04/10 14:14:00 📊 Fetching task history from 2026-04-09T14:14:00+05:30 to 2026-04-10T14:14:00+05:30
2026/04/10 14:14:00 🔍 DEBUG: Querying TASKS collection for completed_at between 2026-04-09T14:14:00+05:30 and 2026-04-10T14:14:00+05:30
2026/04/10 14:14:00 🔍 DEBUG: Query returned 0 task history records
2026/04/10 14:14:00 📊 Fetching worker stats from 2026-04-09T14:14:00+05:30 to 2026-04-10T14:14:00+05:30
2026/04/10 14:14:00 🔍 DEBUG: Querying TASKS collection for completed_at between 2026-04-09T14:14:00+05:30 and 2026-04-10T14:14:00+05:30
2026/04/10 14:14:00 🔍 DEBUG: Query returned 0 task history records
2026/04/10 14:14:00 ✓ Retrieved 0 task history records and 0 worker stats
2026/04/10 14:14:00 ⚠️  Insufficient data (0 tasks < 2 required), using default parameters
2026/04/10 14:14:00 ✓ AOD parameters saved to /Users/codesmith28/personal/Projects/acc/BTEP/master/config/ga_output.json
2026/04/10 14:14:00 ✓ AOD parameters saved to MongoDB collection RTS_WEIGHTS
2026/04/10 14:14:00 ✅ AOD training cycle completed successfully
2026/04/10 14:14:27 ✓ RTS: Reloaded GA parameters from mongodb collection RTS_WEIGHTS
2026/04/10 14:14:57 ✓ RTS: Reloaded GA parameters from mongodb collection RTS_WEIGHTS
2026/04/10 14:15:00 🧬 Starting AOD training cycle...
2026/04/10 14:15:00 🧬 Starting AOD training cycle...
2026/04/10 14:15:00 📊 Fetching task history from 2026-04-09T14:15:00+05:30 to 2026-04-10T14:15:00+05:30
2026/04/10 14:15:00 🔍 DEBUG: Querying TASKS collection for completed_at between 2026-04-09T14:15:00+05:30 and 2026-04-10T14:15:00+05:30
2026/04/10 14:15:00 🔍 DEBUG: Query returned 0 task history records
2026/04/10 14:15:00 📊 Fetching worker stats from 2026-04-09T14:15:00+05:30 to 2026-04-10T14:15:00+05:30
2026/04/10 14:15:00 🔍 DEBUG: Querying TASKS collection for completed_at between 2026-04-09T14:15:00+05:30 and 2026-04-10T14:15:00+05:30
2026/04/10 14:15:00 🔍 DEBUG: Query returned 0 task history records
2026/04/10 14:15:00 ✓ Retrieved 0 task history records and 0 worker stats
2026/04/10 14:15:00 ⚠️  Insufficient data (0 tasks < 2 required), using default parameters
2026/04/10 14:15:00 ✓ AOD parameters saved to /Users/codesmith28/personal/Projects/acc/BTEP/master/config/ga_output.json
2026/04/10 14:15:00 ✓ AOD parameters saved to MongoDB collection RTS_WEIGHTS
2026/04/10 14:15:00 ✅ AOD training cycle completed successfully
2026/04/10 14:15:27 ✓ RTS: Reloaded GA parameters from mongodb collection RTS_WEIGHTS
2026/04/10 14:15:57 ✓ RTS: Reloaded GA parameters from mongodb collection RTS_WEIGHTS
2026/04/10 14:16:00 🧬 Starting AOD training cycle...
2026/04/10 14:16:00 🧬 Starting AOD training cycle...
2026/04/10 14:16:00 📊 Fetching task history from 2026-04-09T14:16:00+05:30 to 2026-04-10T14:16:00+05:30
2026/04/10 14:16:00 🔍 DEBUG: Querying TASKS collection for completed_at between 2026-04-09T14:16:00+05:30 and 2026-04-10T14:16:00+05:30
2026/04/10 14:16:00 🔍 DEBUG: Query returned 0 task history records
2026/04/10 14:16:00 📊 Fetching worker stats from 2026-04-09T14:16:00+05:30 to 2026-04-10T14:16:00+05:30
2026/04/10 14:16:00 🔍 DEBUG: Querying TASKS collection for completed_at between 2026-04-09T14:16:00+05:30 and 2026-04-10T14:16:00+05:30
2026/04/10 14:16:00 🔍 DEBUG: Query returned 0 task history records
2026/04/10 14:16:00 ✓ Retrieved 0 task history records and 0 worker stats
2026/04/10 14:16:00 ⚠️  Insufficient data (0 tasks < 2 required), using default parameters
2026/04/10 14:16:00 ✓ AOD parameters saved to /Users/codesmith28/personal/Projects/acc/BTEP/master/config/ga_output.json
2026/04/10 14:16:00 ✓ AOD parameters saved to MongoDB collection RTS_WEIGHTS
2026/04/10 14:16:00 ✅ AOD training cycle completed successfully
2026/04/10 14:16:27 ✓ RTS: Reloaded GA parameters from mongodb collection RTS_WEIGHTS
2026/04/10 14:16:57 ✓ RTS: Reloaded GA parameters from mongodb collection RTS_WEIGHTS
2026/04/10 14:17:00 🧬 Starting AOD training cycle...
2026/04/10 14:17:00 🧬 Starting AOD training cycle...
2026/04/10 14:17:00 📊 Fetching task history from 2026-04-09T14:17:00+05:30 to 2026-04-10T14:17:00+05:30
2026/04/10 14:17:00 🔍 DEBUG: Querying TASKS collection for completed_at between 2026-04-09T14:17:00+05:30 and 2026-04-10T14:17:00+05:30
2026/04/10 14:17:00 🔍 DEBUG: Query returned 0 task history records
2026/04/10 14:17:00 📊 Fetching worker stats from 2026-04-09T14:17:00+05:30 to 2026-04-10T14:17:00+05:30
2026/04/10 14:17:00 🔍 DEBUG: Querying TASKS collection for completed_at between 2026-04-09T14:17:00+05:30 and 2026-04-10T14:17:00+05:30
2026/04/10 14:17:00 🔍 DEBUG: Query returned 0 task history records
2026/04/10 14:17:00 ✓ Retrieved 0 task history records and 0 worker stats
2026/04/10 14:17:00 ⚠️  Insufficient data (0 tasks < 2 required), using default parameters
2026/04/10 14:17:00 ✓ AOD parameters saved to /Users/codesmith28/personal/Projects/acc/BTEP/master/config/ga_output.json
2026/04/10 14:17:00 ✓ AOD parameters saved to MongoDB collection RTS_WEIGHTS
2026/04/10 14:17:00 ✅ AOD training cycle completed successfully
2026/04/10 14:17:27 ✓ RTS: Reloaded GA parameters from mongodb collection RTS_WEIGHTS
2026/04/10 14:17:57 ✓ RTS: Reloaded GA parameters from mongodb collection RTS_WEIGHTS
2026/04/10 14:18:00 🧬 Starting AOD training cycle...
2026/04/10 14:18:00 🧬 Starting AOD training cycle...
2026/04/10 14:18:00 📊 Fetching task history from 2026-04-09T14:18:00+05:30 to 2026-04-10T14:18:00+05:30
2026/04/10 14:18:00 🔍 DEBUG: Querying TASKS collection for completed_at between 2026-04-09T14:18:00+05:30 and 2026-04-10T14:18:00+05:30
2026/04/10 14:18:00 🔍 DEBUG: Query returned 0 task history records
2026/04/10 14:18:00 📊 Fetching worker stats from 2026-04-09T14:18:00+05:30 to 2026-04-10T14:18:00+05:30
2026/04/10 14:18:00 🔍 DEBUG: Querying TASKS collection for completed_at between 2026-04-09T14:18:00+05:30 and 2026-04-10T14:18:00+05:30
2026/04/10 14:18:00 🔍 DEBUG: Query returned 0 task history records
2026/04/10 14:18:00 ✓ Retrieved 0 task history records and 0 worker stats
2026/04/10 14:18:00 ⚠️  Insufficient data (0 tasks < 2 required), using default parameters
2026/04/10 14:18:00 ✓ AOD parameters saved to /Users/codesmith28/personal/Projects/acc/BTEP/master/config/ga_output.json
2026/04/10 14:18:00 ✓ AOD parameters saved to MongoDB collection RTS_WEIGHTS
2026/04/10 14:18:00 ✅ AOD training cycle completed successfully
2026/04/10 14:18:27 ✓ RTS: Reloaded GA parameters from mongodb collection RTS_WEIGHTS
2026/04/10 14:18:57 ✓ RTS: Reloaded GA parameters from mongodb collection RTS_WEIGHTS
2026/04/10 14:19:00 🧬 Starting AOD training cycle...
2026/04/10 14:19:00 🧬 Starting AOD training cycle...
2026/04/10 14:19:00 📊 Fetching task history from 2026-04-09T14:19:00+05:30 to 2026-04-10T14:19:00+05:30
2026/04/10 14:19:00 🔍 DEBUG: Querying TASKS collection for completed_at between 2026-04-09T14:19:00+05:30 and 2026-04-10T14:19:00+05:30
2026/04/10 14:19:00 🔍 DEBUG: Query returned 0 task history records
2026/04/10 14:19:00 📊 Fetching worker stats from 2026-04-09T14:19:00+05:30 to 2026-04-10T14:19:00+05:30
2026/04/10 14:19:00 🔍 DEBUG: Querying TASKS collection for completed_at between 2026-04-09T14:19:00+05:30 and 2026-04-10T14:19:00+05:30
2026/04/10 14:19:00 🔍 DEBUG: Query returned 0 task history records
2026/04/10 14:19:00 ✓ Retrieved 0 task history records and 0 worker stats
2026/04/10 14:19:00 ⚠️  Insufficient data (0 tasks < 2 required), using default parameters
2026/04/10 14:19:00 ✓ AOD parameters saved to /Users/codesmith28/personal/Projects/acc/BTEP/master/config/ga_output.json
2026/04/10 14:19:00 ✓ AOD parameters saved to MongoDB collection RTS_WEIGHTS
2026/04/10 14:19:00 ✅ AOD training cycle completed successfully
2026/04/10 14:19:27 ✓ RTS: Reloaded GA parameters from mongodb collection RTS_WEIGHTS
2026/04/10 14:19:57 ✓ RTS: Reloaded GA parameters from mongodb collection RTS_WEIGHTS
2026/04/10 14:20:00 🧬 Starting AOD training cycle...
2026/04/10 14:20:00 🧬 Starting AOD training cycle...
2026/04/10 14:20:00 📊 Fetching task history from 2026-04-09T14:20:00+05:30 to 2026-04-10T14:20:00+05:30
2026/04/10 14:20:00 🔍 DEBUG: Querying TASKS collection for completed_at between 2026-04-09T14:20:00+05:30 and 2026-04-10T14:20:00+05:30
2026/04/10 14:20:00 🔍 DEBUG: Query returned 0 task history records
2026/04/10 14:20:00 📊 Fetching worker stats from 2026-04-09T14:20:00+05:30 to 2026-04-10T14:20:00+05:30
2026/04/10 14:20:00 🔍 DEBUG: Querying TASKS collection for completed_at between 2026-04-09T14:20:00+05:30 and 2026-04-10T14:20:00+05:30
2026/04/10 14:20:00 🔍 DEBUG: Query returned 0 task history records
2026/04/10 14:20:00 ✓ Retrieved 0 task history records and 0 worker stats
2026/04/10 14:20:00 ⚠️  Insufficient data (0 tasks < 2 required), using default parameters
2026/04/10 14:20:00 ✓ AOD parameters saved to /Users/codesmith28/personal/Projects/acc/BTEP/master/config/ga_output.json
2026/04/10 14:20:00 ✓ AOD parameters saved to MongoDB collection RTS_WEIGHTS
2026/04/10 14:20:00 ✅ AOD training cycle completed successfully
2026/04/10 14:20:27 ✓ RTS: Reloaded GA parameters from mongodb collection RTS_WEIGHTS
2026/04/10 14:20:57 ✓ RTS: Reloaded GA parameters from mongodb collection RTS_WEIGHTS
2026/04/10 14:21:00 🧬 Starting AOD training cycle...
2026/04/10 14:21:00 🧬 Starting AOD training cycle...
2026/04/10 14:21:00 📊 Fetching task history from 2026-04-09T14:21:00+05:30 to 2026-04-10T14:21:00+05:30
2026/04/10 14:21:00 🔍 DEBUG: Querying TASKS collection for completed_at between 2026-04-09T14:21:00+05:30 and 2026-04-10T14:21:00+05:30
2026/04/10 14:21:00 🔍 DEBUG: Query returned 0 task history records
2026/04/10 14:21:00 📊 Fetching worker stats from 2026-04-09T14:21:00+05:30 to 2026-04-10T14:21:00+05:30
2026/04/10 14:21:00 🔍 DEBUG: Querying TASKS collection for completed_at between 2026-04-09T14:21:00+05:30 and 2026-04-10T14:21:00+05:30
2026/04/10 14:21:00 🔍 DEBUG: Query returned 0 task history records
2026/04/10 14:21:00 ✓ Retrieved 0 task history records and 0 worker stats
2026/04/10 14:21:00 ⚠️  Insufficient data (0 tasks < 2 required), using default parameters
2026/04/10 14:21:00 ✓ AOD parameters saved to /Users/codesmith28/personal/Projects/acc/BTEP/master/config/ga_output.json
2026/04/10 14:21:00 ✓ AOD parameters saved to MongoDB collection RTS_WEIGHTS
2026/04/10 14:21:00 ✅ AOD training cycle completed successfully
2026/04/10 14:21:27 ✓ RTS: Reloaded GA parameters from mongodb collection RTS_WEIGHTS
2026/04/10 14:21:57 ✓ RTS: Reloaded GA parameters from mongodb collection RTS_WEIGHTS
2026/04/10 14:22:00 🧬 Starting AOD training cycle...
2026/04/10 14:22:00 🧬 Starting AOD training cycle...
2026/04/10 14:22:00 📊 Fetching task history from 2026-04-09T14:22:00+05:30 to 2026-04-10T14:22:00+05:30
2026/04/10 14:22:00 🔍 DEBUG: Querying TASKS collection for completed_at between 2026-04-09T14:22:00+05:30 and 2026-04-10T14:22:00+05:30
2026/04/10 14:22:00 🔍 DEBUG: Query returned 0 task history records
2026/04/10 14:22:00 📊 Fetching worker stats from 2026-04-09T14:22:00+05:30 to 2026-04-10T14:22:00+05:30
2026/04/10 14:22:00 🔍 DEBUG: Querying TASKS collection for completed_at between 2026-04-09T14:22:00+05:30 and 2026-04-10T14:22:00+05:30
2026/04/10 14:22:00 🔍 DEBUG: Query returned 0 task history records
2026/04/10 14:22:00 ✓ Retrieved 0 task history records and 0 worker stats
2026/04/10 14:22:00 ⚠️  Insufficient data (0 tasks < 2 required), using default parameters
2026/04/10 14:22:00 ✓ AOD parameters saved to /Users/codesmith28/personal/Projects/acc/BTEP/master/config/ga_output.json
2026/04/10 14:22:00 ✓ AOD parameters saved to MongoDB collection RTS_WEIGHTS
2026/04/10 14:22:00 ✅ AOD training cycle completed successfully
2026/04/10 14:22:27 ✓ RTS: Reloaded GA parameters from mongodb collection RTS_WEIGHTS
2026/04/10 14:22:57 ✓ RTS: Reloaded GA parameters from mongodb collection RTS_WEIGHTS
2026/04/10 14:23:00 🧬 Starting AOD training cycle...
2026/04/10 14:23:00 🧬 Starting AOD training cycle...
2026/04/10 14:23:00 📊 Fetching task history from 2026-04-09T14:23:00+05:30 to 2026-04-10T14:23:00+05:30
2026/04/10 14:23:00 🔍 DEBUG: Querying TASKS collection for completed_at between 2026-04-09T14:23:00+05:30 and 2026-04-10T14:23:00+05:30
2026/04/10 14:23:00 🔍 DEBUG: Query returned 0 task history records
2026/04/10 14:23:00 📊 Fetching worker stats from 2026-04-09T14:23:00+05:30 to 2026-04-10T14:23:00+05:30
2026/04/10 14:23:00 🔍 DEBUG: Querying TASKS collection for completed_at between 2026-04-09T14:23:00+05:30 and 2026-04-10T14:23:00+05:30
2026/04/10 14:23:00 🔍 DEBUG: Query returned 0 task history records
2026/04/10 14:23:00 ✓ Retrieved 0 task history records and 0 worker stats
2026/04/10 14:23:00 ⚠️  Insufficient data (0 tasks < 2 required), using default parameters
2026/04/10 14:23:00 ✓ AOD parameters saved to /Users/codesmith28/personal/Projects/acc/BTEP/master/config/ga_output.json
2026/04/10 14:23:00 ✓ AOD parameters saved to MongoDB collection RTS_WEIGHTS
2026/04/10 14:23:00 ✅ AOD training cycle completed successfully
2026/04/10 14:23:27 ✓ RTS: Reloaded GA parameters from mongodb collection RTS_WEIGHTS
2026/04/10 14:23:57 ✓ RTS: Reloaded GA parameters from mongodb collection RTS_WEIGHTS
2026/04/10 14:24:00 🧬 Starting AOD training cycle...
2026/04/10 14:24:00 🧬 Starting AOD training cycle...
2026/04/10 14:24:00 📊 Fetching task history from 2026-04-09T14:24:00+05:30 to 2026-04-10T14:24:00+05:30
2026/04/10 14:24:00 🔍 DEBUG: Querying TASKS collection for completed_at between 2026-04-09T14:24:00+05:30 and 2026-04-10T14:24:00+05:30
2026/04/10 14:24:00 🔍 DEBUG: Query returned 0 task history records
2026/04/10 14:24:00 📊 Fetching worker stats from 2026-04-09T14:24:00+05:30 to 2026-04-10T14:24:00+05:30
2026/04/10 14:24:00 🔍 DEBUG: Querying TASKS collection for completed_at between 2026-04-09T14:24:00+05:30 and 2026-04-10T14:24:00+05:30
2026/04/10 14:24:00 🔍 DEBUG: Query returned 0 task history records
2026/04/10 14:24:00 ✓ Retrieved 0 task history records and 0 worker stats
2026/04/10 14:24:00 ⚠️  Insufficient data (0 tasks < 2 required), using default parameters
2026/04/10 14:24:00 ✓ AOD parameters saved to /Users/codesmith28/personal/Projects/acc/BTEP/master/config/ga_output.json
2026/04/10 14:24:00 ✓ AOD parameters saved to MongoDB collection RTS_WEIGHTS
2026/04/10 14:24:00 ✅ AOD training cycle completed successfully
2026/04/10 14:24:27 ✓ RTS: Reloaded GA parameters from mongodb collection RTS_WEIGHTS
2026/04/10 14:24:57 ✓ RTS: Reloaded GA parameters from mongodb collection RTS_WEIGHTS
2026/04/10 14:25:00 🧬 Starting AOD training cycle...
2026/04/10 14:25:00 🧬 Starting AOD training cycle...
2026/04/10 14:25:00 📊 Fetching task history from 2026-04-09T14:25:00+05:30 to 2026-04-10T14:25:00+05:30
2026/04/10 14:25:00 🔍 DEBUG: Querying TASKS collection for completed_at between 2026-04-09T14:25:00+05:30 and 2026-04-10T14:25:00+05:30
2026/04/10 14:25:00 🔍 DEBUG: Query returned 0 task history records
2026/04/10 14:25:00 📊 Fetching worker stats from 2026-04-09T14:25:00+05:30 to 2026-04-10T14:25:00+05:30
2026/04/10 14:25:00 🔍 DEBUG: Querying TASKS collection for completed_at between 2026-04-09T14:25:00+05:30 and 2026-04-10T14:25:00+05:30
2026/04/10 14:25:00 🔍 DEBUG: Query returned 0 task history records
2026/04/10 14:25:00 ✓ Retrieved 0 task history records and 0 worker stats
2026/04/10 14:25:00 ⚠️  Insufficient data (0 tasks < 2 required), using default parameters
2026/04/10 14:25:00 ✓ AOD parameters saved to /Users/codesmith28/personal/Projects/acc/BTEP/master/config/ga_output.json
2026/04/10 14:25:00 ✓ AOD parameters saved to MongoDB collection RTS_WEIGHTS
2026/04/10 14:25:00 ✅ AOD training cycle completed successfully
2026/04/10 14:25:27 ✓ RTS: Reloaded GA parameters from mongodb collection RTS_WEIGHTS
2026/04/10 14:25:57 ✓ RTS: Reloaded GA parameters from mongodb collection RTS_WEIGHTS
2026/04/10 14:26:00 🧬 Starting AOD training cycle...
2026/04/10 14:26:00 🧬 Starting AOD training cycle...
2026/04/10 14:26:00 📊 Fetching task history from 2026-04-09T14:26:00+05:30 to 2026-04-10T14:26:00+05:30
2026/04/10 14:26:00 🔍 DEBUG: Querying TASKS collection for completed_at between 2026-04-09T14:26:00+05:30 and 2026-04-10T14:26:00+05:30
2026/04/10 14:26:00 🔍 DEBUG: Query returned 0 task history records
2026/04/10 14:26:00 📊 Fetching worker stats from 2026-04-09T14:26:00+05:30 to 2026-04-10T14:26:00+05:30
2026/04/10 14:26:00 🔍 DEBUG: Querying TASKS collection for completed_at between 2026-04-09T14:26:00+05:30 and 2026-04-10T14:26:00+05:30
2026/04/10 14:26:00 🔍 DEBUG: Query returned 0 task history records
2026/04/10 14:26:00 ✓ Retrieved 0 task history records and 0 worker stats
2026/04/10 14:26:00 ⚠️  Insufficient data (0 tasks < 2 required), using default parameters
2026/04/10 14:26:00 ✓ AOD parameters saved to /Users/codesmith28/personal/Projects/acc/BTEP/master/config/ga_output.json
2026/04/10 14:26:00 ✓ AOD parameters saved to MongoDB collection RTS_WEIGHTS
2026/04/10 14:26:00 ✅ AOD training cycle completed successfully
2026/04/10 14:26:27 ✓ RTS: Reloaded GA parameters from mongodb collection RTS_WEIGHTS
2026/04/10 14:26:57 ✓ RTS: Reloaded GA parameters from mongodb collection RTS_WEIGHTS
2026/04/10 14:27:00 🧬 Starting AOD training cycle...
2026/04/10 14:27:00 🧬 Starting AOD training cycle...
2026/04/10 14:27:00 📊 Fetching task history from 2026-04-09T14:27:00+05:30 to 2026-04-10T14:27:00+05:30
2026/04/10 14:27:00 🔍 DEBUG: Querying TASKS collection for completed_at between 2026-04-09T14:27:00+05:30 and 2026-04-10T14:27:00+05:30
2026/04/10 14:27:00 🔍 DEBUG: Query returned 0 task history records
2026/04/10 14:27:00 📊 Fetching worker stats from 2026-04-09T14:27:00+05:30 to 2026-04-10T14:27:00+05:30
2026/04/10 14:27:00 🔍 DEBUG: Querying TASKS collection for completed_at between 2026-04-09T14:27:00+05:30 and 2026-04-10T14:27:00+05:30
2026/04/10 14:27:00 🔍 DEBUG: Query returned 0 task history records
2026/04/10 14:27:00 ✓ Retrieved 0 task history records and 0 worker stats
2026/04/10 14:27:00 ⚠️  Insufficient data (0 tasks < 2 required), using default parameters
2026/04/10 14:27:00 ✓ AOD parameters saved to /Users/codesmith28/personal/Projects/acc/BTEP/master/config/ga_output.json
2026/04/10 14:27:00 ✓ AOD parameters saved to MongoDB collection RTS_WEIGHTS
2026/04/10 14:27:00 ✅ AOD training cycle completed successfully
2026/04/10 14:27:27 ✓ RTS: Reloaded GA parameters from mongodb collection RTS_WEIGHTS
2026/04/10 14:27:57 ✓ RTS: Reloaded GA parameters from mongodb collection RTS_WEIGHTS
2026/04/10 14:28:00 🧬 Starting AOD training cycle...
2026/04/10 14:28:00 🧬 Starting AOD training cycle...
2026/04/10 14:28:00 📊 Fetching task history from 2026-04-09T14:28:00+05:30 to 2026-04-10T14:28:00+05:30
2026/04/10 14:28:00 🔍 DEBUG: Querying TASKS collection for completed_at between 2026-04-09T14:28:00+05:30 and 2026-04-10T14:28:00+05:30
2026/04/10 14:28:00 🔍 DEBUG: Query returned 0 task history records
2026/04/10 14:28:00 📊 Fetching worker stats from 2026-04-09T14:28:00+05:30 to 2026-04-10T14:28:00+05:30
2026/04/10 14:28:00 🔍 DEBUG: Querying TASKS collection for completed_at between 2026-04-09T14:28:00+05:30 and 2026-04-10T14:28:00+05:30
2026/04/10 14:28:00 🔍 DEBUG: Query returned 0 task history records
2026/04/10 14:28:00 ✓ Retrieved 0 task history records and 0 worker stats
2026/04/10 14:28:00 ⚠️  Insufficient data (0 tasks < 2 required), using default parameters
2026/04/10 14:28:00 ✓ AOD parameters saved to /Users/codesmith28/personal/Projects/acc/BTEP/master/config/ga_output.json
2026/04/10 14:28:00 ✓ AOD parameters saved to MongoDB collection RTS_WEIGHTS
2026/04/10 14:28:00 ✅ AOD training cycle completed successfully
2026/04/10 14:28:27 ✓ RTS: Reloaded GA parameters from mongodb collection RTS_WEIGHTS
2026/04/10 14:28:57 ✓ RTS: Reloaded GA parameters from mongodb collection RTS_WEIGHTS
2026/04/10 14:29:00 🧬 Starting AOD training cycle...
2026/04/10 14:29:00 🧬 Starting AOD training cycle...
2026/04/10 14:29:00 📊 Fetching task history from 2026-04-09T14:29:00+05:30 to 2026-04-10T14:29:00+05:30
2026/04/10 14:29:00 🔍 DEBUG: Querying TASKS collection for completed_at between 2026-04-09T14:29:00+05:30 and 2026-04-10T14:29:00+05:30
2026/04/10 14:29:00 🔍 DEBUG: Query returned 0 task history records
2026/04/10 14:29:00 📊 Fetching worker stats from 2026-04-09T14:29:00+05:30 to 2026-04-10T14:29:00+05:30
2026/04/10 14:29:00 🔍 DEBUG: Querying TASKS collection for completed_at between 2026-04-09T14:29:00+05:30 and 2026-04-10T14:29:00+05:30
2026/04/10 14:29:00 🔍 DEBUG: Query returned 0 task history records
2026/04/10 14:29:00 ✓ Retrieved 0 task history records and 0 worker stats
2026/04/10 14:29:00 ⚠️  Insufficient data (0 tasks < 2 required), using default parameters
2026/04/10 14:29:00 ✓ AOD parameters saved to /Users/codesmith28/personal/Projects/acc/BTEP/master/config/ga_output.json
2026/04/10 14:29:00 ✓ AOD parameters saved to MongoDB collection RTS_WEIGHTS
2026/04/10 14:29:00 ✅ AOD training cycle completed successfully
2026/04/10 14:29:27 ✓ RTS: Reloaded GA parameters from mongodb collection RTS_WEIGHTS
2026/04/10 14:29:57 ✓ RTS: Reloaded GA parameters from mongodb collection RTS_WEIGHTS
2026/04/10 14:30:00 🧬 Starting AOD training cycle...
2026/04/10 14:30:00 🧬 Starting AOD training cycle...
2026/04/10 14:30:00 📊 Fetching task history from 2026-04-09T14:30:00+05:30 to 2026-04-10T14:30:00+05:30
2026/04/10 14:30:00 🔍 DEBUG: Querying TASKS collection for completed_at between 2026-04-09T14:30:00+05:30 and 2026-04-10T14:30:00+05:30
2026/04/10 14:30:00 🔍 DEBUG: Query returned 0 task history records
2026/04/10 14:30:00 📊 Fetching worker stats from 2026-04-09T14:30:00+05:30 to 2026-04-10T14:30:00+05:30
2026/04/10 14:30:00 🔍 DEBUG: Querying TASKS collection for completed_at between 2026-04-09T14:30:00+05:30 and 2026-04-10T14:30:00+05:30
2026/04/10 14:30:00 🔍 DEBUG: Query returned 0 task history records
2026/04/10 14:30:00 ✓ Retrieved 0 task history records and 0 worker stats
2026/04/10 14:30:00 ⚠️  Insufficient data (0 tasks < 2 required), using default parameters
2026/04/10 14:30:00 ✓ AOD parameters saved to /Users/codesmith28/personal/Projects/acc/BTEP/master/config/ga_output.json
2026/04/10 14:30:00 ✓ AOD parameters saved to MongoDB collection RTS_WEIGHTS
2026/04/10 14:30:00 ✅ AOD training cycle completed successfully
2026/04/10 14:30:27 ✓ RTS: Reloaded GA parameters from mongodb collection RTS_WEIGHTS
2026/04/10 14:30:57 ✓ RTS: Reloaded GA parameters from mongodb collection RTS_WEIGHTS
2026/04/10 14:31:00 🧬 Starting AOD training cycle...
2026/04/10 14:31:00 🧬 Starting AOD training cycle...
2026/04/10 14:31:00 📊 Fetching task history from 2026-04-09T14:31:00+05:30 to 2026-04-10T14:31:00+05:30
2026/04/10 14:31:00 🔍 DEBUG: Querying TASKS collection for completed_at between 2026-04-09T14:31:00+05:30 and 2026-04-10T14:31:00+05:30
2026/04/10 14:31:00 🔍 DEBUG: Query returned 0 task history records
2026/04/10 14:31:00 📊 Fetching worker stats from 2026-04-09T14:31:00+05:30 to 2026-04-10T14:31:00+05:30
2026/04/10 14:31:00 🔍 DEBUG: Querying TASKS collection for completed_at between 2026-04-09T14:31:00+05:30 and 2026-04-10T14:31:00+05:30
2026/04/10 14:31:00 🔍 DEBUG: Query returned 0 task history records
2026/04/10 14:31:00 ✓ Retrieved 0 task history records and 0 worker stats
2026/04/10 14:31:00 ⚠️  Insufficient data (0 tasks < 2 required), using default parameters
2026/04/10 14:31:00 ✓ AOD parameters saved to /Users/codesmith28/personal/Projects/acc/BTEP/master/config/ga_output.json
2026/04/10 14:31:00 ✓ AOD parameters saved to MongoDB collection RTS_WEIGHTS
2026/04/10 14:31:00 ✅ AOD training cycle completed successfully
2026/04/10 14:31:27 ✓ RTS: Reloaded GA parameters from mongodb collection RTS_WEIGHTS
2026/04/10 14:31:57 ✓ RTS: Reloaded GA parameters from mongodb collection RTS_WEIGHTS
2026/04/10 14:32:00 🧬 Starting AOD training cycle...
2026/04/10 14:32:00 🧬 Starting AOD training cycle...
2026/04/10 14:32:00 📊 Fetching task history from 2026-04-09T14:32:00+05:30 to 2026-04-10T14:32:00+05:30
2026/04/10 14:32:00 🔍 DEBUG: Querying TASKS collection for completed_at between 2026-04-09T14:32:00+05:30 and 2026-04-10T14:32:00+05:30
2026/04/10 14:32:00 🔍 DEBUG: Query returned 0 task history records
2026/04/10 14:32:00 📊 Fetching worker stats from 2026-04-09T14:32:00+05:30 to 2026-04-10T14:32:00+05:30
2026/04/10 14:32:00 🔍 DEBUG: Querying TASKS collection for completed_at between 2026-04-09T14:32:00+05:30 and 2026-04-10T14:32:00+05:30
2026/04/10 14:32:00 🔍 DEBUG: Query returned 0 task history records
2026/04/10 14:32:00 ✓ Retrieved 0 task history records and 0 worker stats
2026/04/10 14:32:00 ⚠️  Insufficient data (0 tasks < 2 required), using default parameters
2026/04/10 14:32:00 ✓ AOD parameters saved to /Users/codesmith28/personal/Projects/acc/BTEP/master/config/ga_output.json
2026/04/10 14:32:00 ✓ AOD parameters saved to MongoDB collection RTS_WEIGHTS
2026/04/10 14:32:00 ✅ AOD training cycle completed successfully
2026/04/10 14:32:27 ✓ RTS: Reloaded GA parameters from mongodb collection RTS_WEIGHTS
2026/04/10 14:32:57 ✓ RTS: Reloaded GA parameters from mongodb collection RTS_WEIGHTS
2026/04/10 14:33:00 🧬 Starting AOD training cycle...
2026/04/10 14:33:00 🧬 Starting AOD training cycle...
2026/04/10 14:33:00 📊 Fetching task history from 2026-04-09T14:33:00+05:30 to 2026-04-10T14:33:00+05:30
2026/04/10 14:33:00 🔍 DEBUG: Querying TASKS collection for completed_at between 2026-04-09T14:33:00+05:30 and 2026-04-10T14:33:00+05:30
2026/04/10 14:33:00 🔍 DEBUG: Query returned 0 task history records
2026/04/10 14:33:00 📊 Fetching worker stats from 2026-04-09T14:33:00+05:30 to 2026-04-10T14:33:00+05:30
2026/04/10 14:33:00 🔍 DEBUG: Querying TASKS collection for completed_at between 2026-04-09T14:33:00+05:30 and 2026-04-10T14:33:00+05:30
2026/04/10 14:33:00 🔍 DEBUG: Query returned 0 task history records
2026/04/10 14:33:00 ✓ Retrieved 0 task history records and 0 worker stats
2026/04/10 14:33:00 ⚠️  Insufficient data (0 tasks < 2 required), using default parameters
2026/04/10 14:33:00 ✓ AOD parameters saved to /Users/codesmith28/personal/Projects/acc/BTEP/master/config/ga_output.json
2026/04/10 14:33:00 ✓ AOD parameters saved to MongoDB collection RTS_WEIGHTS
2026/04/10 14:33:00 ✅ AOD training cycle completed successfully
2026/04/10 14:33:27 ✓ RTS: Reloaded GA parameters from mongodb collection RTS_WEIGHTS
2026/04/10 14:33:57 ✓ RTS: Reloaded GA parameters from mongodb collection RTS_WEIGHTS
2026/04/10 14:34:00 🧬 Starting AOD training cycle...
2026/04/10 14:34:00 🧬 Starting AOD training cycle...
2026/04/10 14:34:00 📊 Fetching task history from 2026-04-09T14:34:00+05:30 to 2026-04-10T14:34:00+05:30
2026/04/10 14:34:00 🔍 DEBUG: Querying TASKS collection for completed_at between 2026-04-09T14:34:00+05:30 and 2026-04-10T14:34:00+05:30
2026/04/10 14:34:00 🔍 DEBUG: Query returned 0 task history records
2026/04/10 14:34:00 📊 Fetching worker stats from 2026-04-09T14:34:00+05:30 to 2026-04-10T14:34:00+05:30
2026/04/10 14:34:00 🔍 DEBUG: Querying TASKS collection for completed_at between 2026-04-09T14:34:00+05:30 and 2026-04-10T14:34:00+05:30
2026/04/10 14:34:00 🔍 DEBUG: Query returned 0 task history records
2026/04/10 14:34:00 ✓ Retrieved 0 task history records and 0 worker stats
2026/04/10 14:34:00 ⚠️  Insufficient data (0 tasks < 2 required), using default parameters
2026/04/10 14:34:00 ✓ AOD parameters saved to /Users/codesmith28/personal/Projects/acc/BTEP/master/config/ga_output.json
2026/04/10 14:34:00 ✓ AOD parameters saved to MongoDB collection RTS_WEIGHTS
2026/04/10 14:34:00 ✅ AOD training cycle completed successfully
2026/04/10 14:34:27 ✓ RTS: Reloaded GA parameters from mongodb collection RTS_WEIGHTS
2026/04/10 14:34:57 ✓ RTS: Reloaded GA parameters from mongodb collection RTS_WEIGHTS
2026/04/10 14:35:00 🧬 Starting AOD training cycle...
2026/04/10 14:35:00 🧬 Starting AOD training cycle...
2026/04/10 14:35:00 📊 Fetching task history from 2026-04-09T14:35:00+05:30 to 2026-04-10T14:35:00+05:30
2026/04/10 14:35:00 🔍 DEBUG: Querying TASKS collection for completed_at between 2026-04-09T14:35:00+05:30 and 2026-04-10T14:35:00+05:30
2026/04/10 14:35:00 🔍 DEBUG: Query returned 0 task history records
2026/04/10 14:35:00 📊 Fetching worker stats from 2026-04-09T14:35:00+05:30 to 2026-04-10T14:35:00+05:30
2026/04/10 14:35:00 🔍 DEBUG: Querying TASKS collection for completed_at between 2026-04-09T14:35:00+05:30 and 2026-04-10T14:35:00+05:30
2026/04/10 14:35:00 🔍 DEBUG: Query returned 0 task history records
2026/04/10 14:35:00 ✓ Retrieved 0 task history records and 0 worker stats
2026/04/10 14:35:00 ⚠️  Insufficient data (0 tasks < 2 required), using default parameters
2026/04/10 14:35:00 ✓ AOD parameters saved to /Users/codesmith28/personal/Projects/acc/BTEP/master/config/ga_output.json
2026/04/10 14:35:00 ✓ AOD parameters saved to MongoDB collection RTS_WEIGHTS
2026/04/10 14:35:00 ✅ AOD training cycle completed successfully
2026/04/10 14:35:27 ✓ RTS: Reloaded GA parameters from mongodb collection RTS_WEIGHTS
2026/04/10 14:35:57 ✓ RTS: Reloaded GA parameters from mongodb collection RTS_WEIGHTS
2026/04/10 14:36:00 🧬 Starting AOD training cycle...
2026/04/10 14:36:00 🧬 Starting AOD training cycle...
2026/04/10 14:36:00 📊 Fetching task history from 2026-04-09T14:36:00+05:30 to 2026-04-10T14:36:00+05:30
2026/04/10 14:36:00 🔍 DEBUG: Querying TASKS collection for completed_at between 2026-04-09T14:36:00+05:30 and 2026-04-10T14:36:00+05:30
2026/04/10 14:36:00 🔍 DEBUG: Query returned 0 task history records
2026/04/10 14:36:00 📊 Fetching worker stats from 2026-04-09T14:36:00+05:30 to 2026-04-10T14:36:00+05:30
2026/04/10 14:36:00 🔍 DEBUG: Querying TASKS collection for completed_at between 2026-04-09T14:36:00+05:30 and 2026-04-10T14:36:00+05:30
2026/04/10 14:36:00 🔍 DEBUG: Query returned 0 task history records
2026/04/10 14:36:00 ✓ Retrieved 0 task history records and 0 worker stats
2026/04/10 14:36:00 ⚠️  Insufficient data (0 tasks < 2 required), using default parameters
2026/04/10 14:36:00 ✓ AOD parameters saved to /Users/codesmith28/personal/Projects/acc/BTEP/master/config/ga_output.json
2026/04/10 14:36:00 ✓ AOD parameters saved to MongoDB collection RTS_WEIGHTS
2026/04/10 14:36:00 ✅ AOD training cycle completed successfully
2026/04/10 14:36:27 ✓ RTS: Reloaded GA parameters from mongodb collection RTS_WEIGHTS
2026/04/10 14:36:57 ✓ RTS: Reloaded GA parameters from mongodb collection RTS_WEIGHTS
2026/04/10 14:37:00 🧬 Starting AOD training cycle...
2026/04/10 14:37:00 🧬 Starting AOD training cycle...
2026/04/10 14:37:00 📊 Fetching task history from 2026-04-09T14:37:00+05:30 to 2026-04-10T14:37:00+05:30
2026/04/10 14:37:00 🔍 DEBUG: Querying TASKS collection for completed_at between 2026-04-09T14:37:00+05:30 and 2026-04-10T14:37:00+05:30
2026/04/10 14:37:00 🔍 DEBUG: Query returned 0 task history records
2026/04/10 14:37:00 📊 Fetching worker stats from 2026-04-09T14:37:00+05:30 to 2026-04-10T14:37:00+05:30
2026/04/10 14:37:00 🔍 DEBUG: Querying TASKS collection for completed_at between 2026-04-09T14:37:00+05:30 and 2026-04-10T14:37:00+05:30
2026/04/10 14:37:00 🔍 DEBUG: Query returned 0 task history records
2026/04/10 14:37:00 ✓ Retrieved 0 task history records and 0 worker stats
2026/04/10 14:37:00 ⚠️  Insufficient data (0 tasks < 2 required), using default parameters
2026/04/10 14:37:00 ✓ AOD parameters saved to /Users/codesmith28/personal/Projects/acc/BTEP/master/config/ga_output.json
2026/04/10 14:37:00 ✓ AOD parameters saved to MongoDB collection RTS_WEIGHTS
2026/04/10 14:37:00 ✅ AOD training cycle completed successfully
2026/04/10 14:37:27 ✓ RTS: Reloaded GA parameters from mongodb collection RTS_WEIGHTS
2026/04/10 14:37:57 ✓ RTS: Reloaded GA parameters from mongodb collection RTS_WEIGHTS
2026/04/10 14:38:00 🧬 Starting AOD training cycle...
2026/04/10 14:38:00 🧬 Starting AOD training cycle...
2026/04/10 14:38:00 📊 Fetching task history from 2026-04-09T14:38:00+05:30 to 2026-04-10T14:38:00+05:30
2026/04/10 14:38:00 🔍 DEBUG: Querying TASKS collection for completed_at between 2026-04-09T14:38:00+05:30 and 2026-04-10T14:38:00+05:30
2026/04/10 14:38:00 🔍 DEBUG: Query returned 0 task history records
2026/04/10 14:38:00 📊 Fetching worker stats from 2026-04-09T14:38:00+05:30 to 2026-04-10T14:38:00+05:30
2026/04/10 14:38:00 🔍 DEBUG: Querying TASKS collection for completed_at between 2026-04-09T14:38:00+05:30 and 2026-04-10T14:38:00+05:30
2026/04/10 14:38:00 🔍 DEBUG: Query returned 0 task history records
2026/04/10 14:38:00 ✓ Retrieved 0 task history records and 0 worker stats
2026/04/10 14:38:00 ⚠️  Insufficient data (0 tasks < 2 required), using default parameters
2026/04/10 14:38:00 ✓ AOD parameters saved to /Users/codesmith28/personal/Projects/acc/BTEP/master/config/ga_output.json
2026/04/10 14:38:00 ✓ AOD parameters saved to MongoDB collection RTS_WEIGHTS
2026/04/10 14:38:00 ✅ AOD training cycle completed successfully
2026/04/10 14:38:27 ✓ RTS: Reloaded GA parameters from mongodb collection RTS_WEIGHTS
2026/04/10 14:38:57 ✓ RTS: Reloaded GA parameters from mongodb collection RTS_WEIGHTS
2026/04/10 14:39:00 🧬 Starting AOD training cycle...
2026/04/10 14:39:00 🧬 Starting AOD training cycle...
2026/04/10 14:39:00 📊 Fetching task history from 2026-04-09T14:39:00+05:30 to 2026-04-10T14:39:00+05:30
2026/04/10 14:39:00 🔍 DEBUG: Querying TASKS collection for completed_at between 2026-04-09T14:39:00+05:30 and 2026-04-10T14:39:00+05:30
2026/04/10 14:39:00 🔍 DEBUG: Query returned 0 task history records
2026/04/10 14:39:00 📊 Fetching worker stats from 2026-04-09T14:39:00+05:30 to 2026-04-10T14:39:00+05:30
2026/04/10 14:39:00 🔍 DEBUG: Querying TASKS collection for completed_at between 2026-04-09T14:39:00+05:30 and 2026-04-10T14:39:00+05:30
2026/04/10 14:39:00 🔍 DEBUG: Query returned 0 task history records
2026/04/10 14:39:00 ✓ Retrieved 0 task history records and 0 worker stats
2026/04/10 14:39:00 ⚠️  Insufficient data (0 tasks < 2 required), using default parameters
2026/04/10 14:39:00 ✓ AOD parameters saved to /Users/codesmith28/personal/Projects/acc/BTEP/master/config/ga_output.json
2026/04/10 14:39:00 ✓ AOD parameters saved to MongoDB collection RTS_WEIGHTS
2026/04/10 14:39:00 ✅ AOD training cycle completed successfully
2026/04/10 14:39:27 ✓ RTS: Reloaded GA parameters from mongodb collection RTS_WEIGHTS
2026/04/10 14:39:57 ✓ RTS: Reloaded GA parameters from mongodb collection RTS_WEIGHTS
2026/04/10 14:40:00 🧬 Starting AOD training cycle...
2026/04/10 14:40:00 🧬 Starting AOD training cycle...
2026/04/10 14:40:00 📊 Fetching task history from 2026-04-09T14:40:00+05:30 to 2026-04-10T14:40:00+05:30
2026/04/10 14:40:00 🔍 DEBUG: Querying TASKS collection for completed_at between 2026-04-09T14:40:00+05:30 and 2026-04-10T14:40:00+05:30
2026/04/10 14:40:00 🔍 DEBUG: Query returned 0 task history records
2026/04/10 14:40:00 📊 Fetching worker stats from 2026-04-09T14:40:00+05:30 to 2026-04-10T14:40:00+05:30
2026/04/10 14:40:00 🔍 DEBUG: Querying TASKS collection for completed_at between 2026-04-09T14:40:00+05:30 and 2026-04-10T14:40:00+05:30
2026/04/10 14:40:00 🔍 DEBUG: Query returned 0 task history records
2026/04/10 14:40:00 ✓ Retrieved 0 task history records and 0 worker stats
2026/04/10 14:40:00 ⚠️  Insufficient data (0 tasks < 2 required), using default parameters
2026/04/10 14:40:00 ✓ AOD parameters saved to /Users/codesmith28/personal/Projects/acc/BTEP/master/config/ga_output.json
2026/04/10 14:40:00 ✓ AOD parameters saved to MongoDB collection RTS_WEIGHTS
2026/04/10 14:40:00 ✅ AOD training cycle completed successfully
2026/04/10 14:40:27 ✓ RTS: Reloaded GA parameters from mongodb collection RTS_WEIGHTS
2026/04/10 14:40:57 ✓ RTS: Reloaded GA parameters from mongodb collection RTS_WEIGHTS
2026/04/10 14:41:00 🧬 Starting AOD training cycle...
2026/04/10 14:41:00 🧬 Starting AOD training cycle...
2026/04/10 14:41:00 📊 Fetching task history from 2026-04-09T14:41:00+05:30 to 2026-04-10T14:41:00+05:30
2026/04/10 14:41:00 🔍 DEBUG: Querying TASKS collection for completed_at between 2026-04-09T14:41:00+05:30 and 2026-04-10T14:41:00+05:30
2026/04/10 14:41:00 🔍 DEBUG: Query returned 0 task history records
2026/04/10 14:41:00 📊 Fetching worker stats from 2026-04-09T14:41:00+05:30 to 2026-04-10T14:41:00+05:30
2026/04/10 14:41:00 🔍 DEBUG: Querying TASKS collection for completed_at between 2026-04-09T14:41:00+05:30 and 2026-04-10T14:41:00+05:30
2026/04/10 14:41:00 🔍 DEBUG: Query returned 0 task history records
2026/04/10 14:41:00 ✓ Retrieved 0 task history records and 0 worker stats
2026/04/10 14:41:00 ⚠️  Insufficient data (0 tasks < 2 required), using default parameters
2026/04/10 14:41:00 ✓ AOD parameters saved to /Users/codesmith28/personal/Projects/acc/BTEP/master/config/ga_output.json
2026/04/10 14:41:00 ✓ AOD parameters saved to MongoDB collection RTS_WEIGHTS
2026/04/10 14:41:00 ✅ AOD training cycle completed successfully
2026/04/10 14:41:27 ✓ RTS: Reloaded GA parameters from mongodb collection RTS_WEIGHTS
2026/04/10 14:41:57 ✓ RTS: Reloaded GA parameters from mongodb collection RTS_WEIGHTS
2026/04/10 14:42:00 🧬 Starting AOD training cycle...
2026/04/10 14:42:00 🧬 Starting AOD training cycle...
2026/04/10 14:42:00 📊 Fetching task history from 2026-04-09T14:42:00+05:30 to 2026-04-10T14:42:00+05:30
2026/04/10 14:42:00 🔍 DEBUG: Querying TASKS collection for completed_at between 2026-04-09T14:42:00+05:30 and 2026-04-10T14:42:00+05:30
2026/04/10 14:42:00 🔍 DEBUG: Query returned 0 task history records
2026/04/10 14:42:00 📊 Fetching worker stats from 2026-04-09T14:42:00+05:30 to 2026-04-10T14:42:00+05:30
2026/04/10 14:42:00 🔍 DEBUG: Querying TASKS collection for completed_at between 2026-04-09T14:42:00+05:30 and 2026-04-10T14:42:00+05:30
2026/04/10 14:42:00 🔍 DEBUG: Query returned 0 task history records
2026/04/10 14:42:00 ✓ Retrieved 0 task history records and 0 worker stats
2026/04/10 14:42:00 ⚠️  Insufficient data (0 tasks < 2 required), using default parameters
2026/04/10 14:42:00 ✓ AOD parameters saved to /Users/codesmith28/personal/Projects/acc/BTEP/master/config/ga_output.json
2026/04/10 14:42:00 ✓ AOD parameters saved to MongoDB collection RTS_WEIGHTS
2026/04/10 14:42:00 ✅ AOD training cycle completed successfully
2026/04/10 14:42:27 ✓ RTS: Reloaded GA parameters from mongodb collection RTS_WEIGHTS
2026/04/10 14:42:57 ✓ RTS: Reloaded GA parameters from mongodb collection RTS_WEIGHTS
2026/04/10 14:43:00 🧬 Starting AOD training cycle...
2026/04/10 14:43:00 🧬 Starting AOD training cycle...
2026/04/10 14:43:00 📊 Fetching task history from 2026-04-09T14:43:00+05:30 to 2026-04-10T14:43:00+05:30
2026/04/10 14:43:00 🔍 DEBUG: Querying TASKS collection for completed_at between 2026-04-09T14:43:00+05:30 and 2026-04-10T14:43:00+05:30
2026/04/10 14:43:00 🔍 DEBUG: Query returned 0 task history records
2026/04/10 14:43:00 📊 Fetching worker stats from 2026-04-09T14:43:00+05:30 to 2026-04-10T14:43:00+05:30
2026/04/10 14:43:00 🔍 DEBUG: Querying TASKS collection for completed_at between 2026-04-09T14:43:00+05:30 and 2026-04-10T14:43:00+05:30
2026/04/10 14:43:00 🔍 DEBUG: Query returned 0 task history records
2026/04/10 14:43:00 ✓ Retrieved 0 task history records and 0 worker stats
2026/04/10 14:43:00 ⚠️  Insufficient data (0 tasks < 2 required), using default parameters
2026/04/10 14:43:00 ✓ AOD parameters saved to /Users/codesmith28/personal/Projects/acc/BTEP/master/config/ga_output.json
2026/04/10 14:43:00 ✓ AOD parameters saved to MongoDB collection RTS_WEIGHTS
2026/04/10 14:43:00 ✅ AOD training cycle completed successfully
2026/04/10 14:43:27 ✓ RTS: Reloaded GA parameters from mongodb collection RTS_WEIGHTS
2026/04/10 14:43:57 ✓ RTS: Reloaded GA parameters from mongodb collection RTS_WEIGHTS
2026/04/10 14:44:00 🧬 Starting AOD training cycle...
2026/04/10 14:44:00 🧬 Starting AOD training cycle...
2026/04/10 14:44:00 📊 Fetching task history from 2026-04-09T14:44:00+05:30 to 2026-04-10T14:44:00+05:30
2026/04/10 14:44:00 🔍 DEBUG: Querying TASKS collection for completed_at between 2026-04-09T14:44:00+05:30 and 2026-04-10T14:44:00+05:30
2026/04/10 14:44:00 🔍 DEBUG: Query returned 0 task history records
2026/04/10 14:44:00 📊 Fetching worker stats from 2026-04-09T14:44:00+05:30 to 2026-04-10T14:44:00+05:30
2026/04/10 14:44:00 🔍 DEBUG: Querying TASKS collection for completed_at between 2026-04-09T14:44:00+05:30 and 2026-04-10T14:44:00+05:30
2026/04/10 14:44:00 🔍 DEBUG: Query returned 0 task history records
2026/04/10 14:44:00 ✓ Retrieved 0 task history records and 0 worker stats
2026/04/10 14:44:00 ⚠️  Insufficient data (0 tasks < 2 required), using default parameters
2026/04/10 14:44:00 ✓ AOD parameters saved to /Users/codesmith28/personal/Projects/acc/BTEP/master/config/ga_output.json
2026/04/10 14:44:00 ✓ AOD parameters saved to MongoDB collection RTS_WEIGHTS
2026/04/10 14:44:00 ✅ AOD training cycle completed successfully
2026/04/10 14:44:27 ✓ RTS: Reloaded GA parameters from mongodb collection RTS_WEIGHTS
2026/04/10 14:44:57 ✓ RTS: Reloaded GA parameters from mongodb collection RTS_WEIGHTS
2026/04/10 14:45:00 🧬 Starting AOD training cycle...
2026/04/10 14:45:00 🧬 Starting AOD training cycle...
2026/04/10 14:45:00 📊 Fetching task history from 2026-04-09T14:45:00+05:30 to 2026-04-10T14:45:00+05:30
2026/04/10 14:45:00 🔍 DEBUG: Querying TASKS collection for completed_at between 2026-04-09T14:45:00+05:30 and 2026-04-10T14:45:00+05:30
2026/04/10 14:45:00 🔍 DEBUG: Query returned 0 task history records
2026/04/10 14:45:00 📊 Fetching worker stats from 2026-04-09T14:45:00+05:30 to 2026-04-10T14:45:00+05:30
2026/04/10 14:45:00 🔍 DEBUG: Querying TASKS collection for completed_at between 2026-04-09T14:45:00+05:30 and 2026-04-10T14:45:00+05:30
2026/04/10 14:45:00 🔍 DEBUG: Query returned 0 task history records
2026/04/10 14:45:00 ✓ Retrieved 0 task history records and 0 worker stats
2026/04/10 14:45:00 ⚠️  Insufficient data (0 tasks < 2 required), using default parameters
2026/04/10 14:45:00 ✓ AOD parameters saved to /Users/codesmith28/personal/Projects/acc/BTEP/master/config/ga_output.json
2026/04/10 14:45:00 ✓ AOD parameters saved to MongoDB collection RTS_WEIGHTS
2026/04/10 14:45:00 ✅ AOD training cycle completed successfully
2026/04/10 14:45:27 ✓ RTS: Reloaded GA parameters from mongodb collection RTS_WEIGHTS
2026/04/10 14:45:57 ✓ RTS: Reloaded GA parameters from mongodb collection RTS_WEIGHTS
2026/04/10 14:46:00 🧬 Starting AOD training cycle...
2026/04/10 14:46:00 🧬 Starting AOD training cycle...
2026/04/10 14:46:00 📊 Fetching task history from 2026-04-09T14:46:00+05:30 to 2026-04-10T14:46:00+05:30
2026/04/10 14:46:00 🔍 DEBUG: Querying TASKS collection for completed_at between 2026-04-09T14:46:00+05:30 and 2026-04-10T14:46:00+05:30
2026/04/10 14:46:00 🔍 DEBUG: Query returned 0 task history records
2026/04/10 14:46:00 📊 Fetching worker stats from 2026-04-09T14:46:00+05:30 to 2026-04-10T14:46:00+05:30
2026/04/10 14:46:00 🔍 DEBUG: Querying TASKS collection for completed_at between 2026-04-09T14:46:00+05:30 and 2026-04-10T14:46:00+05:30
2026/04/10 14:46:00 🔍 DEBUG: Query returned 0 task history records
2026/04/10 14:46:00 ✓ Retrieved 0 task history records and 0 worker stats
2026/04/10 14:46:00 ⚠️  Insufficient data (0 tasks < 2 required), using default parameters
2026/04/10 14:46:00 ✓ AOD parameters saved to /Users/codesmith28/personal/Projects/acc/BTEP/master/config/ga_output.json
2026/04/10 14:46:00 ✓ AOD parameters saved to MongoDB collection RTS_WEIGHTS
2026/04/10 14:46:00 ✅ AOD training cycle completed successfully
2026/04/10 14:46:27 ✓ RTS: Reloaded GA parameters from mongodb collection RTS_WEIGHTS
2026/04/10 14:46:57 ✓ RTS: Reloaded GA parameters from mongodb collection RTS_WEIGHTS
2026/04/10 14:47:00 🧬 Starting AOD training cycle...
2026/04/10 14:47:00 🧬 Starting AOD training cycle...
2026/04/10 14:47:00 📊 Fetching task history from 2026-04-09T14:47:00+05:30 to 2026-04-10T14:47:00+05:30
2026/04/10 14:47:00 🔍 DEBUG: Querying TASKS collection for completed_at between 2026-04-09T14:47:00+05:30 and 2026-04-10T14:47:00+05:30
2026/04/10 14:47:00 🔍 DEBUG: Query returned 0 task history records
2026/04/10 14:47:00 📊 Fetching worker stats from 2026-04-09T14:47:00+05:30 to 2026-04-10T14:47:00+05:30
2026/04/10 14:47:00 🔍 DEBUG: Querying TASKS collection for completed_at between 2026-04-09T14:47:00+05:30 and 2026-04-10T14:47:00+05:30
2026/04/10 14:47:00 🔍 DEBUG: Query returned 0 task history records
2026/04/10 14:47:00 ✓ Retrieved 0 task history records and 0 worker stats
2026/04/10 14:47:00 ⚠️  Insufficient data (0 tasks < 2 required), using default parameters
2026/04/10 14:47:00 ✓ AOD parameters saved to /Users/codesmith28/personal/Projects/acc/BTEP/master/config/ga_output.json
2026/04/10 14:47:00 ✓ AOD parameters saved to MongoDB collection RTS_WEIGHTS
2026/04/10 14:47:00 ✅ AOD training cycle completed successfully
2026/04/10 14:47:27 ✓ RTS: Reloaded GA parameters from mongodb collection RTS_WEIGHTS
2026/04/10 14:47:57 ✓ RTS: Reloaded GA parameters from mongodb collection RTS_WEIGHTS
2026/04/10 14:48:00 🧬 Starting AOD training cycle...
2026/04/10 14:48:00 🧬 Starting AOD training cycle...
2026/04/10 14:48:00 📊 Fetching task history from 2026-04-09T14:48:00+05:30 to 2026-04-10T14:48:00+05:30
2026/04/10 14:48:00 🔍 DEBUG: Querying TASKS collection for completed_at between 2026-04-09T14:48:00+05:30 and 2026-04-10T14:48:00+05:30
2026/04/10 14:48:00 🔍 DEBUG: Query returned 0 task history records
2026/04/10 14:48:00 📊 Fetching worker stats from 2026-04-09T14:48:00+05:30 to 2026-04-10T14:48:00+05:30
2026/04/10 14:48:00 🔍 DEBUG: Querying TASKS collection for completed_at between 2026-04-09T14:48:00+05:30 and 2026-04-10T14:48:00+05:30
2026/04/10 14:48:00 🔍 DEBUG: Query returned 0 task history records
2026/04/10 14:48:00 ✓ Retrieved 0 task history records and 0 worker stats
2026/04/10 14:48:00 ⚠️  Insufficient data (0 tasks < 2 required), using default parameters
2026/04/10 14:48:00 ✓ AOD parameters saved to /Users/codesmith28/personal/Projects/acc/BTEP/master/config/ga_output.json
2026/04/10 14:48:00 ✓ AOD parameters saved to MongoDB collection RTS_WEIGHTS
2026/04/10 14:48:00 ✅ AOD training cycle completed successfully
2026/04/10 14:48:27 ✓ RTS: Reloaded GA parameters from mongodb collection RTS_WEIGHTS
2026/04/10 14:48:57 ✓ RTS: Reloaded GA parameters from mongodb collection RTS_WEIGHTS
2026/04/10 14:49:00 🧬 Starting AOD training cycle...
2026/04/10 14:49:00 🧬 Starting AOD training cycle...
2026/04/10 14:49:00 📊 Fetching task history from 2026-04-09T14:49:00+05:30 to 2026-04-10T14:49:00+05:30
2026/04/10 14:49:00 🔍 DEBUG: Querying TASKS collection for completed_at between 2026-04-09T14:49:00+05:30 and 2026-04-10T14:49:00+05:30
2026/04/10 14:49:00 🔍 DEBUG: Query returned 0 task history records
2026/04/10 14:49:00 📊 Fetching worker stats from 2026-04-09T14:49:00+05:30 to 2026-04-10T14:49:00+05:30
2026/04/10 14:49:00 🔍 DEBUG: Querying TASKS collection for completed_at between 2026-04-09T14:49:00+05:30 and 2026-04-10T14:49:00+05:30
2026/04/10 14:49:00 🔍 DEBUG: Query returned 0 task history records
2026/04/10 14:49:00 ✓ Retrieved 0 task history records and 0 worker stats
2026/04/10 14:49:00 ⚠️  Insufficient data (0 tasks < 2 required), using default parameters
2026/04/10 14:49:00 ✓ AOD parameters saved to /Users/codesmith28/personal/Projects/acc/BTEP/master/config/ga_output.json
2026/04/10 14:49:00 ✓ AOD parameters saved to MongoDB collection RTS_WEIGHTS
2026/04/10 14:49:00 ✅ AOD training cycle completed successfully
2026/04/10 14:49:27 ✓ RTS: Reloaded GA parameters from mongodb collection RTS_WEIGHTS
2026/04/10 14:49:57 ✓ RTS: Reloaded GA parameters from mongodb collection RTS_WEIGHTS
2026/04/10 14:50:00 🧬 Starting AOD training cycle...
2026/04/10 14:50:00 🧬 Starting AOD training cycle...
2026/04/10 14:50:00 📊 Fetching task history from 2026-04-09T14:50:00+05:30 to 2026-04-10T14:50:00+05:30
2026/04/10 14:50:00 🔍 DEBUG: Querying TASKS collection for completed_at between 2026-04-09T14:50:00+05:30 and 2026-04-10T14:50:00+05:30
2026/04/10 14:50:00 🔍 DEBUG: Query returned 0 task history records
2026/04/10 14:50:00 📊 Fetching worker stats from 2026-04-09T14:50:00+05:30 to 2026-04-10T14:50:00+05:30
2026/04/10 14:50:00 🔍 DEBUG: Querying TASKS collection for completed_at between 2026-04-09T14:50:00+05:30 and 2026-04-10T14:50:00+05:30
2026/04/10 14:50:00 🔍 DEBUG: Query returned 0 task history records
2026/04/10 14:50:00 ✓ Retrieved 0 task history records and 0 worker stats
2026/04/10 14:50:00 ⚠️  Insufficient data (0 tasks < 2 required), using default parameters
2026/04/10 14:50:00 ✓ AOD parameters saved to /Users/codesmith28/personal/Projects/acc/BTEP/master/config/ga_output.json
2026/04/10 14:50:00 ✓ AOD parameters saved to MongoDB collection RTS_WEIGHTS
2026/04/10 14:50:00 ✅ AOD training cycle completed successfully
2026/04/10 14:50:27 ✓ RTS: Reloaded GA parameters from mongodb collection RTS_WEIGHTS
2026/04/10 14:50:57 ✓ RTS: Reloaded GA parameters from mongodb collection RTS_WEIGHTS
2026/04/10 14:51:00 🧬 Starting AOD training cycle...
2026/04/10 14:51:00 🧬 Starting AOD training cycle...
2026/04/10 14:51:00 📊 Fetching task history from 2026-04-09T14:51:00+05:30 to 2026-04-10T14:51:00+05:30
2026/04/10 14:51:00 🔍 DEBUG: Querying TASKS collection for completed_at between 2026-04-09T14:51:00+05:30 and 2026-04-10T14:51:00+05:30
2026/04/10 14:51:00 🔍 DEBUG: Query returned 0 task history records
2026/04/10 14:51:00 📊 Fetching worker stats from 2026-04-09T14:51:00+05:30 to 2026-04-10T14:51:00+05:30
2026/04/10 14:51:00 🔍 DEBUG: Querying TASKS collection for completed_at between 2026-04-09T14:51:00+05:30 and 2026-04-10T14:51:00+05:30
2026/04/10 14:51:00 🔍 DEBUG: Query returned 0 task history records
2026/04/10 14:51:00 ✓ Retrieved 0 task history records and 0 worker stats
2026/04/10 14:51:00 ⚠️  Insufficient data (0 tasks < 2 required), using default parameters
2026/04/10 14:51:00 ✓ AOD parameters saved to /Users/codesmith28/personal/Projects/acc/BTEP/master/config/ga_output.json
2026/04/10 14:51:00 ✓ AOD parameters saved to MongoDB collection RTS_WEIGHTS
2026/04/10 14:51:00 ✅ AOD training cycle completed successfully
2026/04/10 14:51:27 ✓ RTS: Reloaded GA parameters from mongodb collection RTS_WEIGHTS
2026/04/10 14:51:57 ✓ RTS: Reloaded GA parameters from mongodb collection RTS_WEIGHTS
2026/04/10 14:52:00 🧬 Starting AOD training cycle...
2026/04/10 14:52:00 🧬 Starting AOD training cycle...
2026/04/10 14:52:00 📊 Fetching task history from 2026-04-09T14:52:00+05:30 to 2026-04-10T14:52:00+05:30
2026/04/10 14:52:00 🔍 DEBUG: Querying TASKS collection for completed_at between 2026-04-09T14:52:00+05:30 and 2026-04-10T14:52:00+05:30
2026/04/10 14:52:00 🔍 DEBUG: Query returned 0 task history records
2026/04/10 14:52:00 📊 Fetching worker stats from 2026-04-09T14:52:00+05:30 to 2026-04-10T14:52:00+05:30
2026/04/10 14:52:00 🔍 DEBUG: Querying TASKS collection for completed_at between 2026-04-09T14:52:00+05:30 and 2026-04-10T14:52:00+05:30
2026/04/10 14:52:00 🔍 DEBUG: Query returned 0 task history records
2026/04/10 14:52:00 ✓ Retrieved 0 task history records and 0 worker stats
2026/04/10 14:52:00 ⚠️  Insufficient data (0 tasks < 2 required), using default parameters
2026/04/10 14:52:00 ✓ AOD parameters saved to /Users/codesmith28/personal/Projects/acc/BTEP/master/config/ga_output.json
2026/04/10 14:52:00 ✓ AOD parameters saved to MongoDB collection RTS_WEIGHTS
2026/04/10 14:52:00 ✅ AOD training cycle completed successfully
2026/04/10 14:52:27 ✓ RTS: Reloaded GA parameters from mongodb collection RTS_WEIGHTS
2026/04/10 14:52:57 ✓ RTS: Reloaded GA parameters from mongodb collection RTS_WEIGHTS
2026/04/10 14:53:00 🧬 Starting AOD training cycle...
2026/04/10 14:53:00 🧬 Starting AOD training cycle...
2026/04/10 14:53:00 📊 Fetching task history from 2026-04-09T14:53:00+05:30 to 2026-04-10T14:53:00+05:30
2026/04/10 14:53:00 🔍 DEBUG: Querying TASKS collection for completed_at between 2026-04-09T14:53:00+05:30 and 2026-04-10T14:53:00+05:30
2026/04/10 14:53:00 🔍 DEBUG: Query returned 0 task history records
2026/04/10 14:53:00 📊 Fetching worker stats from 2026-04-09T14:53:00+05:30 to 2026-04-10T14:53:00+05:30
2026/04/10 14:53:00 🔍 DEBUG: Querying TASKS collection for completed_at between 2026-04-09T14:53:00+05:30 and 2026-04-10T14:53:00+05:30
2026/04/10 14:53:00 🔍 DEBUG: Query returned 0 task history records
2026/04/10 14:53:00 ✓ Retrieved 0 task history records and 0 worker stats
2026/04/10 14:53:00 ⚠️  Insufficient data (0 tasks < 2 required), using default parameters
2026/04/10 14:53:00 ✓ AOD parameters saved to /Users/codesmith28/personal/Projects/acc/BTEP/master/config/ga_output.json
2026/04/10 14:53:00 ✓ AOD parameters saved to MongoDB collection RTS_WEIGHTS
2026/04/10 14:53:00 ✅ AOD training cycle completed successfully
2026/04/10 14:53:27 ✓ RTS: Reloaded GA parameters from mongodb collection RTS_WEIGHTS
2026/04/10 14:53:57 ✓ RTS: Reloaded GA parameters from mongodb collection RTS_WEIGHTS
2026/04/10 14:54:00 🧬 Starting AOD training cycle...
2026/04/10 14:54:00 🧬 Starting AOD training cycle...
2026/04/10 14:54:00 📊 Fetching task history from 2026-04-09T14:54:00+05:30 to 2026-04-10T14:54:00+05:30
2026/04/10 14:54:00 🔍 DEBUG: Querying TASKS collection for completed_at between 2026-04-09T14:54:00+05:30 and 2026-04-10T14:54:00+05:30
2026/04/10 14:54:00 🔍 DEBUG: Query returned 0 task history records
2026/04/10 14:54:00 📊 Fetching worker stats from 2026-04-09T14:54:00+05:30 to 2026-04-10T14:54:00+05:30
2026/04/10 14:54:00 🔍 DEBUG: Querying TASKS collection for completed_at between 2026-04-09T14:54:00+05:30 and 2026-04-10T14:54:00+05:30
2026/04/10 14:54:00 🔍 DEBUG: Query returned 0 task history records
2026/04/10 14:54:00 ✓ Retrieved 0 task history records and 0 worker stats
2026/04/10 14:54:00 ⚠️  Insufficient data (0 tasks < 2 required), using default parameters
2026/04/10 14:54:00 ✓ AOD parameters saved to /Users/codesmith28/personal/Projects/acc/BTEP/master/config/ga_output.json
2026/04/10 14:54:00 ✓ AOD parameters saved to MongoDB collection RTS_WEIGHTS
2026/04/10 14:54:00 ✅ AOD training cycle completed successfully
2026/04/10 14:54:27 ✓ RTS: Reloaded GA parameters from mongodb collection RTS_WEIGHTS
2026/04/10 14:54:57 ✓ RTS: Reloaded GA parameters from mongodb collection RTS_WEIGHTS
2026/04/10 14:55:00 🧬 Starting AOD training cycle...
2026/04/10 14:55:00 🧬 Starting AOD training cycle...
2026/04/10 14:55:00 📊 Fetching task history from 2026-04-09T14:55:00+05:30 to 2026-04-10T14:55:00+05:30
2026/04/10 14:55:00 🔍 DEBUG: Querying TASKS collection for completed_at between 2026-04-09T14:55:00+05:30 and 2026-04-10T14:55:00+05:30
2026/04/10 14:55:00 🔍 DEBUG: Query returned 0 task history records
2026/04/10 14:55:00 📊 Fetching worker stats from 2026-04-09T14:55:00+05:30 to 2026-04-10T14:55:00+05:30
2026/04/10 14:55:00 🔍 DEBUG: Querying TASKS collection for completed_at between 2026-04-09T14:55:00+05:30 and 2026-04-10T14:55:00+05:30
2026/04/10 14:55:00 🔍 DEBUG: Query returned 0 task history records
2026/04/10 14:55:00 ✓ Retrieved 0 task history records and 0 worker stats
2026/04/10 14:55:00 ⚠️  Insufficient data (0 tasks < 2 required), using default parameters
2026/04/10 14:55:00 ✓ AOD parameters saved to /Users/codesmith28/personal/Projects/acc/BTEP/master/config/ga_output.json
2026/04/10 14:55:00 ✓ AOD parameters saved to MongoDB collection RTS_WEIGHTS
2026/04/10 14:55:00 ✅ AOD training cycle completed successfully
2026/04/10 14:55:27 ✓ RTS: Reloaded GA parameters from mongodb collection RTS_WEIGHTS
2026/04/10 14:55:57 ✓ RTS: Reloaded GA parameters from mongodb collection RTS_WEIGHTS
2026/04/10 14:56:00 🧬 Starting AOD training cycle...
2026/04/10 14:56:00 🧬 Starting AOD training cycle...
2026/04/10 14:56:00 📊 Fetching task history from 2026-04-09T14:56:00+05:30 to 2026-04-10T14:56:00+05:30
2026/04/10 14:56:00 🔍 DEBUG: Querying TASKS collection for completed_at between 2026-04-09T14:56:00+05:30 and 2026-04-10T14:56:00+05:30
2026/04/10 14:56:00 🔍 DEBUG: Query returned 0 task history records
2026/04/10 14:56:00 📊 Fetching worker stats from 2026-04-09T14:56:00+05:30 to 2026-04-10T14:56:00+05:30
2026/04/10 14:56:00 🔍 DEBUG: Querying TASKS collection for completed_at between 2026-04-09T14:56:00+05:30 and 2026-04-10T14:56:00+05:30
2026/04/10 14:56:00 🔍 DEBUG: Query returned 0 task history records
2026/04/10 14:56:00 ✓ Retrieved 0 task history records and 0 worker stats
2026/04/10 14:56:00 ⚠️  Insufficient data (0 tasks < 2 required), using default parameters
2026/04/10 14:56:00 ✓ AOD parameters saved to /Users/codesmith28/personal/Projects/acc/BTEP/master/config/ga_output.json
2026/04/10 14:56:00 ✓ AOD parameters saved to MongoDB collection RTS_WEIGHTS
2026/04/10 14:56:00 ✅ AOD training cycle completed successfully
2026/04/10 14:56:27 ✓ RTS: Reloaded GA parameters from mongodb collection RTS_WEIGHTS
2026/04/10 14:56:57 ✓ RTS: Reloaded GA parameters from mongodb collection RTS_WEIGHTS
2026/04/10 14:57:00 🧬 Starting AOD training cycle...
2026/04/10 14:57:00 🧬 Starting AOD training cycle...
2026/04/10 14:57:00 📊 Fetching task history from 2026-04-09T14:57:00+05:30 to 2026-04-10T14:57:00+05:30
2026/04/10 14:57:00 🔍 DEBUG: Querying TASKS collection for completed_at between 2026-04-09T14:57:00+05:30 and 2026-04-10T14:57:00+05:30
2026/04/10 14:57:00 🔍 DEBUG: Query returned 0 task history records
2026/04/10 14:57:00 📊 Fetching worker stats from 2026-04-09T14:57:00+05:30 to 2026-04-10T14:57:00+05:30
2026/04/10 14:57:00 🔍 DEBUG: Querying TASKS collection for completed_at between 2026-04-09T14:57:00+05:30 and 2026-04-10T14:57:00+05:30
2026/04/10 14:57:00 🔍 DEBUG: Query returned 0 task history records
2026/04/10 14:57:00 ✓ Retrieved 0 task history records and 0 worker stats
2026/04/10 14:57:00 ⚠️  Insufficient data (0 tasks < 2 required), using default parameters
2026/04/10 14:57:00 ✓ AOD parameters saved to /Users/codesmith28/personal/Projects/acc/BTEP/master/config/ga_output.json
2026/04/10 14:57:00 ✓ AOD parameters saved to MongoDB collection RTS_WEIGHTS
2026/04/10 14:57:00 ✅ AOD training cycle completed successfully
2026/04/10 14:57:27 ✓ RTS: Reloaded GA parameters from mongodb collection RTS_WEIGHTS
2026/04/10 14:57:57 ✓ RTS: Reloaded GA parameters from mongodb collection RTS_WEIGHTS
2026/04/10 14:58:00 🧬 Starting AOD training cycle...
2026/04/10 14:58:00 🧬 Starting AOD training cycle...
2026/04/10 14:58:00 📊 Fetching task history from 2026-04-09T14:58:00+05:30 to 2026-04-10T14:58:00+05:30
2026/04/10 14:58:00 🔍 DEBUG: Querying TASKS collection for completed_at between 2026-04-09T14:58:00+05:30 and 2026-04-10T14:58:00+05:30
2026/04/10 14:58:00 🔍 DEBUG: Query returned 0 task history records
2026/04/10 14:58:00 📊 Fetching worker stats from 2026-04-09T14:58:00+05:30 to 2026-04-10T14:58:00+05:30
2026/04/10 14:58:00 🔍 DEBUG: Querying TASKS collection for completed_at between 2026-04-09T14:58:00+05:30 and 2026-04-10T14:58:00+05:30
2026/04/10 14:58:00 🔍 DEBUG: Query returned 0 task history records
2026/04/10 14:58:00 ✓ Retrieved 0 task history records and 0 worker stats
2026/04/10 14:58:00 ⚠️  Insufficient data (0 tasks < 2 required), using default parameters
2026/04/10 14:58:00 ✓ AOD parameters saved to /Users/codesmith28/personal/Projects/acc/BTEP/master/config/ga_output.json
2026/04/10 14:58:00 ✓ AOD parameters saved to MongoDB collection RTS_WEIGHTS
2026/04/10 14:58:00 ✅ AOD training cycle completed successfully
2026/04/10 14:58:27 ✓ RTS: Reloaded GA parameters from mongodb collection RTS_WEIGHTS
2026/04/10 14:58:57 ✓ RTS: Reloaded GA parameters from mongodb collection RTS_WEIGHTS
2026/04/10 14:59:00 🧬 Starting AOD training cycle...
2026/04/10 14:59:00 🧬 Starting AOD training cycle...
2026/04/10 14:59:00 📊 Fetching task history from 2026-04-09T14:59:00+05:30 to 2026-04-10T14:59:00+05:30
2026/04/10 14:59:00 🔍 DEBUG: Querying TASKS collection for completed_at between 2026-04-09T14:59:00+05:30 and 2026-04-10T14:59:00+05:30
2026/04/10 14:59:00 🔍 DEBUG: Query returned 0 task history records
2026/04/10 14:59:00 📊 Fetching worker stats from 2026-04-09T14:59:00+05:30 to 2026-04-10T14:59:00+05:30
2026/04/10 14:59:00 🔍 DEBUG: Querying TASKS collection for completed_at between 2026-04-09T14:59:00+05:30 and 2026-04-10T14:59:00+05:30
2026/04/10 14:59:00 🔍 DEBUG: Query returned 0 task history records
2026/04/10 14:59:00 ✓ Retrieved 0 task history records and 0 worker stats
2026/04/10 14:59:00 ⚠️  Insufficient data (0 tasks < 2 required), using default parameters
2026/04/10 14:59:00 ✓ AOD parameters saved to /Users/codesmith28/personal/Projects/acc/BTEP/master/config/ga_output.json
2026/04/10 14:59:00 ✓ AOD parameters saved to MongoDB collection RTS_WEIGHTS
2026/04/10 14:59:00 ✅ AOD training cycle completed successfully
2026/04/10 14:59:27 ✓ RTS: Reloaded GA parameters from mongodb collection RTS_WEIGHTS
2026/04/10 14:59:57 ✓ RTS: Reloaded GA parameters from mongodb collection RTS_WEIGHTS
2026/04/10 15:00:00 🧬 Starting AOD training cycle...
2026/04/10 15:00:00 🧬 Starting AOD training cycle...
2026/04/10 15:00:00 📊 Fetching task history from 2026-04-09T15:00:00+05:30 to 2026-04-10T15:00:00+05:30
2026/04/10 15:00:00 🔍 DEBUG: Querying TASKS collection for completed_at between 2026-04-09T15:00:00+05:30 and 2026-04-10T15:00:00+05:30
2026/04/10 15:00:00 🔍 DEBUG: Query returned 0 task history records
2026/04/10 15:00:00 📊 Fetching worker stats from 2026-04-09T15:00:00+05:30 to 2026-04-10T15:00:00+05:30
2026/04/10 15:00:00 🔍 DEBUG: Querying TASKS collection for completed_at between 2026-04-09T15:00:00+05:30 and 2026-04-10T15:00:00+05:30
2026/04/10 15:00:00 🔍 DEBUG: Query returned 0 task history records
2026/04/10 15:00:00 ✓ Retrieved 0 task history records and 0 worker stats
2026/04/10 15:00:00 ⚠️  Insufficient data (0 tasks < 2 required), using default parameters
2026/04/10 15:00:00 ✓ AOD parameters saved to /Users/codesmith28/personal/Projects/acc/BTEP/master/config/ga_output.json
2026/04/10 15:00:00 ✓ AOD parameters saved to MongoDB collection RTS_WEIGHTS
2026/04/10 15:00:00 ✅ AOD training cycle completed successfully
2026/04/10 15:00:27 ✓ RTS: Reloaded GA parameters from mongodb collection RTS_WEIGHTS
2026/04/10 15:00:57 ✓ RTS: Reloaded GA parameters from mongodb collection RTS_WEIGHTS
2026/04/10 15:01:00 🧬 Starting AOD training cycle...
2026/04/10 15:01:00 🧬 Starting AOD training cycle...
2026/04/10 15:01:00 📊 Fetching task history from 2026-04-09T15:01:00+05:30 to 2026-04-10T15:01:00+05:30
2026/04/10 15:01:00 🔍 DEBUG: Querying TASKS collection for completed_at between 2026-04-09T15:01:00+05:30 and 2026-04-10T15:01:00+05:30
2026/04/10 15:01:00 🔍 DEBUG: Query returned 0 task history records
2026/04/10 15:01:00 📊 Fetching worker stats from 2026-04-09T15:01:00+05:30 to 2026-04-10T15:01:00+05:30
2026/04/10 15:01:00 🔍 DEBUG: Querying TASKS collection for completed_at between 2026-04-09T15:01:00+05:30 and 2026-04-10T15:01:00+05:30
2026/04/10 15:01:00 🔍 DEBUG: Query returned 0 task history records
2026/04/10 15:01:00 ✓ Retrieved 0 task history records and 0 worker stats
2026/04/10 15:01:00 ⚠️  Insufficient data (0 tasks < 2 required), using default parameters
2026/04/10 15:01:00 ✓ AOD parameters saved to /Users/codesmith28/personal/Projects/acc/BTEP/master/config/ga_output.json
2026/04/10 15:01:00 ✓ AOD parameters saved to MongoDB collection RTS_WEIGHTS
2026/04/10 15:01:00 ✅ AOD training cycle completed successfully
2026/04/10 15:01:27 ✓ RTS: Reloaded GA parameters from mongodb collection RTS_WEIGHTS
2026/04/10 15:01:57 ✓ RTS: Reloaded GA parameters from mongodb collection RTS_WEIGHTS
2026/04/10 15:02:00 🧬 Starting AOD training cycle...
2026/04/10 15:02:00 🧬 Starting AOD training cycle...
2026/04/10 15:02:00 📊 Fetching task history from 2026-04-09T15:02:00+05:30 to 2026-04-10T15:02:00+05:30
2026/04/10 15:02:00 🔍 DEBUG: Querying TASKS collection for completed_at between 2026-04-09T15:02:00+05:30 and 2026-04-10T15:02:00+05:30
2026/04/10 15:02:00 🔍 DEBUG: Query returned 0 task history records
2026/04/10 15:02:00 📊 Fetching worker stats from 2026-04-09T15:02:00+05:30 to 2026-04-10T15:02:00+05:30
2026/04/10 15:02:00 🔍 DEBUG: Querying TASKS collection for completed_at between 2026-04-09T15:02:00+05:30 and 2026-04-10T15:02:00+05:30
2026/04/10 15:02:00 🔍 DEBUG: Query returned 0 task history records
2026/04/10 15:02:00 ✓ Retrieved 0 task history records and 0 worker stats
2026/04/10 15:02:00 ⚠️  Insufficient data (0 tasks < 2 required), using default parameters
2026/04/10 15:02:00 ✓ AOD parameters saved to /Users/codesmith28/personal/Projects/acc/BTEP/master/config/ga_output.json
2026/04/10 15:02:00 ✓ AOD parameters saved to MongoDB collection RTS_WEIGHTS
2026/04/10 15:02:00 ✅ AOD training cycle completed successfully
2026/04/10 15:02:27 ✓ RTS: Reloaded GA parameters from mongodb collection RTS_WEIGHTS
2026/04/10 15:02:57 ✓ RTS: Reloaded GA parameters from mongodb collection RTS_WEIGHTS
2026/04/10 15:03:00 🧬 Starting AOD training cycle...
2026/04/10 15:03:00 🧬 Starting AOD training cycle...
2026/04/10 15:03:00 📊 Fetching task history from 2026-04-09T15:03:00+05:30 to 2026-04-10T15:03:00+05:30
2026/04/10 15:03:00 🔍 DEBUG: Querying TASKS collection for completed_at between 2026-04-09T15:03:00+05:30 and 2026-04-10T15:03:00+05:30
2026/04/10 15:03:00 🔍 DEBUG: Query returned 0 task history records
2026/04/10 15:03:00 📊 Fetching worker stats from 2026-04-09T15:03:00+05:30 to 2026-04-10T15:03:00+05:30
2026/04/10 15:03:00 🔍 DEBUG: Querying TASKS collection for completed_at between 2026-04-09T15:03:00+05:30 and 2026-04-10T15:03:00+05:30
2026/04/10 15:03:00 🔍 DEBUG: Query returned 0 task history records
2026/04/10 15:03:00 ✓ Retrieved 0 task history records and 0 worker stats
2026/04/10 15:03:00 ⚠️  Insufficient data (0 tasks < 2 required), using default parameters
2026/04/10 15:03:00 ✓ AOD parameters saved to /Users/codesmith28/personal/Projects/acc/BTEP/master/config/ga_output.json
2026/04/10 15:03:00 ✓ AOD parameters saved to MongoDB collection RTS_WEIGHTS
2026/04/10 15:03:00 ✅ AOD training cycle completed successfully
2026/04/10 15:03:27 ✓ RTS: Reloaded GA parameters from mongodb collection RTS_WEIGHTS
2026/04/10 15:03:57 ✓ RTS: Reloaded GA parameters from mongodb collection RTS_WEIGHTS
2026/04/10 15:04:00 🧬 Starting AOD training cycle...
2026/04/10 15:04:00 🧬 Starting AOD training cycle...
2026/04/10 15:04:00 📊 Fetching task history from 2026-04-09T15:04:00+05:30 to 2026-04-10T15:04:00+05:30
2026/04/10 15:04:00 🔍 DEBUG: Querying TASKS collection for completed_at between 2026-04-09T15:04:00+05:30 and 2026-04-10T15:04:00+05:30
2026/04/10 15:04:00 🔍 DEBUG: Query returned 0 task history records
2026/04/10 15:04:00 📊 Fetching worker stats from 2026-04-09T15:04:00+05:30 to 2026-04-10T15:04:00+05:30
2026/04/10 15:04:00 🔍 DEBUG: Querying TASKS collection for completed_at between 2026-04-09T15:04:00+05:30 and 2026-04-10T15:04:00+05:30
2026/04/10 15:04:00 🔍 DEBUG: Query returned 0 task history records
2026/04/10 15:04:00 ✓ Retrieved 0 task history records and 0 worker stats
2026/04/10 15:04:00 ⚠️  Insufficient data (0 tasks < 2 required), using default parameters
2026/04/10 15:04:00 ✓ AOD parameters saved to /Users/codesmith28/personal/Projects/acc/BTEP/master/config/ga_output.json
2026/04/10 15:04:00 ✓ AOD parameters saved to MongoDB collection RTS_WEIGHTS
2026/04/10 15:04:00 ✅ AOD training cycle completed successfully
2026/04/10 15:04:27 ✓ RTS: Reloaded GA parameters from mongodb collection RTS_WEIGHTS
2026/04/10 15:04:57 ✓ RTS: Reloaded GA parameters from mongodb collection RTS_WEIGHTS
2026/04/10 15:05:00 🧬 Starting AOD training cycle...
2026/04/10 15:05:00 🧬 Starting AOD training cycle...
2026/04/10 15:05:00 📊 Fetching task history from 2026-04-09T15:05:00+05:30 to 2026-04-10T15:05:00+05:30
2026/04/10 15:05:00 🔍 DEBUG: Querying TASKS collection for completed_at between 2026-04-09T15:05:00+05:30 and 2026-04-10T15:05:00+05:30
2026/04/10 15:05:00 🔍 DEBUG: Query returned 0 task history records
2026/04/10 15:05:00 📊 Fetching worker stats from 2026-04-09T15:05:00+05:30 to 2026-04-10T15:05:00+05:30
2026/04/10 15:05:00 🔍 DEBUG: Querying TASKS collection for completed_at between 2026-04-09T15:05:00+05:30 and 2026-04-10T15:05:00+05:30
2026/04/10 15:05:00 🔍 DEBUG: Query returned 0 task history records
2026/04/10 15:05:00 ✓ Retrieved 0 task history records and 0 worker stats
2026/04/10 15:05:00 ⚠️  Insufficient data (0 tasks < 2 required), using default parameters
2026/04/10 15:05:00 ✓ AOD parameters saved to /Users/codesmith28/personal/Projects/acc/BTEP/master/config/ga_output.json
2026/04/10 15:05:00 ✓ AOD parameters saved to MongoDB collection RTS_WEIGHTS
2026/04/10 15:05:00 ✅ AOD training cycle completed successfully
2026/04/10 15:05:27 ✓ RTS: Reloaded GA parameters from mongodb collection RTS_WEIGHTS
2026/04/10 15:06:19 ⚠️ Worker ppo-worker-1 marked as inactive (no heartbeat for 31 seconds)
2026/04/10 15:06:19 🔄 Attempting to reconnect to 1 inactive worker(s)...
2026/04/10 15:06:19 ✓ Successfully reconnected to worker ppo-worker-1 (127.0.0.1:61152)
2026/04/10 15:06:19 🔄 Worker ppo-worker-1 connected with new specs, reconciling resources...
2026/04/10 15:06:19   🔍 Reconciliation: Found 0 tasks with 'running' status in database
2026/04/10 15:06:19   ✓ Reconciled ppo-worker-1: CPU=0.0, Memory=0.0, Storage=0.0, Tasks=0
2026/04/10 15:06:19 Worker ppo-worker-1 already registered for telemetry
2026/04/10 15:06:26 ✓ RTS: Reloaded GA parameters from mongodb collection RTS_WEIGHTS
2026/04/10 15:06:29 🧬 Starting AOD training cycle...
2026/04/10 15:06:29 🧬 Starting AOD training cycle...
2026/04/10 15:06:29 📊 Fetching task history from 2026-04-09T15:06:29+05:30 to 2026-04-10T15:06:29+05:30
2026/04/10 15:06:29 🔍 DEBUG: Querying TASKS collection for completed_at between 2026-04-09T15:06:29+05:30 and 2026-04-10T15:06:29+05:30
2026/04/10 15:06:29 🔍 DEBUG: Query returned 0 task history records
2026/04/10 15:06:29 📊 Fetching worker stats from 2026-04-09T15:06:29+05:30 to 2026-04-10T15:06:29+05:30
2026/04/10 15:06:29 🔍 DEBUG: Querying TASKS collection for completed_at between 2026-04-09T15:06:29+05:30 and 2026-04-10T15:06:29+05:30
2026/04/10 15:06:29 🔍 DEBUG: Query returned 0 task history records
2026/04/10 15:06:29 ✓ Retrieved 0 task history records and 0 worker stats
2026/04/10 15:06:29 ⚠️  Insufficient data (0 tasks < 2 required), using default parameters
2026/04/10 15:06:29 ✓ AOD parameters saved to /Users/codesmith28/personal/Projects/acc/BTEP/master/config/ga_output.json
2026/04/10 15:06:29 ✓ AOD parameters saved to MongoDB collection RTS_WEIGHTS
2026/04/10 15:06:29 ✅ AOD training cycle completed successfully
2026/04/10 15:06:56 ✓ RTS: Reloaded GA parameters from mongodb collection RTS_WEIGHTS
2026/04/10 15:07:26 ✓ RTS: Reloaded GA parameters from mongodb collection RTS_WEIGHTS
2026/04/10 15:07:29 🧬 Starting AOD training cycle...
2026/04/10 15:07:29 🧬 Starting AOD training cycle...
2026/04/10 15:07:29 📊 Fetching task history from 2026-04-09T15:07:29+05:30 to 2026-04-10T15:07:29+05:30
2026/04/10 15:07:29 🔍 DEBUG: Querying TASKS collection for completed_at between 2026-04-09T15:07:29+05:30 and 2026-04-10T15:07:29+05:30
2026/04/10 15:07:29 🔍 DEBUG: Query returned 0 task history records
2026/04/10 15:07:29 📊 Fetching worker stats from 2026-04-09T15:07:29+05:30 to 2026-04-10T15:07:29+05:30
2026/04/10 15:07:29 🔍 DEBUG: Querying TASKS collection for completed_at between 2026-04-09T15:07:29+05:30 and 2026-04-10T15:07:29+05:30
2026/04/10 15:07:29 🔍 DEBUG: Query returned 0 task history records
2026/04/10 15:07:29 ✓ Retrieved 0 task history records and 0 worker stats
2026/04/10 15:07:29 ⚠️  Insufficient data (0 tasks < 2 required), using default parameters
2026/04/10 15:07:29 ✓ AOD parameters saved to /Users/codesmith28/personal/Projects/acc/BTEP/master/config/ga_output.json
2026/04/10 15:07:29 ✓ AOD parameters saved to MongoDB collection RTS_WEIGHTS
2026/04/10 15:07:29 ✅ AOD training cycle completed successfully
2026/04/10 15:07:56 ✓ RTS: Reloaded GA parameters from mongodb collection RTS_WEIGHTS
2026/04/10 15:08:26 ✓ RTS: Reloaded GA parameters from mongodb collection RTS_WEIGHTS
2026/04/10 15:08:29 🧬 Starting AOD training cycle...
2026/04/10 15:08:29 🧬 Starting AOD training cycle...
2026/04/10 15:08:29 📊 Fetching task history from 2026-04-09T15:08:29+05:30 to 2026-04-10T15:08:29+05:30
2026/04/10 15:08:29 🔍 DEBUG: Querying TASKS collection for completed_at between 2026-04-09T15:08:29+05:30 and 2026-04-10T15:08:29+05:30
2026/04/10 15:08:29 🔍 DEBUG: Query returned 0 task history records
2026/04/10 15:08:29 📊 Fetching worker stats from 2026-04-09T15:08:29+05:30 to 2026-04-10T15:08:29+05:30
2026/04/10 15:08:29 🔍 DEBUG: Querying TASKS collection for completed_at between 2026-04-09T15:08:29+05:30 and 2026-04-10T15:08:29+05:30
2026/04/10 15:08:29 🔍 DEBUG: Query returned 0 task history records
2026/04/10 15:08:29 ✓ Retrieved 0 task history records and 0 worker stats
2026/04/10 15:08:29 ⚠️  Insufficient data (0 tasks < 2 required), using default parameters
2026/04/10 15:08:29 ✓ AOD parameters saved to /Users/codesmith28/personal/Projects/acc/BTEP/master/config/ga_output.json
2026/04/10 15:08:29 ✓ AOD parameters saved to MongoDB collection RTS_WEIGHTS
2026/04/10 15:08:29 ✅ AOD training cycle completed successfully
2026/04/10 15:14:37 ✓ RTS: Reloaded GA parameters from mongodb collection RTS_WEIGHTS
2026/04/10 15:15:07 ✓ RTS: Reloaded GA parameters from mongodb collection RTS_WEIGHTS
2026/04/10 15:15:10 🧬 Starting AOD training cycle...
2026/04/10 15:15:10 🧬 Starting AOD training cycle...
2026/04/10 15:15:10 📊 Fetching task history from 2026-04-09T15:15:10+05:30 to 2026-04-10T15:15:10+05:30
2026/04/10 15:15:10 🔍 DEBUG: Querying TASKS collection for completed_at between 2026-04-09T15:15:10+05:30 and 2026-04-10T15:15:10+05:30
2026/04/10 15:15:10 🔍 DEBUG: Query returned 0 task history records
2026/04/10 15:15:10 📊 Fetching worker stats from 2026-04-09T15:15:10+05:30 to 2026-04-10T15:15:10+05:30
2026/04/10 15:15:10 🔍 DEBUG: Querying TASKS collection for completed_at between 2026-04-09T15:15:10+05:30 and 2026-04-10T15:15:10+05:30
2026/04/10 15:15:10 🔍 DEBUG: Query returned 0 task history records
2026/04/10 15:15:10 ✓ Retrieved 0 task history records and 0 worker stats
2026/04/10 15:15:10 ⚠️  Insufficient data (0 tasks < 2 required), using default parameters
2026/04/10 15:15:10 ✓ AOD parameters saved to /Users/codesmith28/personal/Projects/acc/BTEP/master/config/ga_output.json
2026/04/10 15:15:10 ✓ AOD parameters saved to MongoDB collection RTS_WEIGHTS
2026/04/10 15:15:10 ✅ AOD training cycle completed successfully
2026/04/10 15:15:37 ✓ RTS: Reloaded GA parameters from mongodb collection RTS_WEIGHTS
2026/04/10 15:16:07 ✓ RTS: Reloaded GA parameters from mongodb collection RTS_WEIGHTS
2026/04/10 15:16:10 🧬 Starting AOD training cycle...
2026/04/10 15:16:10 🧬 Starting AOD training cycle...
2026/04/10 15:16:10 📊 Fetching task history from 2026-04-09T15:16:10+05:30 to 2026-04-10T15:16:10+05:30
2026/04/10 15:16:10 🔍 DEBUG: Querying TASKS collection for completed_at between 2026-04-09T15:16:10+05:30 and 2026-04-10T15:16:10+05:30
2026/04/10 15:16:10 🔍 DEBUG: Query returned 0 task history records
2026/04/10 15:16:10 📊 Fetching worker stats from 2026-04-09T15:16:10+05:30 to 2026-04-10T15:16:10+05:30
2026/04/10 15:16:10 🔍 DEBUG: Querying TASKS collection for completed_at between 2026-04-09T15:16:10+05:30 and 2026-04-10T15:16:10+05:30
2026/04/10 15:16:10 🔍 DEBUG: Query returned 0 task history records
2026/04/10 15:16:10 ✓ Retrieved 0 task history records and 0 worker stats
2026/04/10 15:16:10 ⚠️  Insufficient data (0 tasks < 2 required), using default parameters
2026/04/10 15:16:10 ✓ AOD parameters saved to /Users/codesmith28/personal/Projects/acc/BTEP/master/config/ga_output.json
2026/04/10 15:16:10 ✓ AOD parameters saved to MongoDB collection RTS_WEIGHTS
2026/04/10 15:16:10 ✅ AOD training cycle completed successfully
2026/04/10 15:16:37 ✓ RTS: Reloaded GA parameters from mongodb collection RTS_WEIGHTS
2026/04/10 15:17:07 ✓ RTS: Reloaded GA parameters from mongodb collection RTS_WEIGHTS
2026/04/10 15:17:10 🧬 Starting AOD training cycle...
2026/04/10 15:17:10 🧬 Starting AOD training cycle...
2026/04/10 15:17:10 📊 Fetching task history from 2026-04-09T15:17:10+05:30 to 2026-04-10T15:17:10+05:30
2026/04/10 15:17:10 🔍 DEBUG: Querying TASKS collection for completed_at between 2026-04-09T15:17:10+05:30 and 2026-04-10T15:17:10+05:30
2026/04/10 15:17:10 🔍 DEBUG: Query returned 0 task history records
2026/04/10 15:17:10 📊 Fetching worker stats from 2026-04-09T15:17:10+05:30 to 2026-04-10T15:17:10+05:30
2026/04/10 15:17:10 🔍 DEBUG: Querying TASKS collection for completed_at between 2026-04-09T15:17:10+05:30 and 2026-04-10T15:17:10+05:30
2026/04/10 15:17:10 🔍 DEBUG: Query returned 0 task history records
2026/04/10 15:17:10 ✓ Retrieved 0 task history records and 0 worker stats
2026/04/10 15:17:10 ⚠️  Insufficient data (0 tasks < 2 required), using default parameters
2026/04/10 15:17:10 ✓ AOD parameters saved to /Users/codesmith28/personal/Projects/acc/BTEP/master/config/ga_output.json
2026/04/10 15:17:10 ✓ AOD parameters saved to MongoDB collection RTS_WEIGHTS
2026/04/10 15:17:10 ✅ AOD training cycle completed successfully
2026/04/10 15:17:37 ✓ RTS: Reloaded GA parameters from mongodb collection RTS_WEIGHTS
2026/04/10 15:18:07 ✓ RTS: Reloaded GA parameters from mongodb collection RTS_WEIGHTS
2026/04/10 15:18:10 🧬 Starting AOD training cycle...
2026/04/10 15:18:10 🧬 Starting AOD training cycle...
2026/04/10 15:18:10 📊 Fetching task history from 2026-04-09T15:18:10+05:30 to 2026-04-10T15:18:10+05:30
2026/04/10 15:18:10 🔍 DEBUG: Querying TASKS collection for completed_at between 2026-04-09T15:18:10+05:30 and 2026-04-10T15:18:10+05:30
2026/04/10 15:18:10 🔍 DEBUG: Query returned 0 task history records
2026/04/10 15:18:10 📊 Fetching worker stats from 2026-04-09T15:18:10+05:30 to 2026-04-10T15:18:10+05:30
2026/04/10 15:18:10 🔍 DEBUG: Querying TASKS collection for completed_at between 2026-04-09T15:18:10+05:30 and 2026-04-10T15:18:10+05:30
2026/04/10 15:18:10 🔍 DEBUG: Query returned 0 task history records
2026/04/10 15:18:10 ✓ Retrieved 0 task history records and 0 worker stats
2026/04/10 15:18:10 ⚠️  Insufficient data (0 tasks < 2 required), using default parameters
2026/04/10 15:18:10 ✓ AOD parameters saved to /Users/codesmith28/personal/Projects/acc/BTEP/master/config/ga_output.json
2026/04/10 15:18:10 ✓ AOD parameters saved to MongoDB collection RTS_WEIGHTS
2026/04/10 15:18:10 ✅ AOD training cycle completed successfully
2026/04/10 15:18:37 ✓ RTS: Reloaded GA parameters from mongodb collection RTS_WEIGHTS
2026/04/10 15:19:07 ✓ RTS: Reloaded GA parameters from mongodb collection RTS_WEIGHTS
2026/04/10 15:19:10 🧬 Starting AOD training cycle...
2026/04/10 15:19:10 🧬 Starting AOD training cycle...
2026/04/10 15:19:10 📊 Fetching task history from 2026-04-09T15:19:10+05:30 to 2026-04-10T15:19:10+05:30
2026/04/10 15:19:10 🔍 DEBUG: Querying TASKS collection for completed_at between 2026-04-09T15:19:10+05:30 and 2026-04-10T15:19:10+05:30
2026/04/10 15:19:10 🔍 DEBUG: Query returned 0 task history records
2026/04/10 15:19:10 📊 Fetching worker stats from 2026-04-09T15:19:10+05:30 to 2026-04-10T15:19:10+05:30
2026/04/10 15:19:10 🔍 DEBUG: Querying TASKS collection for completed_at between 2026-04-09T15:19:10+05:30 and 2026-04-10T15:19:10+05:30
2026/04/10 15:19:10 🔍 DEBUG: Query returned 0 task history records
2026/04/10 15:19:10 ✓ Retrieved 0 task history records and 0 worker stats
2026/04/10 15:19:10 ⚠️  Insufficient data (0 tasks < 2 required), using default parameters
2026/04/10 15:19:10 ✓ AOD parameters saved to /Users/codesmith28/personal/Projects/acc/BTEP/master/config/ga_output.json
2026/04/10 15:19:10 ✓ AOD parameters saved to MongoDB collection RTS_WEIGHTS
2026/04/10 15:19:10 ✅ AOD training cycle completed successfully
2026/04/10 15:19:37 ✓ RTS: Reloaded GA parameters from mongodb collection RTS_WEIGHTS
2026/04/10 15:20:07 ✓ RTS: Reloaded GA parameters from mongodb collection RTS_WEIGHTS
2026/04/10 15:20:10 🧬 Starting AOD training cycle...
2026/04/10 15:20:10 🧬 Starting AOD training cycle...
2026/04/10 15:20:10 📊 Fetching task history from 2026-04-09T15:20:10+05:30 to 2026-04-10T15:20:10+05:30
2026/04/10 15:20:10 🔍 DEBUG: Querying TASKS collection for completed_at between 2026-04-09T15:20:10+05:30 and 2026-04-10T15:20:10+05:30
2026/04/10 15:20:10 🔍 DEBUG: Query returned 0 task history records
2026/04/10 15:20:10 📊 Fetching worker stats from 2026-04-09T15:20:10+05:30 to 2026-04-10T15:20:10+05:30
2026/04/10 15:20:10 🔍 DEBUG: Querying TASKS collection for completed_at between 2026-04-09T15:20:10+05:30 and 2026-04-10T15:20:10+05:30
2026/04/10 15:20:10 🔍 DEBUG: Query returned 0 task history records
2026/04/10 15:20:10 ✓ Retrieved 0 task history records and 0 worker stats
2026/04/10 15:20:10 ⚠️  Insufficient data (0 tasks < 2 required), using default parameters
2026/04/10 15:20:10 ✓ AOD parameters saved to /Users/codesmith28/personal/Projects/acc/BTEP/master/config/ga_output.json
2026/04/10 15:20:10 ✓ AOD parameters saved to MongoDB collection RTS_WEIGHTS
2026/04/10 15:20:10 ✅ AOD training cycle completed successfully
2026/04/10 15:20:37 ✓ RTS: Reloaded GA parameters from mongodb collection RTS_WEIGHTS
2026/04/10 15:29:37 ✓ RTS: Reloaded GA parameters from mongodb collection RTS_WEIGHTS
2026/04/10 15:29:39 🧬 Starting AOD training cycle...
2026/04/10 15:29:39 🧬 Starting AOD training cycle...
2026/04/10 15:29:39 📊 Fetching task history from 2026-04-09T15:29:39+05:30 to 2026-04-10T15:29:39+05:30
2026/04/10 15:29:39 🔍 DEBUG: Querying TASKS collection for completed_at between 2026-04-09T15:29:39+05:30 and 2026-04-10T15:29:39+05:30
2026/04/10 15:29:39 🔍 DEBUG: Query returned 0 task history records
2026/04/10 15:29:39 📊 Fetching worker stats from 2026-04-09T15:29:39+05:30 to 2026-04-10T15:29:39+05:30
2026/04/10 15:29:39 🔍 DEBUG: Querying TASKS collection for completed_at between 2026-04-09T15:29:39+05:30 and 2026-04-10T15:29:39+05:30
2026/04/10 15:29:39 🔍 DEBUG: Query returned 0 task history records
2026/04/10 15:29:39 ✓ Retrieved 0 task history records and 0 worker stats
2026/04/10 15:29:39 ⚠️  Insufficient data (0 tasks < 2 required), using default parameters
2026/04/10 15:29:39 ✓ AOD parameters saved to /Users/codesmith28/personal/Projects/acc/BTEP/master/config/ga_output.json
2026/04/10 15:29:39 ✓ AOD parameters saved to MongoDB collection RTS_WEIGHTS
2026/04/10 15:29:39 ✅ AOD training cycle completed successfully
2026/04/10 15:30:07 ✓ RTS: Reloaded GA parameters from mongodb collection RTS_WEIGHTS
2026/04/10 15:30:37 ✓ RTS: Reloaded GA parameters from mongodb collection RTS_WEIGHTS
2026/04/10 15:30:39 🧬 Starting AOD training cycle...
2026/04/10 15:30:39 🧬 Starting AOD training cycle...
2026/04/10 15:30:39 📊 Fetching task history from 2026-04-09T15:30:39+05:30 to 2026-04-10T15:30:39+05:30
2026/04/10 15:30:39 🔍 DEBUG: Querying TASKS collection for completed_at between 2026-04-09T15:30:39+05:30 and 2026-04-10T15:30:39+05:30
2026/04/10 15:30:39 🔍 DEBUG: Query returned 0 task history records
2026/04/10 15:30:39 📊 Fetching worker stats from 2026-04-09T15:30:39+05:30 to 2026-04-10T15:30:39+05:30
2026/04/10 15:30:39 🔍 DEBUG: Querying TASKS collection for completed_at between 2026-04-09T15:30:39+05:30 and 2026-04-10T15:30:39+05:30
2026/04/10 15:30:39 🔍 DEBUG: Query returned 0 task history records
2026/04/10 15:30:39 ✓ Retrieved 0 task history records and 0 worker stats
2026/04/10 15:30:39 ⚠️  Insufficient data (0 tasks < 2 required), using default parameters
2026/04/10 15:30:39 ✓ AOD parameters saved to /Users/codesmith28/personal/Projects/acc/BTEP/master/config/ga_output.json
2026/04/10 15:30:39 ✓ AOD parameters saved to MongoDB collection RTS_WEIGHTS
2026/04/10 15:30:39 ✅ AOD training cycle completed successfully
2026/04/10 15:31:07 ✓ RTS: Reloaded GA parameters from mongodb collection RTS_WEIGHTS
2026/04/10 15:31:37 ✓ RTS: Reloaded GA parameters from mongodb collection RTS_WEIGHTS
2026/04/10 15:31:39 🧬 Starting AOD training cycle...
2026/04/10 15:31:39 🧬 Starting AOD training cycle...
2026/04/10 15:31:39 📊 Fetching task history from 2026-04-09T15:31:39+05:30 to 2026-04-10T15:31:39+05:30
2026/04/10 15:31:39 🔍 DEBUG: Querying TASKS collection for completed_at between 2026-04-09T15:31:39+05:30 and 2026-04-10T15:31:39+05:30
2026/04/10 15:31:39 🔍 DEBUG: Query returned 0 task history records
2026/04/10 15:31:39 📊 Fetching worker stats from 2026-04-09T15:31:39+05:30 to 2026-04-10T15:31:39+05:30
2026/04/10 15:31:39 🔍 DEBUG: Querying TASKS collection for completed_at between 2026-04-09T15:31:39+05:30 and 2026-04-10T15:31:39+05:30
2026/04/10 15:31:39 🔍 DEBUG: Query returned 0 task history records
2026/04/10 15:31:39 ✓ Retrieved 0 task history records and 0 worker stats
2026/04/10 15:31:39 ⚠️  Insufficient data (0 tasks < 2 required), using default parameters
2026/04/10 15:31:39 ✓ AOD parameters saved to /Users/codesmith28/personal/Projects/acc/BTEP/master/config/ga_output.json
2026/04/10 15:31:39 ✓ AOD parameters saved to MongoDB collection RTS_WEIGHTS
2026/04/10 15:31:39 ✅ AOD training cycle completed successfully
2026/04/10 15:32:07 ✓ RTS: Reloaded GA parameters from mongodb collection RTS_WEIGHTS
2026/04/10 15:32:37 ✓ RTS: Reloaded GA parameters from mongodb collection RTS_WEIGHTS
2026/04/10 15:32:39 🧬 Starting AOD training cycle...
2026/04/10 15:32:39 🧬 Starting AOD training cycle...
2026/04/10 15:32:39 📊 Fetching task history from 2026-04-09T15:32:39+05:30 to 2026-04-10T15:32:39+05:30
2026/04/10 15:32:39 🔍 DEBUG: Querying TASKS collection for completed_at between 2026-04-09T15:32:39+05:30 and 2026-04-10T15:32:39+05:30
2026/04/10 15:32:39 🔍 DEBUG: Query returned 0 task history records
2026/04/10 15:32:39 📊 Fetching worker stats from 2026-04-09T15:32:39+05:30 to 2026-04-10T15:32:39+05:30
2026/04/10 15:32:39 🔍 DEBUG: Querying TASKS collection for completed_at between 2026-04-09T15:32:39+05:30 and 2026-04-10T15:32:39+05:30
2026/04/10 15:32:39 🔍 DEBUG: Query returned 0 task history records
2026/04/10 15:32:39 ✓ Retrieved 0 task history records and 0 worker stats
2026/04/10 15:32:39 ⚠️  Insufficient data (0 tasks < 2 required), using default parameters
2026/04/10 15:32:39 ✓ AOD parameters saved to /Users/codesmith28/personal/Projects/acc/BTEP/master/config/ga_output.json
2026/04/10 15:32:39 ✓ AOD parameters saved to MongoDB collection RTS_WEIGHTS
2026/04/10 15:32:39 ✅ AOD training cycle completed successfully
2026/04/10 15:33:07 ✓ RTS: Reloaded GA parameters from mongodb collection RTS_WEIGHTS
2026/04/10 15:33:37 ✓ RTS: Reloaded GA parameters from mongodb collection RTS_WEIGHTS
2026/04/10 15:33:39 🧬 Starting AOD training cycle...
2026/04/10 15:33:39 🧬 Starting AOD training cycle...
2026/04/10 15:33:39 📊 Fetching task history from 2026-04-09T15:33:39+05:30 to 2026-04-10T15:33:39+05:30
2026/04/10 15:33:39 🔍 DEBUG: Querying TASKS collection for completed_at between 2026-04-09T15:33:39+05:30 and 2026-04-10T15:33:39+05:30
2026/04/10 15:33:39 🔍 DEBUG: Query returned 0 task history records
2026/04/10 15:33:39 📊 Fetching worker stats from 2026-04-09T15:33:39+05:30 to 2026-04-10T15:33:39+05:30
2026/04/10 15:33:39 🔍 DEBUG: Querying TASKS collection for completed_at between 2026-04-09T15:33:39+05:30 and 2026-04-10T15:33:39+05:30
2026/04/10 15:33:39 🔍 DEBUG: Query returned 0 task history records
2026/04/10 15:33:39 ✓ Retrieved 0 task history records and 0 worker stats
2026/04/10 15:33:39 ⚠️  Insufficient data (0 tasks < 2 required), using default parameters
2026/04/10 15:33:39 ✓ AOD parameters saved to /Users/codesmith28/personal/Projects/acc/BTEP/master/config/ga_output.json
2026/04/10 15:33:39 ✓ AOD parameters saved to MongoDB collection RTS_WEIGHTS
2026/04/10 15:33:39 ✅ AOD training cycle completed successfully
2026/04/10 15:34:07 ✓ RTS: Reloaded GA parameters from mongodb collection RTS_WEIGHTS
2026/04/10 15:34:37 ✓ RTS: Reloaded GA parameters from mongodb collection RTS_WEIGHTS
2026/04/10 15:34:39 🧬 Starting AOD training cycle...
2026/04/10 15:34:39 🧬 Starting AOD training cycle...
2026/04/10 15:34:39 📊 Fetching task history from 2026-04-09T15:34:39+05:30 to 2026-04-10T15:34:39+05:30
2026/04/10 15:34:39 🔍 DEBUG: Querying TASKS collection for completed_at between 2026-04-09T15:34:39+05:30 and 2026-04-10T15:34:39+05:30
2026/04/10 15:34:39 🔍 DEBUG: Query returned 0 task history records
2026/04/10 15:34:39 📊 Fetching worker stats from 2026-04-09T15:34:39+05:30 to 2026-04-10T15:34:39+05:30
2026/04/10 15:34:39 🔍 DEBUG: Querying TASKS collection for completed_at between 2026-04-09T15:34:39+05:30 and 2026-04-10T15:34:39+05:30
2026/04/10 15:34:39 🔍 DEBUG: Query returned 0 task history records
2026/04/10 15:34:39 ✓ Retrieved 0 task history records and 0 worker stats
2026/04/10 15:34:39 ⚠️  Insufficient data (0 tasks < 2 required), using default parameters
2026/04/10 15:34:39 ✓ AOD parameters saved to /Users/codesmith28/personal/Projects/acc/BTEP/master/config/ga_output.json
2026/04/10 15:34:39 ✓ AOD parameters saved to MongoDB collection RTS_WEIGHTS
2026/04/10 15:34:39 ✅ AOD training cycle completed successfully
2026/04/10 15:35:07 ✓ RTS: Reloaded GA parameters from mongodb collection RTS_WEIGHTS
2026/04/10 15:35:37 ✓ RTS: Reloaded GA parameters from mongodb collection RTS_WEIGHTS
2026/04/10 15:35:39 🧬 Starting AOD training cycle...
2026/04/10 15:35:39 🧬 Starting AOD training cycle...
2026/04/10 15:35:39 📊 Fetching task history from 2026-04-09T15:35:39+05:30 to 2026-04-10T15:35:39+05:30
2026/04/10 15:35:39 🔍 DEBUG: Querying TASKS collection for completed_at between 2026-04-09T15:35:39+05:30 and 2026-04-10T15:35:39+05:30
2026/04/10 15:35:39 🔍 DEBUG: Query returned 0 task history records
2026/04/10 15:35:39 📊 Fetching worker stats from 2026-04-09T15:35:39+05:30 to 2026-04-10T15:35:39+05:30
2026/04/10 15:35:39 🔍 DEBUG: Querying TASKS collection for completed_at between 2026-04-09T15:35:39+05:30 and 2026-04-10T15:35:39+05:30
2026/04/10 15:35:39 🔍 DEBUG: Query returned 0 task history records
2026/04/10 15:35:39 ✓ Retrieved 0 task history records and 0 worker stats
2026/04/10 15:35:39 ⚠️  Insufficient data (0 tasks < 2 required), using default parameters
2026/04/10 15:35:39 ✓ AOD parameters saved to /Users/codesmith28/personal/Projects/acc/BTEP/master/config/ga_output.json
2026/04/10 15:35:39 ✓ AOD parameters saved to MongoDB collection RTS_WEIGHTS
2026/04/10 15:35:39 ✅ AOD training cycle completed successfully
2026/04/10 15:36:07 ✓ RTS: Reloaded GA parameters from mongodb collection RTS_WEIGHTS
2026/04/10 15:36:37 ✓ RTS: Reloaded GA parameters from mongodb collection RTS_WEIGHTS
2026/04/10 15:36:39 🧬 Starting AOD training cycle...
2026/04/10 15:36:39 🧬 Starting AOD training cycle...
2026/04/10 15:36:39 📊 Fetching task history from 2026-04-09T15:36:39+05:30 to 2026-04-10T15:36:39+05:30
2026/04/10 15:36:39 🔍 DEBUG: Querying TASKS collection for completed_at between 2026-04-09T15:36:39+05:30 and 2026-04-10T15:36:39+05:30
2026/04/10 15:36:39 🔍 DEBUG: Query returned 0 task history records
2026/04/10 15:36:39 📊 Fetching worker stats from 2026-04-09T15:36:39+05:30 to 2026-04-10T15:36:39+05:30
2026/04/10 15:36:39 🔍 DEBUG: Querying TASKS collection for completed_at between 2026-04-09T15:36:39+05:30 and 2026-04-10T15:36:39+05:30
2026/04/10 15:36:39 🔍 DEBUG: Query returned 0 task history records
2026/04/10 15:36:39 ✓ Retrieved 0 task history records and 0 worker stats
2026/04/10 15:36:39 ⚠️  Insufficient data (0 tasks < 2 required), using default parameters
2026/04/10 15:36:39 ✓ AOD parameters saved to /Users/codesmith28/personal/Projects/acc/BTEP/master/config/ga_output.json
2026/04/10 15:36:39 ✓ AOD parameters saved to MongoDB collection RTS_WEIGHTS
2026/04/10 15:36:39 ✅ AOD training cycle completed successfully
2026/04/10 15:37:07 ✓ RTS: Reloaded GA parameters from mongodb collection RTS_WEIGHTS
2026/04/10 15:37:37 ✓ RTS: Reloaded GA parameters from mongodb collection RTS_WEIGHTS
2026/04/10 15:37:39 🧬 Starting AOD training cycle...
2026/04/10 15:37:39 🧬 Starting AOD training cycle...
2026/04/10 15:37:39 📊 Fetching task history from 2026-04-09T15:37:39+05:30 to 2026-04-10T15:37:39+05:30
2026/04/10 15:37:39 🔍 DEBUG: Querying TASKS collection for completed_at between 2026-04-09T15:37:39+05:30 and 2026-04-10T15:37:39+05:30
2026/04/10 15:37:39 🔍 DEBUG: Query returned 0 task history records
2026/04/10 15:37:39 📊 Fetching worker stats from 2026-04-09T15:37:39+05:30 to 2026-04-10T15:37:39+05:30
2026/04/10 15:37:39 🔍 DEBUG: Querying TASKS collection for completed_at between 2026-04-09T15:37:39+05:30 and 2026-04-10T15:37:39+05:30
2026/04/10 15:37:39 🔍 DEBUG: Query returned 0 task history records
2026/04/10 15:37:39 ✓ Retrieved 0 task history records and 0 worker stats
2026/04/10 15:37:39 ⚠️  Insufficient data (0 tasks < 2 required), using default parameters
2026/04/10 15:37:39 ✓ AOD parameters saved to /Users/codesmith28/personal/Projects/acc/BTEP/master/config/ga_output.json
2026/04/10 15:37:39 ✓ AOD parameters saved to MongoDB collection RTS_WEIGHTS
2026/04/10 15:37:39 ✅ AOD training cycle completed successfully
2026/04/10 15:38:07 ✓ RTS: Reloaded GA parameters from mongodb collection RTS_WEIGHTS
2026/04/10 15:38:37 ✓ RTS: Reloaded GA parameters from mongodb collection RTS_WEIGHTS
2026/04/10 15:38:39 🧬 Starting AOD training cycle...
2026/04/10 15:38:39 🧬 Starting AOD training cycle...
2026/04/10 15:38:39 📊 Fetching task history from 2026-04-09T15:38:39+05:30 to 2026-04-10T15:38:39+05:30
2026/04/10 15:38:39 🔍 DEBUG: Querying TASKS collection for completed_at between 2026-04-09T15:38:39+05:30 and 2026-04-10T15:38:39+05:30
2026/04/10 15:38:39 🔍 DEBUG: Query returned 0 task history records
2026/04/10 15:38:39 📊 Fetching worker stats from 2026-04-09T15:38:39+05:30 to 2026-04-10T15:38:39+05:30
2026/04/10 15:38:39 🔍 DEBUG: Querying TASKS collection for completed_at between 2026-04-09T15:38:39+05:30 and 2026-04-10T15:38:39+05:30
2026/04/10 15:38:39 🔍 DEBUG: Query returned 0 task history records
2026/04/10 15:38:39 ✓ Retrieved 0 task history records and 0 worker stats
2026/04/10 15:38:39 ⚠️  Insufficient data (0 tasks < 2 required), using default parameters
2026/04/10 15:38:39 ✓ AOD parameters saved to /Users/codesmith28/personal/Projects/acc/BTEP/master/config/ga_output.json
2026/04/10 15:38:39 ✓ AOD parameters saved to MongoDB collection RTS_WEIGHTS
2026/04/10 15:38:39 ✅ AOD training cycle completed successfully
2026/04/10 15:39:07 ✓ RTS: Reloaded GA parameters from mongodb collection RTS_WEIGHTS
2026/04/10 15:40:33 ✓ RTS: Reloaded GA parameters from mongodb collection RTS_WEIGHTS
2026/04/10 15:40:36 🧬 Starting AOD training cycle...
2026/04/10 15:40:36 🧬 Starting AOD training cycle...
2026/04/10 15:40:36 📊 Fetching task history from 2026-04-09T15:40:36+05:30 to 2026-04-10T15:40:36+05:30
2026/04/10 15:40:36 🔍 DEBUG: Querying TASKS collection for completed_at between 2026-04-09T15:40:36+05:30 and 2026-04-10T15:40:36+05:30
2026/04/10 15:40:36 🔍 DEBUG: Query returned 0 task history records
2026/04/10 15:40:36 📊 Fetching worker stats from 2026-04-09T15:40:36+05:30 to 2026-04-10T15:40:36+05:30
2026/04/10 15:40:36 🔍 DEBUG: Querying TASKS collection for completed_at between 2026-04-09T15:40:36+05:30 and 2026-04-10T15:40:36+05:30
2026/04/10 15:40:36 🔍 DEBUG: Query returned 0 task history records
2026/04/10 15:40:36 ✓ Retrieved 0 task history records and 0 worker stats
2026/04/10 15:40:36 ⚠️  Insufficient data (0 tasks < 2 required), using default parameters
2026/04/10 15:40:36 ✓ AOD parameters saved to /Users/codesmith28/personal/Projects/acc/BTEP/master/config/ga_output.json
2026/04/10 15:40:36 ✓ AOD parameters saved to MongoDB collection RTS_WEIGHTS
2026/04/10 15:40:36 ✅ AOD training cycle completed successfully
2026/04/10 15:41:03 ✓ RTS: Reloaded GA parameters from mongodb collection RTS_WEIGHTS
2026/04/10 15:41:33 ✓ RTS: Reloaded GA parameters from mongodb collection RTS_WEIGHTS
2026/04/10 15:41:36 🧬 Starting AOD training cycle...
2026/04/10 15:41:36 🧬 Starting AOD training cycle...
2026/04/10 15:41:36 📊 Fetching task history from 2026-04-09T15:41:36+05:30 to 2026-04-10T15:41:36+05:30
2026/04/10 15:41:36 🔍 DEBUG: Querying TASKS collection for completed_at between 2026-04-09T15:41:36+05:30 and 2026-04-10T15:41:36+05:30
2026/04/10 15:41:36 🔍 DEBUG: Query returned 0 task history records
2026/04/10 15:41:36 📊 Fetching worker stats from 2026-04-09T15:41:36+05:30 to 2026-04-10T15:41:36+05:30
2026/04/10 15:41:36 🔍 DEBUG: Querying TASKS collection for completed_at between 2026-04-09T15:41:36+05:30 and 2026-04-10T15:41:36+05:30
2026/04/10 15:41:36 🔍 DEBUG: Query returned 0 task history records
2026/04/10 15:41:36 ✓ Retrieved 0 task history records and 0 worker stats
2026/04/10 15:41:36 ⚠️  Insufficient data (0 tasks < 2 required), using default parameters
2026/04/10 15:41:36 ✓ AOD parameters saved to /Users/codesmith28/personal/Projects/acc/BTEP/master/config/ga_output.json
2026/04/10 15:41:36 ✓ AOD parameters saved to MongoDB collection RTS_WEIGHTS
2026/04/10 15:41:36 ✅ AOD training cycle completed successfully
2026/04/10 15:42:03 ✓ RTS: Reloaded GA parameters from mongodb collection RTS_WEIGHTS
2026/04/10 15:42:33 ✓ RTS: Reloaded GA parameters from mongodb collection RTS_WEIGHTS
2026/04/10 15:42:36 🧬 Starting AOD training cycle...
2026/04/10 15:42:36 🧬 Starting AOD training cycle...
2026/04/10 15:42:36 📊 Fetching task history from 2026-04-09T15:42:36+05:30 to 2026-04-10T15:42:36+05:30
2026/04/10 15:42:36 🔍 DEBUG: Querying TASKS collection for completed_at between 2026-04-09T15:42:36+05:30 and 2026-04-10T15:42:36+05:30
2026/04/10 15:42:36 🔍 DEBUG: Query returned 0 task history records
2026/04/10 15:42:36 📊 Fetching worker stats from 2026-04-09T15:42:36+05:30 to 2026-04-10T15:42:36+05:30
2026/04/10 15:42:36 🔍 DEBUG: Querying TASKS collection for completed_at between 2026-04-09T15:42:36+05:30 and 2026-04-10T15:42:36+05:30
2026/04/10 15:42:36 🔍 DEBUG: Query returned 0 task history records
2026/04/10 15:42:36 ✓ Retrieved 0 task history records and 0 worker stats
2026/04/10 15:42:36 ⚠️  Insufficient data (0 tasks < 2 required), using default parameters
2026/04/10 15:42:36 ✓ AOD parameters saved to /Users/codesmith28/personal/Projects/acc/BTEP/master/config/ga_output.json
2026/04/10 15:42:36 ✓ AOD parameters saved to MongoDB collection RTS_WEIGHTS
2026/04/10 15:42:36 ✅ AOD training cycle completed successfully
2026/04/10 15:43:03 ✓ RTS: Reloaded GA parameters from mongodb collection RTS_WEIGHTS
2026/04/10 15:43:33 ✓ RTS: Reloaded GA parameters from mongodb collection RTS_WEIGHTS
2026/04/10 15:43:36 🧬 Starting AOD training cycle...
2026/04/10 15:43:36 🧬 Starting AOD training cycle...
2026/04/10 15:43:36 📊 Fetching task history from 2026-04-09T15:43:36+05:30 to 2026-04-10T15:43:36+05:30
2026/04/10 15:43:36 🔍 DEBUG: Querying TASKS collection for completed_at between 2026-04-09T15:43:36+05:30 and 2026-04-10T15:43:36+05:30
2026/04/10 15:43:36 🔍 DEBUG: Query returned 0 task history records
2026/04/10 15:43:36 📊 Fetching worker stats from 2026-04-09T15:43:36+05:30 to 2026-04-10T15:43:36+05:30
2026/04/10 15:43:36 🔍 DEBUG: Querying TASKS collection for completed_at between 2026-04-09T15:43:36+05:30 and 2026-04-10T15:43:36+05:30
2026/04/10 15:43:36 🔍 DEBUG: Query returned 0 task history records
2026/04/10 15:43:36 ✓ Retrieved 0 task history records and 0 worker stats
2026/04/10 15:43:36 ⚠️  Insufficient data (0 tasks < 2 required), using default parameters
2026/04/10 15:43:36 ✓ AOD parameters saved to /Users/codesmith28/personal/Projects/acc/BTEP/master/config/ga_output.json
2026/04/10 15:43:36 ✓ AOD parameters saved to MongoDB collection RTS_WEIGHTS
2026/04/10 15:43:36 ✅ AOD training cycle completed successfully
2026/04/10 15:44:03 ✓ RTS: Reloaded GA parameters from mongodb collection RTS_WEIGHTS
2026/04/10 15:44:33 ✓ RTS: Reloaded GA parameters from mongodb collection RTS_WEIGHTS
2026/04/10 15:44:36 🧬 Starting AOD training cycle...
2026/04/10 15:44:36 🧬 Starting AOD training cycle...
2026/04/10 15:44:36 📊 Fetching task history from 2026-04-09T15:44:36+05:30 to 2026-04-10T15:44:36+05:30
2026/04/10 15:44:36 🔍 DEBUG: Querying TASKS collection for completed_at between 2026-04-09T15:44:36+05:30 and 2026-04-10T15:44:36+05:30
2026/04/10 15:44:36 🔍 DEBUG: Query returned 0 task history records
2026/04/10 15:44:36 📊 Fetching worker stats from 2026-04-09T15:44:36+05:30 to 2026-04-10T15:44:36+05:30
2026/04/10 15:44:36 🔍 DEBUG: Querying TASKS collection for completed_at between 2026-04-09T15:44:36+05:30 and 2026-04-10T15:44:36+05:30
2026/04/10 15:44:36 🔍 DEBUG: Query returned 0 task history records
2026/04/10 15:44:36 ✓ Retrieved 0 task history records and 0 worker stats
2026/04/10 15:44:36 ⚠️  Insufficient data (0 tasks < 2 required), using default parameters
2026/04/10 15:44:36 ✓ AOD parameters saved to /Users/codesmith28/personal/Projects/acc/BTEP/master/config/ga_output.json
2026/04/10 15:44:36 ✓ AOD parameters saved to MongoDB collection RTS_WEIGHTS
2026/04/10 15:44:36 ✅ AOD training cycle completed successfully
2026/04/10 15:45:03 ✓ RTS: Reloaded GA parameters from mongodb collection RTS_WEIGHTS
2026/04/10 15:45:33 ✓ RTS: Reloaded GA parameters from mongodb collection RTS_WEIGHTS
2026/04/10 15:45:36 🧬 Starting AOD training cycle...
2026/04/10 15:45:36 🧬 Starting AOD training cycle...
2026/04/10 15:45:36 📊 Fetching task history from 2026-04-09T15:45:36+05:30 to 2026-04-10T15:45:36+05:30
2026/04/10 15:45:36 🔍 DEBUG: Querying TASKS collection for completed_at between 2026-04-09T15:45:36+05:30 and 2026-04-10T15:45:36+05:30
2026/04/10 15:45:36 🔍 DEBUG: Query returned 0 task history records
2026/04/10 15:45:36 📊 Fetching worker stats from 2026-04-09T15:45:36+05:30 to 2026-04-10T15:45:36+05:30
2026/04/10 15:45:36 🔍 DEBUG: Querying TASKS collection for completed_at between 2026-04-09T15:45:36+05:30 and 2026-04-10T15:45:36+05:30
2026/04/10 15:45:36 🔍 DEBUG: Query returned 0 task history records
2026/04/10 15:45:36 ✓ Retrieved 0 task history records and 0 worker stats
2026/04/10 15:45:36 ⚠️  Insufficient data (0 tasks < 2 required), using default parameters
2026/04/10 15:45:36 ✓ AOD parameters saved to /Users/codesmith28/personal/Projects/acc/BTEP/master/config/ga_output.json
2026/04/10 15:45:36 ✓ AOD parameters saved to MongoDB collection RTS_WEIGHTS
2026/04/10 15:45:36 ✅ AOD training cycle completed successfully
2026/04/10 15:46:03 ✓ RTS: Reloaded GA parameters from mongodb collection RTS_WEIGHTS
2026/04/10 15:46:33 ✓ RTS: Reloaded GA parameters from mongodb collection RTS_WEIGHTS
2026/04/10 15:46:36 🧬 Starting AOD training cycle...
2026/04/10 15:46:36 🧬 Starting AOD training cycle...
2026/04/10 15:46:36 📊 Fetching task history from 2026-04-09T15:46:36+05:30 to 2026-04-10T15:46:36+05:30
2026/04/10 15:46:36 🔍 DEBUG: Querying TASKS collection for completed_at between 2026-04-09T15:46:36+05:30 and 2026-04-10T15:46:36+05:30
2026/04/10 15:46:36 🔍 DEBUG: Query returned 0 task history records
2026/04/10 15:46:36 📊 Fetching worker stats from 2026-04-09T15:46:36+05:30 to 2026-04-10T15:46:36+05:30
2026/04/10 15:46:36 🔍 DEBUG: Querying TASKS collection for completed_at between 2026-04-09T15:46:36+05:30 and 2026-04-10T15:46:36+05:30
2026/04/10 15:46:36 🔍 DEBUG: Query returned 0 task history records
2026/04/10 15:46:36 ✓ Retrieved 0 task history records and 0 worker stats
2026/04/10 15:46:36 ⚠️  Insufficient data (0 tasks < 2 required), using default parameters
2026/04/10 15:46:36 ✓ AOD parameters saved to /Users/codesmith28/personal/Projects/acc/BTEP/master/config/ga_output.json
2026/04/10 15:46:36 ✓ AOD parameters saved to MongoDB collection RTS_WEIGHTS
2026/04/10 15:46:36 ✅ AOD training cycle completed successfully
2026/04/10 15:47:03 ✓ RTS: Reloaded GA parameters from mongodb collection RTS_WEIGHTS
2026/04/10 15:47:33 ✓ RTS: Reloaded GA parameters from mongodb collection RTS_WEIGHTS
2026/04/10 15:47:36 🧬 Starting AOD training cycle...
2026/04/10 15:47:36 🧬 Starting AOD training cycle...
2026/04/10 15:47:36 📊 Fetching task history from 2026-04-09T15:47:36+05:30 to 2026-04-10T15:47:36+05:30
2026/04/10 15:47:36 🔍 DEBUG: Querying TASKS collection for completed_at between 2026-04-09T15:47:36+05:30 and 2026-04-10T15:47:36+05:30
2026/04/10 15:47:36 🔍 DEBUG: Query returned 0 task history records
2026/04/10 15:47:36 📊 Fetching worker stats from 2026-04-09T15:47:36+05:30 to 2026-04-10T15:47:36+05:30
2026/04/10 15:47:36 🔍 DEBUG: Querying TASKS collection for completed_at between 2026-04-09T15:47:36+05:30 and 2026-04-10T15:47:36+05:30
2026/04/10 15:47:36 🔍 DEBUG: Query returned 0 task history records
2026/04/10 15:47:36 ✓ Retrieved 0 task history records and 0 worker stats
2026/04/10 15:47:36 ⚠️  Insufficient data (0 tasks < 2 required), using default parameters
2026/04/10 15:47:36 ✓ AOD parameters saved to /Users/codesmith28/personal/Projects/acc/BTEP/master/config/ga_output.json
2026/04/10 15:47:36 ✓ AOD parameters saved to MongoDB collection RTS_WEIGHTS
2026/04/10 15:47:36 ✅ AOD training cycle completed successfully
2026/04/10 15:48:03 ✓ RTS: Reloaded GA parameters from mongodb collection RTS_WEIGHTS
2026/04/10 15:48:33 ✓ RTS: Reloaded GA parameters from mongodb collection RTS_WEIGHTS
2026/04/10 15:48:36 🧬 Starting AOD training cycle...
2026/04/10 15:48:36 🧬 Starting AOD training cycle...
2026/04/10 15:48:36 📊 Fetching task history from 2026-04-09T15:48:36+05:30 to 2026-04-10T15:48:36+05:30
2026/04/10 15:48:36 🔍 DEBUG: Querying TASKS collection for completed_at between 2026-04-09T15:48:36+05:30 and 2026-04-10T15:48:36+05:30
2026/04/10 15:48:36 🔍 DEBUG: Query returned 0 task history records
2026/04/10 15:48:36 📊 Fetching worker stats from 2026-04-09T15:48:36+05:30 to 2026-04-10T15:48:36+05:30
2026/04/10 15:48:36 🔍 DEBUG: Querying TASKS collection for completed_at between 2026-04-09T15:48:36+05:30 and 2026-04-10T15:48:36+05:30
2026/04/10 15:48:36 🔍 DEBUG: Query returned 0 task history records
2026/04/10 15:48:36 ✓ Retrieved 0 task history records and 0 worker stats
2026/04/10 15:48:36 ⚠️  Insufficient data (0 tasks < 2 required), using default parameters
2026/04/10 15:48:36 ✓ AOD parameters saved to /Users/codesmith28/personal/Projects/acc/BTEP/master/config/ga_output.json
2026/04/10 15:48:36 ✓ AOD parameters saved to MongoDB collection RTS_WEIGHTS
2026/04/10 15:48:36 ✅ AOD training cycle completed successfully
2026/04/10 15:49:03 ✓ RTS: Reloaded GA parameters from mongodb collection RTS_WEIGHTS
2026/04/10 15:49:33 ✓ RTS: Reloaded GA parameters from mongodb collection RTS_WEIGHTS
2026/04/10 15:49:36 🧬 Starting AOD training cycle...
2026/04/10 15:49:36 🧬 Starting AOD training cycle...
2026/04/10 15:49:36 📊 Fetching task history from 2026-04-09T15:49:36+05:30 to 2026-04-10T15:49:36+05:30
2026/04/10 15:49:36 🔍 DEBUG: Querying TASKS collection for completed_at between 2026-04-09T15:49:36+05:30 and 2026-04-10T15:49:36+05:30
2026/04/10 15:49:36 🔍 DEBUG: Query returned 0 task history records
2026/04/10 15:49:36 📊 Fetching worker stats from 2026-04-09T15:49:36+05:30 to 2026-04-10T15:49:36+05:30
2026/04/10 15:49:36 🔍 DEBUG: Querying TASKS collection for completed_at between 2026-04-09T15:49:36+05:30 and 2026-04-10T15:49:36+05:30
2026/04/10 15:49:36 🔍 DEBUG: Query returned 0 task history records
2026/04/10 15:49:36 ✓ Retrieved 0 task history records and 0 worker stats
2026/04/10 15:49:36 ⚠️  Insufficient data (0 tasks < 2 required), using default parameters
2026/04/10 15:49:36 ✓ AOD parameters saved to /Users/codesmith28/personal/Projects/acc/BTEP/master/config/ga_output.json
2026/04/10 15:49:36 ✓ AOD parameters saved to MongoDB collection RTS_WEIGHTS
2026/04/10 15:49:36 ✅ AOD training cycle completed successfully
2026/04/10 15:50:03 ✓ RTS: Reloaded GA parameters from mongodb collection RTS_WEIGHTS
2026/04/10 15:50:33 ✓ RTS: Reloaded GA parameters from mongodb collection RTS_WEIGHTS
2026/04/10 15:50:36 🧬 Starting AOD training cycle...
2026/04/10 15:50:36 🧬 Starting AOD training cycle...
2026/04/10 15:50:36 📊 Fetching task history from 2026-04-09T15:50:36+05:30 to 2026-04-10T15:50:36+05:30
2026/04/10 15:50:36 🔍 DEBUG: Querying TASKS collection for completed_at between 2026-04-09T15:50:36+05:30 and 2026-04-10T15:50:36+05:30
2026/04/10 15:50:36 🔍 DEBUG: Query returned 0 task history records
2026/04/10 15:50:36 📊 Fetching worker stats from 2026-04-09T15:50:36+05:30 to 2026-04-10T15:50:36+05:30
2026/04/10 15:50:36 🔍 DEBUG: Querying TASKS collection for completed_at between 2026-04-09T15:50:36+05:30 and 2026-04-10T15:50:36+05:30
2026/04/10 15:50:36 🔍 DEBUG: Query returned 0 task history records
2026/04/10 15:50:36 ✓ Retrieved 0 task history records and 0 worker stats
2026/04/10 15:50:36 ⚠️  Insufficient data (0 tasks < 2 required), using default parameters
2026/04/10 15:50:36 ✓ AOD parameters saved to /Users/codesmith28/personal/Projects/acc/BTEP/master/config/ga_output.json
2026/04/10 15:50:36 ✓ AOD parameters saved to MongoDB collection RTS_WEIGHTS
2026/04/10 15:50:36 ✅ AOD training cycle completed successfully
2026/04/10 15:51:03 ✓ RTS: Reloaded GA parameters from mongodb collection RTS_WEIGHTS
2026/04/10 15:51:33 ✓ RTS: Reloaded GA parameters from mongodb collection RTS_WEIGHTS
2026/04/10 15:51:36 🧬 Starting AOD training cycle...
2026/04/10 15:51:36 🧬 Starting AOD training cycle...
2026/04/10 15:51:36 📊 Fetching task history from 2026-04-09T15:51:36+05:30 to 2026-04-10T15:51:36+05:30
2026/04/10 15:51:36 🔍 DEBUG: Querying TASKS collection for completed_at between 2026-04-09T15:51:36+05:30 and 2026-04-10T15:51:36+05:30
2026/04/10 15:51:36 🔍 DEBUG: Query returned 0 task history records
2026/04/10 15:51:36 📊 Fetching worker stats from 2026-04-09T15:51:36+05:30 to 2026-04-10T15:51:36+05:30
2026/04/10 15:51:36 🔍 DEBUG: Querying TASKS collection for completed_at between 2026-04-09T15:51:36+05:30 and 2026-04-10T15:51:36+05:30
2026/04/10 15:51:36 🔍 DEBUG: Query returned 0 task history records
2026/04/10 15:51:36 ✓ Retrieved 0 task history records and 0 worker stats
2026/04/10 15:51:36 ⚠️  Insufficient data (0 tasks < 2 required), using default parameters
2026/04/10 15:51:36 ✓ AOD parameters saved to /Users/codesmith28/personal/Projects/acc/BTEP/master/config/ga_output.json
2026/04/10 15:51:36 ✓ AOD parameters saved to MongoDB collection RTS_WEIGHTS
2026/04/10 15:51:36 ✅ AOD training cycle completed successfully
2026/04/10 15:52:03 ✓ RTS: Reloaded GA parameters from mongodb collection RTS_WEIGHTS
2026/04/10 15:52:33 ✓ RTS: Reloaded GA parameters from mongodb collection RTS_WEIGHTS
2026/04/10 15:52:36 🧬 Starting AOD training cycle...
2026/04/10 15:52:36 🧬 Starting AOD training cycle...
2026/04/10 15:52:36 📊 Fetching task history from 2026-04-09T15:52:36+05:30 to 2026-04-10T15:52:36+05:30
2026/04/10 15:52:36 🔍 DEBUG: Querying TASKS collection for completed_at between 2026-04-09T15:52:36+05:30 and 2026-04-10T15:52:36+05:30
2026/04/10 15:52:36 🔍 DEBUG: Query returned 0 task history records
2026/04/10 15:52:36 📊 Fetching worker stats from 2026-04-09T15:52:36+05:30 to 2026-04-10T15:52:36+05:30
2026/04/10 15:52:36 🔍 DEBUG: Querying TASKS collection for completed_at between 2026-04-09T15:52:36+05:30 and 2026-04-10T15:52:36+05:30
2026/04/10 15:52:36 🔍 DEBUG: Query returned 0 task history records
2026/04/10 15:52:36 ✓ Retrieved 0 task history records and 0 worker stats
2026/04/10 15:52:36 ⚠️  Insufficient data (0 tasks < 2 required), using default parameters
2026/04/10 15:52:36 ✓ AOD parameters saved to /Users/codesmith28/personal/Projects/acc/BTEP/master/config/ga_output.json
2026/04/10 15:52:36 ✓ AOD parameters saved to MongoDB collection RTS_WEIGHTS
2026/04/10 15:52:36 ✅ AOD training cycle completed successfully
2026/04/10 15:53:03 ✓ RTS: Reloaded GA parameters from mongodb collection RTS_WEIGHTS
2026/04/10 15:53:33 ✓ RTS: Reloaded GA parameters from mongodb collection RTS_WEIGHTS
2026/04/10 15:53:36 🧬 Starting AOD training cycle...
2026/04/10 15:53:36 🧬 Starting AOD training cycle...
2026/04/10 15:53:36 📊 Fetching task history from 2026-04-09T15:53:36+05:30 to 2026-04-10T15:53:36+05:30
2026/04/10 15:53:36 🔍 DEBUG: Querying TASKS collection for completed_at between 2026-04-09T15:53:36+05:30 and 2026-04-10T15:53:36+05:30
2026/04/10 15:53:36 🔍 DEBUG: Query returned 0 task history records
2026/04/10 15:53:36 📊 Fetching worker stats from 2026-04-09T15:53:36+05:30 to 2026-04-10T15:53:36+05:30
2026/04/10 15:53:36 🔍 DEBUG: Querying TASKS collection for completed_at between 2026-04-09T15:53:36+05:30 and 2026-04-10T15:53:36+05:30
2026/04/10 15:53:36 🔍 DEBUG: Query returned 0 task history records
2026/04/10 15:53:36 ✓ Retrieved 0 task history records and 0 worker stats
2026/04/10 15:53:36 ⚠️  Insufficient data (0 tasks < 2 required), using default parameters
2026/04/10 15:53:36 ✓ AOD parameters saved to /Users/codesmith28/personal/Projects/acc/BTEP/master/config/ga_output.json
2026/04/10 15:53:36 ✓ AOD parameters saved to MongoDB collection RTS_WEIGHTS
2026/04/10 15:53:36 ✅ AOD training cycle completed successfully
2026/04/10 15:54:03 ✓ RTS: Reloaded GA parameters from mongodb collection RTS_WEIGHTS
2026/04/10 15:54:33 ✓ RTS: Reloaded GA parameters from mongodb collection RTS_WEIGHTS
2026/04/10 15:54:36 🧬 Starting AOD training cycle...
2026/04/10 15:54:36 🧬 Starting AOD training cycle...
2026/04/10 15:54:36 📊 Fetching task history from 2026-04-09T15:54:36+05:30 to 2026-04-10T15:54:36+05:30
2026/04/10 15:54:36 🔍 DEBUG: Querying TASKS collection for completed_at between 2026-04-09T15:54:36+05:30 and 2026-04-10T15:54:36+05:30
2026/04/10 15:54:36 🔍 DEBUG: Query returned 0 task history records
2026/04/10 15:54:36 📊 Fetching worker stats from 2026-04-09T15:54:36+05:30 to 2026-04-10T15:54:36+05:30
2026/04/10 15:54:36 🔍 DEBUG: Querying TASKS collection for completed_at between 2026-04-09T15:54:36+05:30 and 2026-04-10T15:54:36+05:30
2026/04/10 15:54:36 🔍 DEBUG: Query returned 0 task history records
2026/04/10 15:54:36 ✓ Retrieved 0 task history records and 0 worker stats
2026/04/10 15:54:36 ⚠️  Insufficient data (0 tasks < 2 required), using default parameters
2026/04/10 15:54:36 ✓ AOD parameters saved to /Users/codesmith28/personal/Projects/acc/BTEP/master/config/ga_output.json
2026/04/10 15:54:36 ✓ AOD parameters saved to MongoDB collection RTS_WEIGHTS
2026/04/10 15:54:36 ✅ AOD training cycle completed successfully
2026/04/10 15:55:03 ✓ RTS: Reloaded GA parameters from mongodb collection RTS_WEIGHTS
2026/04/10 15:55:33 ✓ RTS: Reloaded GA parameters from mongodb collection RTS_WEIGHTS
2026/04/10 15:55:36 🧬 Starting AOD training cycle...
2026/04/10 15:55:36 🧬 Starting AOD training cycle...
2026/04/10 15:55:36 📊 Fetching task history from 2026-04-09T15:55:36+05:30 to 2026-04-10T15:55:36+05:30
2026/04/10 15:55:36 🔍 DEBUG: Querying TASKS collection for completed_at between 2026-04-09T15:55:36+05:30 and 2026-04-10T15:55:36+05:30
2026/04/10 15:55:36 🔍 DEBUG: Query returned 0 task history records
2026/04/10 15:55:36 📊 Fetching worker stats from 2026-04-09T15:55:36+05:30 to 2026-04-10T15:55:36+05:30
2026/04/10 15:55:36 🔍 DEBUG: Querying TASKS collection for completed_at between 2026-04-09T15:55:36+05:30 and 2026-04-10T15:55:36+05:30
2026/04/10 15:55:36 🔍 DEBUG: Query returned 0 task history records
2026/04/10 15:55:36 ✓ Retrieved 0 task history records and 0 worker stats
2026/04/10 15:55:36 ⚠️  Insufficient data (0 tasks < 2 required), using default parameters
2026/04/10 15:55:36 ✓ AOD parameters saved to /Users/codesmith28/personal/Projects/acc/BTEP/master/config/ga_output.json
2026/04/10 15:55:36 ✓ AOD parameters saved to MongoDB collection RTS_WEIGHTS
2026/04/10 15:55:36 ✅ AOD training cycle completed successfully
2026/04/10 15:56:03 ✓ RTS: Reloaded GA parameters from mongodb collection RTS_WEIGHTS
2026/04/10 15:56:33 ✓ RTS: Reloaded GA parameters from mongodb collection RTS_WEIGHTS
2026/04/10 15:56:36 🧬 Starting AOD training cycle...
2026/04/10 15:56:36 🧬 Starting AOD training cycle...
2026/04/10 15:56:36 📊 Fetching task history from 2026-04-09T15:56:36+05:30 to 2026-04-10T15:56:36+05:30
2026/04/10 15:56:36 🔍 DEBUG: Querying TASKS collection for completed_at between 2026-04-09T15:56:36+05:30 and 2026-04-10T15:56:36+05:30
2026/04/10 15:56:36 🔍 DEBUG: Query returned 0 task history records
2026/04/10 15:56:36 📊 Fetching worker stats from 2026-04-09T15:56:36+05:30 to 2026-04-10T15:56:36+05:30
2026/04/10 15:56:36 🔍 DEBUG: Querying TASKS collection for completed_at between 2026-04-09T15:56:36+05:30 and 2026-04-10T15:56:36+05:30
2026/04/10 15:56:36 🔍 DEBUG: Query returned 0 task history records
2026/04/10 15:56:36 ✓ Retrieved 0 task history records and 0 worker stats
2026/04/10 15:56:36 ⚠️  Insufficient data (0 tasks < 2 required), using default parameters
2026/04/10 15:56:36 ✓ AOD parameters saved to /Users/codesmith28/personal/Projects/acc/BTEP/master/config/ga_output.json
2026/04/10 15:56:36 ✓ AOD parameters saved to MongoDB collection RTS_WEIGHTS
2026/04/10 15:56:36 ✅ AOD training cycle completed successfully
2026/04/10 15:57:03 ✓ RTS: Reloaded GA parameters from mongodb collection RTS_WEIGHTS
2026/04/10 15:57:33 ✓ RTS: Reloaded GA parameters from mongodb collection RTS_WEIGHTS
2026/04/10 15:57:36 🧬 Starting AOD training cycle...
2026/04/10 15:57:36 🧬 Starting AOD training cycle...
2026/04/10 15:57:36 📊 Fetching task history from 2026-04-09T15:57:36+05:30 to 2026-04-10T15:57:36+05:30
2026/04/10 15:57:36 🔍 DEBUG: Querying TASKS collection for completed_at between 2026-04-09T15:57:36+05:30 and 2026-04-10T15:57:36+05:30
2026/04/10 15:57:36 🔍 DEBUG: Query returned 0 task history records
2026/04/10 15:57:36 📊 Fetching worker stats from 2026-04-09T15:57:36+05:30 to 2026-04-10T15:57:36+05:30
2026/04/10 15:57:36 🔍 DEBUG: Querying TASKS collection for completed_at between 2026-04-09T15:57:36+05:30 and 2026-04-10T15:57:36+05:30
2026/04/10 15:57:36 🔍 DEBUG: Query returned 0 task history records
2026/04/10 15:57:36 ✓ Retrieved 0 task history records and 0 worker stats
2026/04/10 15:57:36 ⚠️  Insufficient data (0 tasks < 2 required), using default parameters
2026/04/10 15:57:36 ✓ AOD parameters saved to /Users/codesmith28/personal/Projects/acc/BTEP/master/config/ga_output.json
2026/04/10 15:57:36 ✓ AOD parameters saved to MongoDB collection RTS_WEIGHTS
2026/04/10 15:57:36 ✅ AOD training cycle completed successfully
2026/04/10 15:58:03 ✓ RTS: Reloaded GA parameters from mongodb collection RTS_WEIGHTS
2026/04/10 15:58:33 ✓ RTS: Reloaded GA parameters from mongodb collection RTS_WEIGHTS
2026/04/10 15:58:36 🧬 Starting AOD training cycle...
2026/04/10 15:58:36 🧬 Starting AOD training cycle...
2026/04/10 15:58:36 📊 Fetching task history from 2026-04-09T15:58:36+05:30 to 2026-04-10T15:58:36+05:30
2026/04/10 15:58:36 🔍 DEBUG: Querying TASKS collection for completed_at between 2026-04-09T15:58:36+05:30 and 2026-04-10T15:58:36+05:30
2026/04/10 15:58:36 🔍 DEBUG: Query returned 0 task history records
2026/04/10 15:58:36 📊 Fetching worker stats from 2026-04-09T15:58:36+05:30 to 2026-04-10T15:58:36+05:30
2026/04/10 15:58:36 🔍 DEBUG: Querying TASKS collection for completed_at between 2026-04-09T15:58:36+05:30 and 2026-04-10T15:58:36+05:30
2026/04/10 15:58:36 🔍 DEBUG: Query returned 0 task history records
2026/04/10 15:58:36 ✓ Retrieved 0 task history records and 0 worker stats
2026/04/10 15:58:36 ⚠️  Insufficient data (0 tasks < 2 required), using default parameters
2026/04/10 15:58:36 ✓ AOD parameters saved to /Users/codesmith28/personal/Projects/acc/BTEP/master/config/ga_output.json
2026/04/10 15:58:36 ✓ AOD parameters saved to MongoDB collection RTS_WEIGHTS
2026/04/10 15:58:36 ✅ AOD training cycle completed successfully
2026/04/10 15:59:03 ✓ RTS: Reloaded GA parameters from mongodb collection RTS_WEIGHTS
2026/04/10 15:59:33 ✓ RTS: Reloaded GA parameters from mongodb collection RTS_WEIGHTS
2026/04/10 15:59:36 🧬 Starting AOD training cycle...
2026/04/10 15:59:36 🧬 Starting AOD training cycle...
2026/04/10 15:59:36 📊 Fetching task history from 2026-04-09T15:59:36+05:30 to 2026-04-10T15:59:36+05:30
2026/04/10 15:59:36 🔍 DEBUG: Querying TASKS collection for completed_at between 2026-04-09T15:59:36+05:30 and 2026-04-10T15:59:36+05:30
2026/04/10 15:59:36 🔍 DEBUG: Query returned 0 task history records
2026/04/10 15:59:36 📊 Fetching worker stats from 2026-04-09T15:59:36+05:30 to 2026-04-10T15:59:36+05:30
2026/04/10 15:59:36 🔍 DEBUG: Querying TASKS collection for completed_at between 2026-04-09T15:59:36+05:30 and 2026-04-10T15:59:36+05:30
2026/04/10 15:59:36 🔍 DEBUG: Query returned 0 task history records
2026/04/10 15:59:36 ✓ Retrieved 0 task history records and 0 worker stats
2026/04/10 15:59:36 ⚠️  Insufficient data (0 tasks < 2 required), using default parameters
2026/04/10 15:59:36 ✓ AOD parameters saved to /Users/codesmith28/personal/Projects/acc/BTEP/master/config/ga_output.json
2026/04/10 15:59:36 ✓ AOD parameters saved to MongoDB collection RTS_WEIGHTS
2026/04/10 15:59:36 ✅ AOD training cycle completed successfully
2026/04/10 16:00:03 ✓ RTS: Reloaded GA parameters from mongodb collection RTS_WEIGHTS
2026/04/10 16:00:33 ✓ RTS: Reloaded GA parameters from mongodb collection RTS_WEIGHTS
2026/04/10 16:00:36 🧬 Starting AOD training cycle...
2026/04/10 16:00:36 🧬 Starting AOD training cycle...
2026/04/10 16:00:36 📊 Fetching task history from 2026-04-09T16:00:36+05:30 to 2026-04-10T16:00:36+05:30
2026/04/10 16:00:36 🔍 DEBUG: Querying TASKS collection for completed_at between 2026-04-09T16:00:36+05:30 and 2026-04-10T16:00:36+05:30
2026/04/10 16:00:36 🔍 DEBUG: Query returned 0 task history records
2026/04/10 16:00:36 📊 Fetching worker stats from 2026-04-09T16:00:36+05:30 to 2026-04-10T16:00:36+05:30
2026/04/10 16:00:36 🔍 DEBUG: Querying TASKS collection for completed_at between 2026-04-09T16:00:36+05:30 and 2026-04-10T16:00:36+05:30
2026/04/10 16:00:36 🔍 DEBUG: Query returned 0 task history records
2026/04/10 16:00:36 ✓ Retrieved 0 task history records and 0 worker stats
2026/04/10 16:00:36 ⚠️  Insufficient data (0 tasks < 2 required), using default parameters
2026/04/10 16:00:36 ✓ AOD parameters saved to /Users/codesmith28/personal/Projects/acc/BTEP/master/config/ga_output.json
2026/04/10 16:00:36 ✓ AOD parameters saved to MongoDB collection RTS_WEIGHTS
2026/04/10 16:00:36 ✅ AOD training cycle completed successfully
2026/04/10 16:01:03 ✓ RTS: Reloaded GA parameters from mongodb collection RTS_WEIGHTS
2026/04/10 16:01:33 ✓ RTS: Reloaded GA parameters from mongodb collection RTS_WEIGHTS
2026/04/10 16:01:36 🧬 Starting AOD training cycle...
2026/04/10 16:01:36 🧬 Starting AOD training cycle...
2026/04/10 16:01:36 📊 Fetching task history from 2026-04-09T16:01:36+05:30 to 2026-04-10T16:01:36+05:30
2026/04/10 16:01:36 🔍 DEBUG: Querying TASKS collection for completed_at between 2026-04-09T16:01:36+05:30 and 2026-04-10T16:01:36+05:30
2026/04/10 16:01:36 🔍 DEBUG: Query returned 0 task history records
2026/04/10 16:01:36 📊 Fetching worker stats from 2026-04-09T16:01:36+05:30 to 2026-04-10T16:01:36+05:30
2026/04/10 16:01:36 🔍 DEBUG: Querying TASKS collection for completed_at between 2026-04-09T16:01:36+05:30 and 2026-04-10T16:01:36+05:30
2026/04/10 16:01:36 🔍 DEBUG: Query returned 0 task history records
2026/04/10 16:01:36 ✓ Retrieved 0 task history records and 0 worker stats
2026/04/10 16:01:36 ⚠️  Insufficient data (0 tasks < 2 required), using default parameters
2026/04/10 16:01:36 ✓ AOD parameters saved to /Users/codesmith28/personal/Projects/acc/BTEP/master/config/ga_output.json
2026/04/10 16:01:36 ✓ AOD parameters saved to MongoDB collection RTS_WEIGHTS
2026/04/10 16:01:36 ✅ AOD training cycle completed successfully
2026/04/10 16:02:03 ✓ RTS: Reloaded GA parameters from mongodb collection RTS_WEIGHTS
2026/04/10 16:02:33 ✓ RTS: Reloaded GA parameters from mongodb collection RTS_WEIGHTS
2026/04/10 16:02:36 🧬 Starting AOD training cycle...
2026/04/10 16:02:36 🧬 Starting AOD training cycle...
2026/04/10 16:02:36 📊 Fetching task history from 2026-04-09T16:02:36+05:30 to 2026-04-10T16:02:36+05:30
2026/04/10 16:02:36 🔍 DEBUG: Querying TASKS collection for completed_at between 2026-04-09T16:02:36+05:30 and 2026-04-10T16:02:36+05:30
2026/04/10 16:02:36 🔍 DEBUG: Query returned 0 task history records
2026/04/10 16:02:36 📊 Fetching worker stats from 2026-04-09T16:02:36+05:30 to 2026-04-10T16:02:36+05:30
2026/04/10 16:02:36 🔍 DEBUG: Querying TASKS collection for completed_at between 2026-04-09T16:02:36+05:30 and 2026-04-10T16:02:36+05:30
2026/04/10 16:02:36 🔍 DEBUG: Query returned 0 task history records
2026/04/10 16:02:36 ✓ Retrieved 0 task history records and 0 worker stats
2026/04/10 16:02:36 ⚠️  Insufficient data (0 tasks < 2 required), using default parameters
2026/04/10 16:02:36 ✓ AOD parameters saved to /Users/codesmith28/personal/Projects/acc/BTEP/master/config/ga_output.json
2026/04/10 16:02:36 ✓ AOD parameters saved to MongoDB collection RTS_WEIGHTS
2026/04/10 16:02:36 ✅ AOD training cycle completed successfully
2026/04/10 16:03:03 ✓ RTS: Reloaded GA parameters from mongodb collection RTS_WEIGHTS
2026/04/10 16:03:33 ✓ RTS: Reloaded GA parameters from mongodb collection RTS_WEIGHTS
2026/04/10 16:03:36 🧬 Starting AOD training cycle...
2026/04/10 16:03:36 🧬 Starting AOD training cycle...
2026/04/10 16:03:36 📊 Fetching task history from 2026-04-09T16:03:36+05:30 to 2026-04-10T16:03:36+05:30
2026/04/10 16:03:36 🔍 DEBUG: Querying TASKS collection for completed_at between 2026-04-09T16:03:36+05:30 and 2026-04-10T16:03:36+05:30
2026/04/10 16:03:36 🔍 DEBUG: Query returned 0 task history records
2026/04/10 16:03:36 📊 Fetching worker stats from 2026-04-09T16:03:36+05:30 to 2026-04-10T16:03:36+05:30
2026/04/10 16:03:36 🔍 DEBUG: Querying TASKS collection for completed_at between 2026-04-09T16:03:36+05:30 and 2026-04-10T16:03:36+05:30
2026/04/10 16:03:36 🔍 DEBUG: Query returned 0 task history records
2026/04/10 16:03:36 ✓ Retrieved 0 task history records and 0 worker stats
2026/04/10 16:03:36 ⚠️  Insufficient data (0 tasks < 2 required), using default parameters
2026/04/10 16:03:36 ✓ AOD parameters saved to /Users/codesmith28/personal/Projects/acc/BTEP/master/config/ga_output.json
2026/04/10 16:03:36 ✓ AOD parameters saved to MongoDB collection RTS_WEIGHTS
2026/04/10 16:03:36 ✅ AOD training cycle completed successfully
2026/04/10 16:04:03 ✓ RTS: Reloaded GA parameters from mongodb collection RTS_WEIGHTS
2026/04/10 16:04:33 ✓ RTS: Reloaded GA parameters from mongodb collection RTS_WEIGHTS
2026/04/10 16:04:36 🧬 Starting AOD training cycle...
2026/04/10 16:04:36 🧬 Starting AOD training cycle...
2026/04/10 16:04:36 📊 Fetching task history from 2026-04-09T16:04:36+05:30 to 2026-04-10T16:04:36+05:30
2026/04/10 16:04:36 🔍 DEBUG: Querying TASKS collection for completed_at between 2026-04-09T16:04:36+05:30 and 2026-04-10T16:04:36+05:30
2026/04/10 16:04:36 🔍 DEBUG: Query returned 0 task history records
2026/04/10 16:04:36 📊 Fetching worker stats from 2026-04-09T16:04:36+05:30 to 2026-04-10T16:04:36+05:30
2026/04/10 16:04:36 🔍 DEBUG: Querying TASKS collection for completed_at between 2026-04-09T16:04:36+05:30 and 2026-04-10T16:04:36+05:30
2026/04/10 16:04:36 🔍 DEBUG: Query returned 0 task history records
2026/04/10 16:04:36 ✓ Retrieved 0 task history records and 0 worker stats
2026/04/10 16:04:36 ⚠️  Insufficient data (0 tasks < 2 required), using default parameters
2026/04/10 16:04:36 ✓ AOD parameters saved to /Users/codesmith28/personal/Projects/acc/BTEP/master/config/ga_output.json
2026/04/10 16:04:36 ✓ AOD parameters saved to MongoDB collection RTS_WEIGHTS
2026/04/10 16:04:36 ✅ AOD training cycle completed successfully
2026/04/10 16:05:03 ✓ RTS: Reloaded GA parameters from mongodb collection RTS_WEIGHTS
2026/04/10 16:05:33 ✓ RTS: Reloaded GA parameters from mongodb collection RTS_WEIGHTS
2026/04/10 16:05:36 🧬 Starting AOD training cycle...
2026/04/10 16:05:36 🧬 Starting AOD training cycle...
2026/04/10 16:05:36 📊 Fetching task history from 2026-04-09T16:05:36+05:30 to 2026-04-10T16:05:36+05:30
2026/04/10 16:05:36 🔍 DEBUG: Querying TASKS collection for completed_at between 2026-04-09T16:05:36+05:30 and 2026-04-10T16:05:36+05:30
2026/04/10 16:05:36 🔍 DEBUG: Query returned 0 task history records
2026/04/10 16:05:36 📊 Fetching worker stats from 2026-04-09T16:05:36+05:30 to 2026-04-10T16:05:36+05:30
2026/04/10 16:05:36 🔍 DEBUG: Querying TASKS collection for completed_at between 2026-04-09T16:05:36+05:30 and 2026-04-10T16:05:36+05:30
2026/04/10 16:05:36 🔍 DEBUG: Query returned 0 task history records
2026/04/10 16:05:36 ✓ Retrieved 0 task history records and 0 worker stats
2026/04/10 16:05:36 ⚠️  Insufficient data (0 tasks < 2 required), using default parameters
2026/04/10 16:05:36 ✓ AOD parameters saved to /Users/codesmith28/personal/Projects/acc/BTEP/master/config/ga_output.json
2026/04/10 16:05:36 ✓ AOD parameters saved to MongoDB collection RTS_WEIGHTS
2026/04/10 16:05:36 ✅ AOD training cycle completed successfully
2026/04/10 16:06:03 ✓ RTS: Reloaded GA parameters from mongodb collection RTS_WEIGHTS
2026/04/10 16:06:33 ✓ RTS: Reloaded GA parameters from mongodb collection RTS_WEIGHTS
2026/04/10 16:06:36 🧬 Starting AOD training cycle...
2026/04/10 16:06:36 🧬 Starting AOD training cycle...
2026/04/10 16:06:36 📊 Fetching task history from 2026-04-09T16:06:36+05:30 to 2026-04-10T16:06:36+05:30
2026/04/10 16:06:36 🔍 DEBUG: Querying TASKS collection for completed_at between 2026-04-09T16:06:36+05:30 and 2026-04-10T16:06:36+05:30
2026/04/10 16:06:36 🔍 DEBUG: Query returned 0 task history records
2026/04/10 16:06:36 📊 Fetching worker stats from 2026-04-09T16:06:36+05:30 to 2026-04-10T16:06:36+05:30
2026/04/10 16:06:36 🔍 DEBUG: Querying TASKS collection for completed_at between 2026-04-09T16:06:36+05:30 and 2026-04-10T16:06:36+05:30
2026/04/10 16:06:36 🔍 DEBUG: Query returned 0 task history records
2026/04/10 16:06:36 ✓ Retrieved 0 task history records and 0 worker stats
2026/04/10 16:06:36 ⚠️  Insufficient data (0 tasks < 2 required), using default parameters
2026/04/10 16:06:36 ✓ AOD parameters saved to /Users/codesmith28/personal/Projects/acc/BTEP/master/config/ga_output.json
2026/04/10 16:06:36 ✓ AOD parameters saved to MongoDB collection RTS_WEIGHTS
2026/04/10 16:06:36 ✅ AOD training cycle completed successfully
2026/04/10 16:07:03 ✓ RTS: Reloaded GA parameters from mongodb collection RTS_WEIGHTS
2026/04/10 16:07:33 ✓ RTS: Reloaded GA parameters from mongodb collection RTS_WEIGHTS
2026/04/10 16:07:36 🧬 Starting AOD training cycle...
2026/04/10 16:07:36 🧬 Starting AOD training cycle...
2026/04/10 16:07:36 📊 Fetching task history from 2026-04-09T16:07:36+05:30 to 2026-04-10T16:07:36+05:30
2026/04/10 16:07:36 🔍 DEBUG: Querying TASKS collection for completed_at between 2026-04-09T16:07:36+05:30 and 2026-04-10T16:07:36+05:30
2026/04/10 16:07:36 🔍 DEBUG: Query returned 0 task history records
2026/04/10 16:07:36 📊 Fetching worker stats from 2026-04-09T16:07:36+05:30 to 2026-04-10T16:07:36+05:30
2026/04/10 16:07:36 🔍 DEBUG: Querying TASKS collection for completed_at between 2026-04-09T16:07:36+05:30 and 2026-04-10T16:07:36+05:30
2026/04/10 16:07:36 🔍 DEBUG: Query returned 0 task history records
2026/04/10 16:07:36 ✓ Retrieved 0 task history records and 0 worker stats
2026/04/10 16:07:36 ⚠️  Insufficient data (0 tasks < 2 required), using default parameters
2026/04/10 16:07:36 ✓ AOD parameters saved to /Users/codesmith28/personal/Projects/acc/BTEP/master/config/ga_output.json
2026/04/10 16:07:36 ✓ AOD parameters saved to MongoDB collection RTS_WEIGHTS
2026/04/10 16:07:36 ✅ AOD training cycle completed successfully
2026/04/10 16:08:03 ✓ RTS: Reloaded GA parameters from mongodb collection RTS_WEIGHTS
2026/04/10 16:08:33 ✓ RTS: Reloaded GA parameters from mongodb collection RTS_WEIGHTS
2026/04/10 16:08:36 🧬 Starting AOD training cycle...
2026/04/10 16:08:36 🧬 Starting AOD training cycle...
2026/04/10 16:08:36 📊 Fetching task history from 2026-04-09T16:08:36+05:30 to 2026-04-10T16:08:36+05:30
2026/04/10 16:08:36 🔍 DEBUG: Querying TASKS collection for completed_at between 2026-04-09T16:08:36+05:30 and 2026-04-10T16:08:36+05:30
2026/04/10 16:08:36 🔍 DEBUG: Query returned 0 task history records
2026/04/10 16:08:36 📊 Fetching worker stats from 2026-04-09T16:08:36+05:30 to 2026-04-10T16:08:36+05:30
2026/04/10 16:08:36 🔍 DEBUG: Querying TASKS collection for completed_at between 2026-04-09T16:08:36+05:30 and 2026-04-10T16:08:36+05:30
2026/04/10 16:08:36 🔍 DEBUG: Query returned 0 task history records
2026/04/10 16:08:36 ✓ Retrieved 0 task history records and 0 worker stats
2026/04/10 16:08:36 ⚠️  Insufficient data (0 tasks < 2 required), using default parameters
2026/04/10 16:08:36 ✓ AOD parameters saved to /Users/codesmith28/personal/Projects/acc/BTEP/master/config/ga_output.json
2026/04/10 16:08:36 ✓ AOD parameters saved to MongoDB collection RTS_WEIGHTS
2026/04/10 16:08:36 ✅ AOD training cycle completed successfully
2026/04/10 16:09:03 ✓ RTS: Reloaded GA parameters from mongodb collection RTS_WEIGHTS
2026/04/10 16:09:33 ✓ RTS: Reloaded GA parameters from mongodb collection RTS_WEIGHTS
2026/04/10 16:09:36 🧬 Starting AOD training cycle...
2026/04/10 16:09:36 🧬 Starting AOD training cycle...
2026/04/10 16:09:36 📊 Fetching task history from 2026-04-09T16:09:36+05:30 to 2026-04-10T16:09:36+05:30
2026/04/10 16:09:36 🔍 DEBUG: Querying TASKS collection for completed_at between 2026-04-09T16:09:36+05:30 and 2026-04-10T16:09:36+05:30
2026/04/10 16:09:36 🔍 DEBUG: Query returned 0 task history records
2026/04/10 16:09:36 📊 Fetching worker stats from 2026-04-09T16:09:36+05:30 to 2026-04-10T16:09:36+05:30
2026/04/10 16:09:36 🔍 DEBUG: Querying TASKS collection for completed_at between 2026-04-09T16:09:36+05:30 and 2026-04-10T16:09:36+05:30
2026/04/10 16:09:36 🔍 DEBUG: Query returned 0 task history records
2026/04/10 16:09:36 ✓ Retrieved 0 task history records and 0 worker stats
2026/04/10 16:09:36 ⚠️  Insufficient data (0 tasks < 2 required), using default parameters
2026/04/10 16:09:36 ✓ AOD parameters saved to /Users/codesmith28/personal/Projects/acc/BTEP/master/config/ga_output.json
2026/04/10 16:09:36 ✓ AOD parameters saved to MongoDB collection RTS_WEIGHTS
2026/04/10 16:09:36 ✅ AOD training cycle completed successfully
2026/04/10 16:10:03 ✓ RTS: Reloaded GA parameters from mongodb collection RTS_WEIGHTS
2026/04/10 16:10:33 ✓ RTS: Reloaded GA parameters from mongodb collection RTS_WEIGHTS
2026/04/10 16:10:36 🧬 Starting AOD training cycle...
2026/04/10 16:10:36 🧬 Starting AOD training cycle...
2026/04/10 16:10:36 📊 Fetching task history from 2026-04-09T16:10:36+05:30 to 2026-04-10T16:10:36+05:30
2026/04/10 16:10:36 🔍 DEBUG: Querying TASKS collection for completed_at between 2026-04-09T16:10:36+05:30 and 2026-04-10T16:10:36+05:30
2026/04/10 16:10:36 🔍 DEBUG: Query returned 0 task history records
2026/04/10 16:10:36 📊 Fetching worker stats from 2026-04-09T16:10:36+05:30 to 2026-04-10T16:10:36+05:30
2026/04/10 16:10:36 🔍 DEBUG: Querying TASKS collection for completed_at between 2026-04-09T16:10:36+05:30 and 2026-04-10T16:10:36+05:30
2026/04/10 16:10:36 🔍 DEBUG: Query returned 0 task history records
2026/04/10 16:10:36 ✓ Retrieved 0 task history records and 0 worker stats
2026/04/10 16:10:36 ⚠️  Insufficient data (0 tasks < 2 required), using default parameters
2026/04/10 16:10:36 ✓ AOD parameters saved to /Users/codesmith28/personal/Projects/acc/BTEP/master/config/ga_output.json
2026/04/10 16:10:36 ✓ AOD parameters saved to MongoDB collection RTS_WEIGHTS
2026/04/10 16:10:36 ✅ AOD training cycle completed successfully
2026/04/10 16:11:03 ✓ RTS: Reloaded GA parameters from mongodb collection RTS_WEIGHTS
2026/04/10 16:11:33 ✓ RTS: Reloaded GA parameters from mongodb collection RTS_WEIGHTS
2026/04/10 16:11:36 🧬 Starting AOD training cycle...
2026/04/10 16:11:36 🧬 Starting AOD training cycle...
2026/04/10 16:11:36 📊 Fetching task history from 2026-04-09T16:11:36+05:30 to 2026-04-10T16:11:36+05:30
2026/04/10 16:11:36 🔍 DEBUG: Querying TASKS collection for completed_at between 2026-04-09T16:11:36+05:30 and 2026-04-10T16:11:36+05:30
2026/04/10 16:11:36 🔍 DEBUG: Query returned 0 task history records
2026/04/10 16:11:36 📊 Fetching worker stats from 2026-04-09T16:11:36+05:30 to 2026-04-10T16:11:36+05:30
2026/04/10 16:11:36 🔍 DEBUG: Querying TASKS collection for completed_at between 2026-04-09T16:11:36+05:30 and 2026-04-10T16:11:36+05:30
2026/04/10 16:11:36 🔍 DEBUG: Query returned 0 task history records
2026/04/10 16:11:36 ✓ Retrieved 0 task history records and 0 worker stats
2026/04/10 16:11:36 ⚠️  Insufficient data (0 tasks < 2 required), using default parameters
2026/04/10 16:11:36 ✓ AOD parameters saved to /Users/codesmith28/personal/Projects/acc/BTEP/master/config/ga_output.json
2026/04/10 16:11:36 ✓ AOD parameters saved to MongoDB collection RTS_WEIGHTS
2026/04/10 16:11:36 ✅ AOD training cycle completed successfully
2026/04/10 16:12:03 ✓ RTS: Reloaded GA parameters from mongodb collection RTS_WEIGHTS
2026/04/10 16:12:33 ✓ RTS: Reloaded GA parameters from mongodb collection RTS_WEIGHTS
2026/04/10 16:12:36 🧬 Starting AOD training cycle...
2026/04/10 16:12:36 🧬 Starting AOD training cycle...
2026/04/10 16:12:36 📊 Fetching task history from 2026-04-09T16:12:36+05:30 to 2026-04-10T16:12:36+05:30
2026/04/10 16:12:36 🔍 DEBUG: Querying TASKS collection for completed_at between 2026-04-09T16:12:36+05:30 and 2026-04-10T16:12:36+05:30
2026/04/10 16:12:36 🔍 DEBUG: Query returned 0 task history records
2026/04/10 16:12:36 📊 Fetching worker stats from 2026-04-09T16:12:36+05:30 to 2026-04-10T16:12:36+05:30
2026/04/10 16:12:36 🔍 DEBUG: Querying TASKS collection for completed_at between 2026-04-09T16:12:36+05:30 and 2026-04-10T16:12:36+05:30
2026/04/10 16:12:36 🔍 DEBUG: Query returned 0 task history records
2026/04/10 16:12:36 ✓ Retrieved 0 task history records and 0 worker stats
2026/04/10 16:12:36 ⚠️  Insufficient data (0 tasks < 2 required), using default parameters
2026/04/10 16:12:36 ✓ AOD parameters saved to /Users/codesmith28/personal/Projects/acc/BTEP/master/config/ga_output.json
2026/04/10 16:12:36 ✓ AOD parameters saved to MongoDB collection RTS_WEIGHTS
2026/04/10 16:12:36 ✅ AOD training cycle completed successfully
2026/04/10 16:13:03 ✓ RTS: Reloaded GA parameters from mongodb collection RTS_WEIGHTS
2026/04/10 16:13:33 ✓ RTS: Reloaded GA parameters from mongodb collection RTS_WEIGHTS
2026/04/10 16:13:36 🧬 Starting AOD training cycle...
2026/04/10 16:13:36 🧬 Starting AOD training cycle...
2026/04/10 16:13:36 📊 Fetching task history from 2026-04-09T16:13:36+05:30 to 2026-04-10T16:13:36+05:30
2026/04/10 16:13:36 🔍 DEBUG: Querying TASKS collection for completed_at between 2026-04-09T16:13:36+05:30 and 2026-04-10T16:13:36+05:30
2026/04/10 16:13:36 🔍 DEBUG: Query returned 0 task history records
2026/04/10 16:13:36 📊 Fetching worker stats from 2026-04-09T16:13:36+05:30 to 2026-04-10T16:13:36+05:30
2026/04/10 16:13:36 🔍 DEBUG: Querying TASKS collection for completed_at between 2026-04-09T16:13:36+05:30 and 2026-04-10T16:13:36+05:30
2026/04/10 16:13:36 🔍 DEBUG: Query returned 0 task history records
2026/04/10 16:13:36 ✓ Retrieved 0 task history records and 0 worker stats
2026/04/10 16:13:36 ⚠️  Insufficient data (0 tasks < 2 required), using default parameters
2026/04/10 16:13:36 ✓ AOD parameters saved to /Users/codesmith28/personal/Projects/acc/BTEP/master/config/ga_output.json
2026/04/10 16:13:36 ✓ AOD parameters saved to MongoDB collection RTS_WEIGHTS
2026/04/10 16:13:36 ✅ AOD training cycle completed successfully
2026/04/10 16:14:03 ✓ RTS: Reloaded GA parameters from mongodb collection RTS_WEIGHTS
2026/04/10 16:14:33 ✓ RTS: Reloaded GA parameters from mongodb collection RTS_WEIGHTS
2026/04/10 16:14:36 🧬 Starting AOD training cycle...
2026/04/10 16:14:36 🧬 Starting AOD training cycle...
2026/04/10 16:14:36 📊 Fetching task history from 2026-04-09T16:14:36+05:30 to 2026-04-10T16:14:36+05:30
2026/04/10 16:14:36 🔍 DEBUG: Querying TASKS collection for completed_at between 2026-04-09T16:14:36+05:30 and 2026-04-10T16:14:36+05:30
2026/04/10 16:14:36 🔍 DEBUG: Query returned 0 task history records
2026/04/10 16:14:36 📊 Fetching worker stats from 2026-04-09T16:14:36+05:30 to 2026-04-10T16:14:36+05:30
2026/04/10 16:14:36 🔍 DEBUG: Querying TASKS collection for completed_at between 2026-04-09T16:14:36+05:30 and 2026-04-10T16:14:36+05:30
2026/04/10 16:14:36 🔍 DEBUG: Query returned 0 task history records
2026/04/10 16:14:36 ✓ Retrieved 0 task history records and 0 worker stats
2026/04/10 16:14:36 ⚠️  Insufficient data (0 tasks < 2 required), using default parameters
2026/04/10 16:14:36 ✓ AOD parameters saved to /Users/codesmith28/personal/Projects/acc/BTEP/master/config/ga_output.json
2026/04/10 16:14:36 ✓ AOD parameters saved to MongoDB collection RTS_WEIGHTS
2026/04/10 16:14:36 ✅ AOD training cycle completed successfully
2026/04/10 16:15:03 ✓ RTS: Reloaded GA parameters from mongodb collection RTS_WEIGHTS
2026/04/10 16:15:33 ✓ RTS: Reloaded GA parameters from mongodb collection RTS_WEIGHTS
2026/04/10 16:15:36 🧬 Starting AOD training cycle...
2026/04/10 16:15:36 🧬 Starting AOD training cycle...
2026/04/10 16:15:36 📊 Fetching task history from 2026-04-09T16:15:36+05:30 to 2026-04-10T16:15:36+05:30
2026/04/10 16:15:36 🔍 DEBUG: Querying TASKS collection for completed_at between 2026-04-09T16:15:36+05:30 and 2026-04-10T16:15:36+05:30
2026/04/10 16:15:36 🔍 DEBUG: Query returned 0 task history records
2026/04/10 16:15:36 📊 Fetching worker stats from 2026-04-09T16:15:36+05:30 to 2026-04-10T16:15:36+05:30
2026/04/10 16:15:36 🔍 DEBUG: Querying TASKS collection for completed_at between 2026-04-09T16:15:36+05:30 and 2026-04-10T16:15:36+05:30
2026/04/10 16:15:36 🔍 DEBUG: Query returned 0 task history records
2026/04/10 16:15:36 ✓ Retrieved 0 task history records and 0 worker stats
2026/04/10 16:15:36 ⚠️  Insufficient data (0 tasks < 2 required), using default parameters
2026/04/10 16:15:36 ✓ AOD parameters saved to /Users/codesmith28/personal/Projects/acc/BTEP/master/config/ga_output.json
2026/04/10 16:15:36 ✓ AOD parameters saved to MongoDB collection RTS_WEIGHTS
2026/04/10 16:15:36 ✅ AOD training cycle completed successfully
2026/04/10 16:16:03 ✓ RTS: Reloaded GA parameters from mongodb collection RTS_WEIGHTS
2026/04/10 16:16:33 ✓ RTS: Reloaded GA parameters from mongodb collection RTS_WEIGHTS
2026/04/10 16:16:36 🧬 Starting AOD training cycle...
2026/04/10 16:16:36 🧬 Starting AOD training cycle...
2026/04/10 16:16:36 📊 Fetching task history from 2026-04-09T16:16:36+05:30 to 2026-04-10T16:16:36+05:30
2026/04/10 16:16:36 🔍 DEBUG: Querying TASKS collection for completed_at between 2026-04-09T16:16:36+05:30 and 2026-04-10T16:16:36+05:30
2026/04/10 16:16:36 🔍 DEBUG: Query returned 0 task history records
2026/04/10 16:16:36 📊 Fetching worker stats from 2026-04-09T16:16:36+05:30 to 2026-04-10T16:16:36+05:30
2026/04/10 16:16:36 🔍 DEBUG: Querying TASKS collection for completed_at between 2026-04-09T16:16:36+05:30 and 2026-04-10T16:16:36+05:30
2026/04/10 16:16:36 🔍 DEBUG: Query returned 0 task history records
2026/04/10 16:16:36 ✓ Retrieved 0 task history records and 0 worker stats
2026/04/10 16:16:36 ⚠️  Insufficient data (0 tasks < 2 required), using default parameters
2026/04/10 16:16:36 ✓ AOD parameters saved to /Users/codesmith28/personal/Projects/acc/BTEP/master/config/ga_output.json
2026/04/10 16:16:36 ✓ AOD parameters saved to MongoDB collection RTS_WEIGHTS
2026/04/10 16:16:36 ✅ AOD training cycle completed successfully
2026/04/10 16:17:03 ✓ RTS: Reloaded GA parameters from mongodb collection RTS_WEIGHTS
2026/04/10 16:17:33 ✓ RTS: Reloaded GA parameters from mongodb collection RTS_WEIGHTS
2026/04/10 16:17:36 🧬 Starting AOD training cycle...
2026/04/10 16:17:36 🧬 Starting AOD training cycle...
2026/04/10 16:17:36 📊 Fetching task history from 2026-04-09T16:17:36+05:30 to 2026-04-10T16:17:36+05:30
2026/04/10 16:17:36 🔍 DEBUG: Querying TASKS collection for completed_at between 2026-04-09T16:17:36+05:30 and 2026-04-10T16:17:36+05:30
2026/04/10 16:17:36 🔍 DEBUG: Query returned 0 task history records
2026/04/10 16:17:36 📊 Fetching worker stats from 2026-04-09T16:17:36+05:30 to 2026-04-10T16:17:36+05:30
2026/04/10 16:17:36 🔍 DEBUG: Querying TASKS collection for completed_at between 2026-04-09T16:17:36+05:30 and 2026-04-10T16:17:36+05:30
2026/04/10 16:17:36 🔍 DEBUG: Query returned 0 task history records
2026/04/10 16:17:36 ✓ Retrieved 0 task history records and 0 worker stats
2026/04/10 16:17:36 ⚠️  Insufficient data (0 tasks < 2 required), using default parameters
2026/04/10 16:17:36 ✓ AOD parameters saved to /Users/codesmith28/personal/Projects/acc/BTEP/master/config/ga_output.json
2026/04/10 16:17:36 ✓ AOD parameters saved to MongoDB collection RTS_WEIGHTS
2026/04/10 16:17:36 ✅ AOD training cycle completed successfully
2026/04/10 16:18:03 ✓ RTS: Reloaded GA parameters from mongodb collection RTS_WEIGHTS
2026/04/10 16:18:33 ✓ RTS: Reloaded GA parameters from mongodb collection RTS_WEIGHTS
2026/04/10 16:18:36 🧬 Starting AOD training cycle...
2026/04/10 16:18:36 🧬 Starting AOD training cycle...
2026/04/10 16:18:36 📊 Fetching task history from 2026-04-09T16:18:36+05:30 to 2026-04-10T16:18:36+05:30
2026/04/10 16:18:36 🔍 DEBUG: Querying TASKS collection for completed_at between 2026-04-09T16:18:36+05:30 and 2026-04-10T16:18:36+05:30
2026/04/10 16:18:36 🔍 DEBUG: Query returned 0 task history records
2026/04/10 16:18:36 📊 Fetching worker stats from 2026-04-09T16:18:36+05:30 to 2026-04-10T16:18:36+05:30
2026/04/10 16:18:36 🔍 DEBUG: Querying TASKS collection for completed_at between 2026-04-09T16:18:36+05:30 and 2026-04-10T16:18:36+05:30
2026/04/10 16:18:36 🔍 DEBUG: Query returned 0 task history records
2026/04/10 16:18:36 ✓ Retrieved 0 task history records and 0 worker stats
2026/04/10 16:18:36 ⚠️  Insufficient data (0 tasks < 2 required), using default parameters
2026/04/10 16:18:36 ✓ AOD parameters saved to /Users/codesmith28/personal/Projects/acc/BTEP/master/config/ga_output.json
2026/04/10 16:18:36 ✓ AOD parameters saved to MongoDB collection RTS_WEIGHTS
2026/04/10 16:18:36 ✅ AOD training cycle completed successfully
2026/04/10 16:19:03 ✓ RTS: Reloaded GA parameters from mongodb collection RTS_WEIGHTS
2026/04/10 16:19:33 ✓ RTS: Reloaded GA parameters from mongodb collection RTS_WEIGHTS
2026/04/10 16:19:36 🧬 Starting AOD training cycle...
2026/04/10 16:19:36 🧬 Starting AOD training cycle...
2026/04/10 16:19:36 📊 Fetching task history from 2026-04-09T16:19:36+05:30 to 2026-04-10T16:19:36+05:30
2026/04/10 16:19:36 🔍 DEBUG: Querying TASKS collection for completed_at between 2026-04-09T16:19:36+05:30 and 2026-04-10T16:19:36+05:30
2026/04/10 16:19:36 🔍 DEBUG: Query returned 0 task history records
2026/04/10 16:19:36 📊 Fetching worker stats from 2026-04-09T16:19:36+05:30 to 2026-04-10T16:19:36+05:30
2026/04/10 16:19:36 🔍 DEBUG: Querying TASKS collection for completed_at between 2026-04-09T16:19:36+05:30 and 2026-04-10T16:19:36+05:30
2026/04/10 16:19:36 🔍 DEBUG: Query returned 0 task history records
2026/04/10 16:19:36 ✓ Retrieved 0 task history records and 0 worker stats
2026/04/10 16:19:36 ⚠️  Insufficient data (0 tasks < 2 required), using default parameters
2026/04/10 16:19:36 ✓ AOD parameters saved to /Users/codesmith28/personal/Projects/acc/BTEP/master/config/ga_output.json
2026/04/10 16:19:36 ✓ AOD parameters saved to MongoDB collection RTS_WEIGHTS
2026/04/10 16:19:36 ✅ AOD training cycle completed successfully
2026/04/10 16:20:03 ✓ RTS: Reloaded GA parameters from mongodb collection RTS_WEIGHTS
2026/04/10 16:20:33 ✓ RTS: Reloaded GA parameters from mongodb collection RTS_WEIGHTS
2026/04/10 16:20:36 🧬 Starting AOD training cycle...
2026/04/10 16:20:36 🧬 Starting AOD training cycle...
2026/04/10 16:20:36 📊 Fetching task history from 2026-04-09T16:20:36+05:30 to 2026-04-10T16:20:36+05:30
2026/04/10 16:20:36 🔍 DEBUG: Querying TASKS collection for completed_at between 2026-04-09T16:20:36+05:30 and 2026-04-10T16:20:36+05:30
2026/04/10 16:20:36 🔍 DEBUG: Query returned 0 task history records
2026/04/10 16:20:36 📊 Fetching worker stats from 2026-04-09T16:20:36+05:30 to 2026-04-10T16:20:36+05:30
2026/04/10 16:20:36 🔍 DEBUG: Querying TASKS collection for completed_at between 2026-04-09T16:20:36+05:30 and 2026-04-10T16:20:36+05:30
2026/04/10 16:20:36 🔍 DEBUG: Query returned 0 task history records
2026/04/10 16:20:36 ✓ Retrieved 0 task history records and 0 worker stats
2026/04/10 16:20:36 ⚠️  Insufficient data (0 tasks < 2 required), using default parameters
2026/04/10 16:20:36 ✓ AOD parameters saved to /Users/codesmith28/personal/Projects/acc/BTEP/master/config/ga_output.json
2026/04/10 16:20:36 ✓ AOD parameters saved to MongoDB collection RTS_WEIGHTS
2026/04/10 16:20:36 ✅ AOD training cycle completed successfully
2026/04/10 16:21:03 ✓ RTS: Reloaded GA parameters from mongodb collection RTS_WEIGHTS
2026/04/10 16:21:33 ✓ RTS: Reloaded GA parameters from mongodb collection RTS_WEIGHTS
2026/04/10 16:21:36 🧬 Starting AOD training cycle...
2026/04/10 16:21:36 🧬 Starting AOD training cycle...
2026/04/10 16:21:36 📊 Fetching task history from 2026-04-09T16:21:36+05:30 to 2026-04-10T16:21:36+05:30
2026/04/10 16:21:36 🔍 DEBUG: Querying TASKS collection for completed_at between 2026-04-09T16:21:36+05:30 and 2026-04-10T16:21:36+05:30
2026/04/10 16:21:36 🔍 DEBUG: Query returned 0 task history records
2026/04/10 16:21:36 📊 Fetching worker stats from 2026-04-09T16:21:36+05:30 to 2026-04-10T16:21:36+05:30
2026/04/10 16:21:36 🔍 DEBUG: Querying TASKS collection for completed_at between 2026-04-09T16:21:36+05:30 and 2026-04-10T16:21:36+05:30
2026/04/10 16:21:36 🔍 DEBUG: Query returned 0 task history records
2026/04/10 16:21:36 ✓ Retrieved 0 task history records and 0 worker stats
2026/04/10 16:21:36 ⚠️  Insufficient data (0 tasks < 2 required), using default parameters
2026/04/10 16:21:36 ✓ AOD parameters saved to /Users/codesmith28/personal/Projects/acc/BTEP/master/config/ga_output.json
2026/04/10 16:21:36 ✓ AOD parameters saved to MongoDB collection RTS_WEIGHTS
2026/04/10 16:21:36 ✅ AOD training cycle completed successfully
2026/04/10 16:22:03 ✓ RTS: Reloaded GA parameters from mongodb collection RTS_WEIGHTS
2026/04/10 16:22:33 ✓ RTS: Reloaded GA parameters from mongodb collection RTS_WEIGHTS
2026/04/10 16:22:36 🧬 Starting AOD training cycle...
2026/04/10 16:22:36 🧬 Starting AOD training cycle...
2026/04/10 16:22:36 📊 Fetching task history from 2026-04-09T16:22:36+05:30 to 2026-04-10T16:22:36+05:30
2026/04/10 16:22:36 🔍 DEBUG: Querying TASKS collection for completed_at between 2026-04-09T16:22:36+05:30 and 2026-04-10T16:22:36+05:30
2026/04/10 16:22:36 🔍 DEBUG: Query returned 0 task history records
2026/04/10 16:22:36 📊 Fetching worker stats from 2026-04-09T16:22:36+05:30 to 2026-04-10T16:22:36+05:30
2026/04/10 16:22:36 🔍 DEBUG: Querying TASKS collection for completed_at between 2026-04-09T16:22:36+05:30 and 2026-04-10T16:22:36+05:30
2026/04/10 16:22:36 🔍 DEBUG: Query returned 0 task history records
2026/04/10 16:22:36 ✓ Retrieved 0 task history records and 0 worker stats
2026/04/10 16:22:36 ⚠️  Insufficient data (0 tasks < 2 required), using default parameters
2026/04/10 16:22:36 ✓ AOD parameters saved to /Users/codesmith28/personal/Projects/acc/BTEP/master/config/ga_output.json
2026/04/10 16:22:36 ✓ AOD parameters saved to MongoDB collection RTS_WEIGHTS
2026/04/10 16:22:36 ✅ AOD training cycle completed successfully
2026/04/10 16:23:03 ✓ RTS: Reloaded GA parameters from mongodb collection RTS_WEIGHTS
2026/04/10 16:23:33 ✓ RTS: Reloaded GA parameters from mongodb collection RTS_WEIGHTS
2026/04/10 16:23:36 🧬 Starting AOD training cycle...
2026/04/10 16:23:36 🧬 Starting AOD training cycle...
2026/04/10 16:23:36 📊 Fetching task history from 2026-04-09T16:23:36+05:30 to 2026-04-10T16:23:36+05:30
2026/04/10 16:23:36 🔍 DEBUG: Querying TASKS collection for completed_at between 2026-04-09T16:23:36+05:30 and 2026-04-10T16:23:36+05:30
2026/04/10 16:23:36 🔍 DEBUG: Query returned 0 task history records
2026/04/10 16:23:36 📊 Fetching worker stats from 2026-04-09T16:23:36+05:30 to 2026-04-10T16:23:36+05:30
2026/04/10 16:23:36 🔍 DEBUG: Querying TASKS collection for completed_at between 2026-04-09T16:23:36+05:30 and 2026-04-10T16:23:36+05:30
2026/04/10 16:23:36 🔍 DEBUG: Query returned 0 task history records
2026/04/10 16:23:36 ✓ Retrieved 0 task history records and 0 worker stats
2026/04/10 16:23:36 ⚠️  Insufficient data (0 tasks < 2 required), using default parameters
2026/04/10 16:23:36 ✓ AOD parameters saved to /Users/codesmith28/personal/Projects/acc/BTEP/master/config/ga_output.json
2026/04/10 16:23:36 ✓ AOD parameters saved to MongoDB collection RTS_WEIGHTS
2026/04/10 16:23:36 ✅ AOD training cycle completed successfully
2026/04/10 16:24:03 ✓ RTS: Reloaded GA parameters from mongodb collection RTS_WEIGHTS
2026/04/10 16:24:33 ✓ RTS: Reloaded GA parameters from mongodb collection RTS_WEIGHTS
2026/04/10 16:24:36 🧬 Starting AOD training cycle...
2026/04/10 16:24:36 🧬 Starting AOD training cycle...
2026/04/10 16:24:36 📊 Fetching task history from 2026-04-09T16:24:36+05:30 to 2026-04-10T16:24:36+05:30
2026/04/10 16:24:36 🔍 DEBUG: Querying TASKS collection for completed_at between 2026-04-09T16:24:36+05:30 and 2026-04-10T16:24:36+05:30
2026/04/10 16:24:36 🔍 DEBUG: Query returned 0 task history records
2026/04/10 16:24:36 📊 Fetching worker stats from 2026-04-09T16:24:36+05:30 to 2026-04-10T16:24:36+05:30
2026/04/10 16:24:36 🔍 DEBUG: Querying TASKS collection for completed_at between 2026-04-09T16:24:36+05:30 and 2026-04-10T16:24:36+05:30
2026/04/10 16:24:36 🔍 DEBUG: Query returned 0 task history records
2026/04/10 16:24:36 ✓ Retrieved 0 task history records and 0 worker stats
2026/04/10 16:24:36 ⚠️  Insufficient data (0 tasks < 2 required), using default parameters
2026/04/10 16:24:36 ✓ AOD parameters saved to /Users/codesmith28/personal/Projects/acc/BTEP/master/config/ga_output.json
2026/04/10 16:24:36 ✓ AOD parameters saved to MongoDB collection RTS_WEIGHTS
2026/04/10 16:24:36 ✅ AOD training cycle completed successfully
2026/04/10 16:25:03 ✓ RTS: Reloaded GA parameters from mongodb collection RTS_WEIGHTS
2026/04/10 16:25:33 ✓ RTS: Reloaded GA parameters from mongodb collection RTS_WEIGHTS
2026/04/10 16:25:36 🧬 Starting AOD training cycle...
2026/04/10 16:25:36 🧬 Starting AOD training cycle...
2026/04/10 16:25:36 📊 Fetching task history from 2026-04-09T16:25:36+05:30 to 2026-04-10T16:25:36+05:30
2026/04/10 16:25:36 🔍 DEBUG: Querying TASKS collection for completed_at between 2026-04-09T16:25:36+05:30 and 2026-04-10T16:25:36+05:30
2026/04/10 16:25:36 🔍 DEBUG: Query returned 0 task history records
2026/04/10 16:25:36 📊 Fetching worker stats from 2026-04-09T16:25:36+05:30 to 2026-04-10T16:25:36+05:30
2026/04/10 16:25:36 🔍 DEBUG: Querying TASKS collection for completed_at between 2026-04-09T16:25:36+05:30 and 2026-04-10T16:25:36+05:30
2026/04/10 16:25:36 🔍 DEBUG: Query returned 0 task history records
2026/04/10 16:25:36 ✓ Retrieved 0 task history records and 0 worker stats
2026/04/10 16:25:36 ⚠️  Insufficient data (0 tasks < 2 required), using default parameters
2026/04/10 16:25:36 ✓ AOD parameters saved to /Users/codesmith28/personal/Projects/acc/BTEP/master/config/ga_output.json
2026/04/10 16:25:36 ✓ AOD parameters saved to MongoDB collection RTS_WEIGHTS
2026/04/10 16:25:36 ✅ AOD training cycle completed successfully
2026/04/10 16:26:03 ✓ RTS: Reloaded GA parameters from mongodb collection RTS_WEIGHTS
2026/04/10 16:26:33 ✓ RTS: Reloaded GA parameters from mongodb collection RTS_WEIGHTS
2026/04/10 16:26:36 🧬 Starting AOD training cycle...
2026/04/10 16:26:36 🧬 Starting AOD training cycle...
2026/04/10 16:26:36 📊 Fetching task history from 2026-04-09T16:26:36+05:30 to 2026-04-10T16:26:36+05:30
2026/04/10 16:26:36 🔍 DEBUG: Querying TASKS collection for completed_at between 2026-04-09T16:26:36+05:30 and 2026-04-10T16:26:36+05:30
2026/04/10 16:26:36 🔍 DEBUG: Query returned 0 task history records
2026/04/10 16:26:36 📊 Fetching worker stats from 2026-04-09T16:26:36+05:30 to 2026-04-10T16:26:36+05:30
2026/04/10 16:26:36 🔍 DEBUG: Querying TASKS collection for completed_at between 2026-04-09T16:26:36+05:30 and 2026-04-10T16:26:36+05:30
2026/04/10 16:26:36 🔍 DEBUG: Query returned 0 task history records
2026/04/10 16:26:36 ✓ Retrieved 0 task history records and 0 worker stats
2026/04/10 16:26:36 ⚠️  Insufficient data (0 tasks < 2 required), using default parameters
2026/04/10 16:26:36 ✓ AOD parameters saved to /Users/codesmith28/personal/Projects/acc/BTEP/master/config/ga_output.json
2026/04/10 16:26:36 ✓ AOD parameters saved to MongoDB collection RTS_WEIGHTS
2026/04/10 16:26:36 ✅ AOD training cycle completed successfully
2026/04/10 16:27:03 ✓ RTS: Reloaded GA parameters from mongodb collection RTS_WEIGHTS
2026/04/10 16:27:33 ✓ RTS: Reloaded GA parameters from mongodb collection RTS_WEIGHTS
2026/04/10 16:27:36 🧬 Starting AOD training cycle...
2026/04/10 16:27:36 🧬 Starting AOD training cycle...
2026/04/10 16:27:36 📊 Fetching task history from 2026-04-09T16:27:36+05:30 to 2026-04-10T16:27:36+05:30
2026/04/10 16:27:36 🔍 DEBUG: Querying TASKS collection for completed_at between 2026-04-09T16:27:36+05:30 and 2026-04-10T16:27:36+05:30
2026/04/10 16:27:36 🔍 DEBUG: Query returned 0 task history records
2026/04/10 16:27:36 📊 Fetching worker stats from 2026-04-09T16:27:36+05:30 to 2026-04-10T16:27:36+05:30
2026/04/10 16:27:36 🔍 DEBUG: Querying TASKS collection for completed_at between 2026-04-09T16:27:36+05:30 and 2026-04-10T16:27:36+05:30
2026/04/10 16:27:36 🔍 DEBUG: Query returned 0 task history records
2026/04/10 16:27:36 ✓ Retrieved 0 task history records and 0 worker stats
2026/04/10 16:27:36 ⚠️  Insufficient data (0 tasks < 2 required), using default parameters
2026/04/10 16:27:36 ✓ AOD parameters saved to /Users/codesmith28/personal/Projects/acc/BTEP/master/config/ga_output.json
2026/04/10 16:27:36 ✓ AOD parameters saved to MongoDB collection RTS_WEIGHTS
2026/04/10 16:27:36 ✅ AOD training cycle completed successfully
2026/04/10 16:28:03 ✓ RTS: Reloaded GA parameters from mongodb collection RTS_WEIGHTS
2026/04/10 16:37:09 ⚠️ Worker ppo-worker-1 marked as inactive (no heartbeat for 545 seconds)
2026/04/10 16:37:09 🔄 Attempting to reconnect to 1 inactive worker(s)...
2026/04/10 16:37:09 ✓ Successfully reconnected to worker ppo-worker-1 (127.0.0.1:61152)
2026/04/10 16:37:09 🔄 Worker ppo-worker-1 connected with new specs, reconciling resources...
2026/04/10 16:37:09   🔍 Reconciliation: Found 0 tasks with 'running' status in database
2026/04/10 16:37:09   ✓ Reconciled ppo-worker-1: CPU=0.0, Memory=0.0, Storage=0.0, Tasks=0
2026/04/10 16:37:09 Worker ppo-worker-1 already registered for telemetry
2026/04/10 16:37:36 ✓ RTS: Reloaded GA parameters from mongodb collection RTS_WEIGHTS
2026/04/10 16:37:39 🧬 Starting AOD training cycle...
2026/04/10 16:37:39 🧬 Starting AOD training cycle...
2026/04/10 16:37:39 📊 Fetching task history from 2026-04-09T16:37:39+05:30 to 2026-04-10T16:37:39+05:30
2026/04/10 16:37:39 🔍 DEBUG: Querying TASKS collection for completed_at between 2026-04-09T16:37:39+05:30 and 2026-04-10T16:37:39+05:30
2026/04/10 16:37:39 🔍 DEBUG: Query returned 0 task history records
2026/04/10 16:37:39 📊 Fetching worker stats from 2026-04-09T16:37:39+05:30 to 2026-04-10T16:37:39+05:30
2026/04/10 16:37:39 🔍 DEBUG: Querying TASKS collection for completed_at between 2026-04-09T16:37:39+05:30 and 2026-04-10T16:37:39+05:30
2026/04/10 16:37:39 🔍 DEBUG: Query returned 0 task history records
2026/04/10 16:37:39 ✓ Retrieved 0 task history records and 0 worker stats
2026/04/10 16:37:39 ⚠️  Insufficient data (0 tasks < 2 required), using default parameters
2026/04/10 16:37:39 ✓ AOD parameters saved to /Users/codesmith28/personal/Projects/acc/BTEP/master/config/ga_output.json
2026/04/10 16:37:39 ✓ AOD parameters saved to MongoDB collection RTS_WEIGHTS
2026/04/10 16:37:39 ✅ AOD training cycle completed successfully
2026/04/10 16:38:06 ✓ RTS: Reloaded GA parameters from mongodb collection RTS_WEIGHTS
2026/04/10 16:38:36 ✓ RTS: Reloaded GA parameters from mongodb collection RTS_WEIGHTS
2026/04/10 16:38:39 🧬 Starting AOD training cycle...
2026/04/10 16:38:39 🧬 Starting AOD training cycle...
2026/04/10 16:38:39 📊 Fetching task history from 2026-04-09T16:38:39+05:30 to 2026-04-10T16:38:39+05:30
2026/04/10 16:38:39 🔍 DEBUG: Querying TASKS collection for completed_at between 2026-04-09T16:38:39+05:30 and 2026-04-10T16:38:39+05:30
2026/04/10 16:38:39 🔍 DEBUG: Query returned 0 task history records
2026/04/10 16:38:39 📊 Fetching worker stats from 2026-04-09T16:38:39+05:30 to 2026-04-10T16:38:39+05:30
2026/04/10 16:38:39 🔍 DEBUG: Querying TASKS collection for completed_at between 2026-04-09T16:38:39+05:30 and 2026-04-10T16:38:39+05:30
2026/04/10 16:38:39 🔍 DEBUG: Query returned 0 task history records
2026/04/10 16:38:39 ✓ Retrieved 0 task history records and 0 worker stats
2026/04/10 16:38:39 ⚠️  Insufficient data (0 tasks < 2 required), using default parameters
2026/04/10 16:38:39 ✓ AOD parameters saved to /Users/codesmith28/personal/Projects/acc/BTEP/master/config/ga_output.json
2026/04/10 16:38:39 ✓ AOD parameters saved to MongoDB collection RTS_WEIGHTS
2026/04/10 16:38:39 ✅ AOD training cycle completed successfully
2026/04/10 16:41:46 ⚠️ Worker ppo-worker-1 marked as inactive (no heartbeat for 174 seconds)
2026/04/10 16:41:46 🔄 Attempting to reconnect to 1 inactive worker(s)...
2026/04/10 16:41:46 ✓ Successfully reconnected to worker ppo-worker-1 (127.0.0.1:61152)
2026/04/10 16:41:46 🔄 Worker ppo-worker-1 connected with new specs, reconciling resources...
2026/04/10 16:41:46   🔍 Reconciliation: Found 0 tasks with 'running' status in database
2026/04/10 16:41:46   ✓ Reconciled ppo-worker-1: CPU=0.0, Memory=0.0, Storage=0.0, Tasks=0
2026/04/10 16:41:46 Worker ppo-worker-1 already registered for telemetry
2026/04/10 16:41:58 ✓ RTS: Reloaded GA parameters from mongodb collection RTS_WEIGHTS
2026/04/10 16:42:28 ✓ RTS: Reloaded GA parameters from mongodb collection RTS_WEIGHTS
2026/04/10 16:42:31 🧬 Starting AOD training cycle...
2026/04/10 16:42:31 🧬 Starting AOD training cycle...
2026/04/10 16:42:31 📊 Fetching task history from 2026-04-09T16:42:31+05:30 to 2026-04-10T16:42:31+05:30
2026/04/10 16:42:31 🔍 DEBUG: Querying TASKS collection for completed_at between 2026-04-09T16:42:31+05:30 and 2026-04-10T16:42:31+05:30
2026/04/10 16:42:31 🔍 DEBUG: Query returned 0 task history records
2026/04/10 16:42:31 📊 Fetching worker stats from 2026-04-09T16:42:31+05:30 to 2026-04-10T16:42:31+05:30
2026/04/10 16:42:31 🔍 DEBUG: Querying TASKS collection for completed_at between 2026-04-09T16:42:31+05:30 and 2026-04-10T16:42:31+05:30
2026/04/10 16:42:31 🔍 DEBUG: Query returned 0 task history records
2026/04/10 16:42:31 ✓ Retrieved 0 task history records and 0 worker stats
2026/04/10 16:42:31 ⚠️  Insufficient data (0 tasks < 2 required), using default parameters
2026/04/10 16:42:31 ✓ AOD parameters saved to /Users/codesmith28/personal/Projects/acc/BTEP/master/config/ga_output.json
2026/04/10 16:42:31 ✓ AOD parameters saved to MongoDB collection RTS_WEIGHTS
2026/04/10 16:42:31 ✅ AOD training cycle completed successfully
2026/04/10 16:42:58 ✓ RTS: Reloaded GA parameters from mongodb collection RTS_WEIGHTS
2026/04/10 16:43:28 ✓ RTS: Reloaded GA parameters from mongodb collection RTS_WEIGHTS
2026/04/10 16:43:31 🧬 Starting AOD training cycle...
2026/04/10 16:43:31 🧬 Starting AOD training cycle...
2026/04/10 16:43:31 📊 Fetching task history from 2026-04-09T16:43:31+05:30 to 2026-04-10T16:43:31+05:30
2026/04/10 16:43:31 🔍 DEBUG: Querying TASKS collection for completed_at between 2026-04-09T16:43:31+05:30 and 2026-04-10T16:43:31+05:30
2026/04/10 16:43:31 🔍 DEBUG: Query returned 0 task history records
2026/04/10 16:43:31 📊 Fetching worker stats from 2026-04-09T16:43:31+05:30 to 2026-04-10T16:43:31+05:30
2026/04/10 16:43:31 🔍 DEBUG: Querying TASKS collection for completed_at between 2026-04-09T16:43:31+05:30 and 2026-04-10T16:43:31+05:30
2026/04/10 16:43:31 🔍 DEBUG: Query returned 0 task history records
2026/04/10 16:43:31 ✓ Retrieved 0 task history records and 0 worker stats
2026/04/10 16:43:31 ⚠️  Insufficient data (0 tasks < 2 required), using default parameters
2026/04/10 16:43:31 ✓ AOD parameters saved to /Users/codesmith28/personal/Projects/acc/BTEP/master/config/ga_output.json
2026/04/10 16:43:31 ✓ AOD parameters saved to MongoDB collection RTS_WEIGHTS
2026/04/10 16:43:31 ✅ AOD training cycle completed successfully
2026/04/10 16:43:58 ✓ RTS: Reloaded GA parameters from mongodb collection RTS_WEIGHTS
2026/04/10 16:44:28 ✓ RTS: Reloaded GA parameters from mongodb collection RTS_WEIGHTS
2026/04/10 16:44:31 🧬 Starting AOD training cycle...
2026/04/10 16:44:31 🧬 Starting AOD training cycle...
2026/04/10 16:44:31 📊 Fetching task history from 2026-04-09T16:44:31+05:30 to 2026-04-10T16:44:31+05:30
2026/04/10 16:44:31 🔍 DEBUG: Querying TASKS collection for completed_at between 2026-04-09T16:44:31+05:30 and 2026-04-10T16:44:31+05:30
2026/04/10 16:44:31 🔍 DEBUG: Query returned 0 task history records
2026/04/10 16:44:31 📊 Fetching worker stats from 2026-04-09T16:44:31+05:30 to 2026-04-10T16:44:31+05:30
2026/04/10 16:44:31 🔍 DEBUG: Querying TASKS collection for completed_at between 2026-04-09T16:44:31+05:30 and 2026-04-10T16:44:31+05:30
2026/04/10 16:44:31 🔍 DEBUG: Query returned 0 task history records
2026/04/10 16:44:31 ✓ Retrieved 0 task history records and 0 worker stats
2026/04/10 16:44:31 ⚠️  Insufficient data (0 tasks < 2 required), using default parameters
2026/04/10 16:44:31 ✓ AOD parameters saved to /Users/codesmith28/personal/Projects/acc/BTEP/master/config/ga_output.json
2026/04/10 16:44:31 ✓ AOD parameters saved to MongoDB collection RTS_WEIGHTS
2026/04/10 16:44:31 ✅ AOD training cycle completed successfully
2026/04/10 16:44:58 ✓ RTS: Reloaded GA parameters from mongodb collection RTS_WEIGHTS
2026/04/10 16:45:28 ✓ RTS: Reloaded GA parameters from mongodb collection RTS_WEIGHTS
2026/04/10 16:45:31 🧬 Starting AOD training cycle...
2026/04/10 16:45:31 🧬 Starting AOD training cycle...
2026/04/10 16:45:31 📊 Fetching task history from 2026-04-09T16:45:31+05:30 to 2026-04-10T16:45:31+05:30
2026/04/10 16:45:31 🔍 DEBUG: Querying TASKS collection for completed_at between 2026-04-09T16:45:31+05:30 and 2026-04-10T16:45:31+05:30
2026/04/10 16:45:31 🔍 DEBUG: Query returned 0 task history records
2026/04/10 16:45:31 📊 Fetching worker stats from 2026-04-09T16:45:31+05:30 to 2026-04-10T16:45:31+05:30
2026/04/10 16:45:31 🔍 DEBUG: Querying TASKS collection for completed_at between 2026-04-09T16:45:31+05:30 and 2026-04-10T16:45:31+05:30
2026/04/10 16:45:31 🔍 DEBUG: Query returned 0 task history records
2026/04/10 16:45:31 ✓ Retrieved 0 task history records and 0 worker stats
2026/04/10 16:45:31 ⚠️  Insufficient data (0 tasks < 2 required), using default parameters
2026/04/10 16:45:31 ✓ AOD parameters saved to /Users/codesmith28/personal/Projects/acc/BTEP/master/config/ga_output.json
2026/04/10 16:45:31 ✓ AOD parameters saved to MongoDB collection RTS_WEIGHTS
2026/04/10 16:45:31 ✅ AOD training cycle completed successfully
2026/04/10 16:45:58 ✓ RTS: Reloaded GA parameters from mongodb collection RTS_WEIGHTS
2026/04/10 16:46:28 ✓ RTS: Reloaded GA parameters from mongodb collection RTS_WEIGHTS
2026/04/10 16:46:31 🧬 Starting AOD training cycle...
2026/04/10 16:46:31 🧬 Starting AOD training cycle...
2026/04/10 16:46:31 📊 Fetching task history from 2026-04-09T16:46:31+05:30 to 2026-04-10T16:46:31+05:30
2026/04/10 16:46:31 🔍 DEBUG: Querying TASKS collection for completed_at between 2026-04-09T16:46:31+05:30 and 2026-04-10T16:46:31+05:30
2026/04/10 16:46:31 🔍 DEBUG: Query returned 0 task history records
2026/04/10 16:46:31 📊 Fetching worker stats from 2026-04-09T16:46:31+05:30 to 2026-04-10T16:46:31+05:30
2026/04/10 16:46:31 🔍 DEBUG: Querying TASKS collection for completed_at between 2026-04-09T16:46:31+05:30 and 2026-04-10T16:46:31+05:30
2026/04/10 16:46:31 🔍 DEBUG: Query returned 0 task history records
2026/04/10 16:46:31 ✓ Retrieved 0 task history records and 0 worker stats
2026/04/10 16:46:31 ⚠️  Insufficient data (0 tasks < 2 required), using default parameters
2026/04/10 16:46:31 ✓ AOD parameters saved to /Users/codesmith28/personal/Projects/acc/BTEP/master/config/ga_output.json
2026/04/10 16:46:31 ✓ AOD parameters saved to MongoDB collection RTS_WEIGHTS
2026/04/10 16:46:31 ✅ AOD training cycle completed successfully
2026/04/10 16:46:58 ✓ RTS: Reloaded GA parameters from mongodb collection RTS_WEIGHTS
2026/04/10 16:47:28 ✓ RTS: Reloaded GA parameters from mongodb collection RTS_WEIGHTS
2026/04/10 16:47:31 🧬 Starting AOD training cycle...
2026/04/10 16:47:31 🧬 Starting AOD training cycle...
2026/04/10 16:47:31 📊 Fetching task history from 2026-04-09T16:47:31+05:30 to 2026-04-10T16:47:31+05:30
2026/04/10 16:47:31 🔍 DEBUG: Querying TASKS collection for completed_at between 2026-04-09T16:47:31+05:30 and 2026-04-10T16:47:31+05:30
2026/04/10 16:47:31 🔍 DEBUG: Query returned 0 task history records
2026/04/10 16:47:31 📊 Fetching worker stats from 2026-04-09T16:47:31+05:30 to 2026-04-10T16:47:31+05:30
2026/04/10 16:47:31 🔍 DEBUG: Querying TASKS collection for completed_at between 2026-04-09T16:47:31+05:30 and 2026-04-10T16:47:31+05:30
2026/04/10 16:47:31 🔍 DEBUG: Query returned 0 task history records
2026/04/10 16:47:31 ✓ Retrieved 0 task history records and 0 worker stats
2026/04/10 16:47:31 ⚠️  Insufficient data (0 tasks < 2 required), using default parameters
2026/04/10 16:47:31 ✓ AOD parameters saved to /Users/codesmith28/personal/Projects/acc/BTEP/master/config/ga_output.json
2026/04/10 16:47:31 ✓ AOD parameters saved to MongoDB collection RTS_WEIGHTS
2026/04/10 16:47:31 ✅ AOD training cycle completed successfully
2026/04/10 16:47:58 ✓ RTS: Reloaded GA parameters from mongodb collection RTS_WEIGHTS
2026/04/10 16:48:28 ✓ RTS: Reloaded GA parameters from mongodb collection RTS_WEIGHTS
2026/04/10 16:48:31 🧬 Starting AOD training cycle...
2026/04/10 16:48:31 🧬 Starting AOD training cycle...
2026/04/10 16:48:31 📊 Fetching task history from 2026-04-09T16:48:31+05:30 to 2026-04-10T16:48:31+05:30
2026/04/10 16:48:31 🔍 DEBUG: Querying TASKS collection for completed_at between 2026-04-09T16:48:31+05:30 and 2026-04-10T16:48:31+05:30
2026/04/10 16:48:31 🔍 DEBUG: Query returned 0 task history records
2026/04/10 16:48:31 📊 Fetching worker stats from 2026-04-09T16:48:31+05:30 to 2026-04-10T16:48:31+05:30
2026/04/10 16:48:31 🔍 DEBUG: Querying TASKS collection for completed_at between 2026-04-09T16:48:31+05:30 and 2026-04-10T16:48:31+05:30
2026/04/10 16:48:31 🔍 DEBUG: Query returned 0 task history records
2026/04/10 16:48:31 ✓ Retrieved 0 task history records and 0 worker stats
2026/04/10 16:48:31 ⚠️  Insufficient data (0 tasks < 2 required), using default parameters
2026/04/10 16:48:31 ✓ AOD parameters saved to /Users/codesmith28/personal/Projects/acc/BTEP/master/config/ga_output.json
2026/04/10 16:48:31 ✓ AOD parameters saved to MongoDB collection RTS_WEIGHTS
2026/04/10 16:48:31 ✅ AOD training cycle completed successfully
2026/04/10 16:48:58 ✓ RTS: Reloaded GA parameters from mongodb collection RTS_WEIGHTS
2026/04/10 16:49:28 ✓ RTS: Reloaded GA parameters from mongodb collection RTS_WEIGHTS
2026/04/10 16:49:31 🧬 Starting AOD training cycle...
2026/04/10 16:49:31 🧬 Starting AOD training cycle...
2026/04/10 16:49:31 📊 Fetching task history from 2026-04-09T16:49:31+05:30 to 2026-04-10T16:49:31+05:30
2026/04/10 16:49:31 🔍 DEBUG: Querying TASKS collection for completed_at between 2026-04-09T16:49:31+05:30 and 2026-04-10T16:49:31+05:30
2026/04/10 16:49:31 🔍 DEBUG: Query returned 0 task history records
2026/04/10 16:49:31 📊 Fetching worker stats from 2026-04-09T16:49:31+05:30 to 2026-04-10T16:49:31+05:30
2026/04/10 16:49:31 🔍 DEBUG: Querying TASKS collection for completed_at between 2026-04-09T16:49:31+05:30 and 2026-04-10T16:49:31+05:30
2026/04/10 16:49:31 🔍 DEBUG: Query returned 0 task history records
2026/04/10 16:49:31 ✓ Retrieved 0 task history records and 0 worker stats
2026/04/10 16:49:31 ⚠️  Insufficient data (0 tasks < 2 required), using default parameters
2026/04/10 16:49:31 ✓ AOD parameters saved to /Users/codesmith28/personal/Projects/acc/BTEP/master/config/ga_output.json
2026/04/10 16:49:31 ✓ AOD parameters saved to MongoDB collection RTS_WEIGHTS
2026/04/10 16:49:31 ✅ AOD training cycle completed successfully
2026/04/10 16:49:58 ✓ RTS: Reloaded GA parameters from mongodb collection RTS_WEIGHTS
2026/04/10 16:50:28 ✓ RTS: Reloaded GA parameters from mongodb collection RTS_WEIGHTS
2026/04/10 16:50:31 🧬 Starting AOD training cycle...
2026/04/10 16:50:31 🧬 Starting AOD training cycle...
2026/04/10 16:50:31 📊 Fetching task history from 2026-04-09T16:50:31+05:30 to 2026-04-10T16:50:31+05:30
2026/04/10 16:50:31 🔍 DEBUG: Querying TASKS collection for completed_at between 2026-04-09T16:50:31+05:30 and 2026-04-10T16:50:31+05:30
2026/04/10 16:50:31 🔍 DEBUG: Query returned 0 task history records
2026/04/10 16:50:31 📊 Fetching worker stats from 2026-04-09T16:50:31+05:30 to 2026-04-10T16:50:31+05:30
2026/04/10 16:50:31 🔍 DEBUG: Querying TASKS collection for completed_at between 2026-04-09T16:50:31+05:30 and 2026-04-10T16:50:31+05:30
2026/04/10 16:50:31 🔍 DEBUG: Query returned 0 task history records
2026/04/10 16:50:31 ✓ Retrieved 0 task history records and 0 worker stats
2026/04/10 16:50:31 ⚠️  Insufficient data (0 tasks < 2 required), using default parameters
2026/04/10 16:50:31 ✓ AOD parameters saved to /Users/codesmith28/personal/Projects/acc/BTEP/master/config/ga_output.json
2026/04/10 16:50:31 ✓ AOD parameters saved to MongoDB collection RTS_WEIGHTS
2026/04/10 16:50:31 ✅ AOD training cycle completed successfully
2026/04/10 16:50:58 ✓ RTS: Reloaded GA parameters from mongodb collection RTS_WEIGHTS
2026/04/10 16:51:28 ✓ RTS: Reloaded GA parameters from mongodb collection RTS_WEIGHTS
2026/04/10 16:51:31 🧬 Starting AOD training cycle...
2026/04/10 16:51:31 🧬 Starting AOD training cycle...
2026/04/10 16:51:31 📊 Fetching task history from 2026-04-09T16:51:31+05:30 to 2026-04-10T16:51:31+05:30
2026/04/10 16:51:31 🔍 DEBUG: Querying TASKS collection for completed_at between 2026-04-09T16:51:31+05:30 and 2026-04-10T16:51:31+05:30
2026/04/10 16:51:31 🔍 DEBUG: Query returned 0 task history records
2026/04/10 16:51:31 📊 Fetching worker stats from 2026-04-09T16:51:31+05:30 to 2026-04-10T16:51:31+05:30
2026/04/10 16:51:31 🔍 DEBUG: Querying TASKS collection for completed_at between 2026-04-09T16:51:31+05:30 and 2026-04-10T16:51:31+05:30
2026/04/10 16:51:31 🔍 DEBUG: Query returned 0 task history records
2026/04/10 16:51:31 ✓ Retrieved 0 task history records and 0 worker stats
2026/04/10 16:51:31 ⚠️  Insufficient data (0 tasks < 2 required), using default parameters
2026/04/10 16:51:31 ✓ AOD parameters saved to /Users/codesmith28/personal/Projects/acc/BTEP/master/config/ga_output.json
2026/04/10 16:51:31 ✓ AOD parameters saved to MongoDB collection RTS_WEIGHTS
2026/04/10 16:51:31 ✅ AOD training cycle completed successfully
2026/04/10 16:51:58 ✓ RTS: Reloaded GA parameters from mongodb collection RTS_WEIGHTS
2026/04/10 16:52:28 ✓ RTS: Reloaded GA parameters from mongodb collection RTS_WEIGHTS
2026/04/10 16:52:31 🧬 Starting AOD training cycle...
2026/04/10 16:52:31 🧬 Starting AOD training cycle...
2026/04/10 16:52:31 📊 Fetching task history from 2026-04-09T16:52:31+05:30 to 2026-04-10T16:52:31+05:30
2026/04/10 16:52:31 🔍 DEBUG: Querying TASKS collection for completed_at between 2026-04-09T16:52:31+05:30 and 2026-04-10T16:52:31+05:30
2026/04/10 16:52:31 🔍 DEBUG: Query returned 0 task history records
2026/04/10 16:52:31 📊 Fetching worker stats from 2026-04-09T16:52:31+05:30 to 2026-04-10T16:52:31+05:30
2026/04/10 16:52:31 🔍 DEBUG: Querying TASKS collection for completed_at between 2026-04-09T16:52:31+05:30 and 2026-04-10T16:52:31+05:30
2026/04/10 16:52:31 🔍 DEBUG: Query returned 0 task history records
2026/04/10 16:52:31 ✓ Retrieved 0 task history records and 0 worker stats
2026/04/10 16:52:31 ⚠️  Insufficient data (0 tasks < 2 required), using default parameters
2026/04/10 16:52:31 ✓ AOD parameters saved to /Users/codesmith28/personal/Projects/acc/BTEP/master/config/ga_output.json
2026/04/10 16:52:31 ✓ AOD parameters saved to MongoDB collection RTS_WEIGHTS
2026/04/10 16:52:31 ✅ AOD training cycle completed successfully
2026/04/10 16:52:58 ✓ RTS: Reloaded GA parameters from mongodb collection RTS_WEIGHTS
2026/04/10 16:53:28 ✓ RTS: Reloaded GA parameters from mongodb collection RTS_WEIGHTS
2026/04/10 16:53:31 🧬 Starting AOD training cycle...
2026/04/10 16:53:31 🧬 Starting AOD training cycle...
2026/04/10 16:53:31 📊 Fetching task history from 2026-04-09T16:53:31+05:30 to 2026-04-10T16:53:31+05:30
2026/04/10 16:53:31 🔍 DEBUG: Querying TASKS collection for completed_at between 2026-04-09T16:53:31+05:30 and 2026-04-10T16:53:31+05:30
2026/04/10 16:53:31 🔍 DEBUG: Query returned 0 task history records
2026/04/10 16:53:31 📊 Fetching worker stats from 2026-04-09T16:53:31+05:30 to 2026-04-10T16:53:31+05:30
2026/04/10 16:53:31 🔍 DEBUG: Querying TASKS collection for completed_at between 2026-04-09T16:53:31+05:30 and 2026-04-10T16:53:31+05:30
2026/04/10 16:53:31 🔍 DEBUG: Query returned 0 task history records
2026/04/10 16:53:31 ✓ Retrieved 0 task history records and 0 worker stats
2026/04/10 16:53:31 ⚠️  Insufficient data (0 tasks < 2 required), using default parameters
2026/04/10 16:53:31 ✓ AOD parameters saved to /Users/codesmith28/personal/Projects/acc/BTEP/master/config/ga_output.json
2026/04/10 16:53:31 ✓ AOD parameters saved to MongoDB collection RTS_WEIGHTS
2026/04/10 16:53:31 ✅ AOD training cycle completed successfully
2026/04/10 16:53:58 ✓ RTS: Reloaded GA parameters from mongodb collection RTS_WEIGHTS
2026/04/10 16:54:28 ✓ RTS: Reloaded GA parameters from mongodb collection RTS_WEIGHTS
2026/04/10 16:54:31 🧬 Starting AOD training cycle...
2026/04/10 16:54:31 🧬 Starting AOD training cycle...
2026/04/10 16:54:31 📊 Fetching task history from 2026-04-09T16:54:31+05:30 to 2026-04-10T16:54:31+05:30
2026/04/10 16:54:31 🔍 DEBUG: Querying TASKS collection for completed_at between 2026-04-09T16:54:31+05:30 and 2026-04-10T16:54:31+05:30
2026/04/10 16:54:31 🔍 DEBUG: Query returned 0 task history records
2026/04/10 16:54:31 📊 Fetching worker stats from 2026-04-09T16:54:31+05:30 to 2026-04-10T16:54:31+05:30
2026/04/10 16:54:31 🔍 DEBUG: Querying TASKS collection for completed_at between 2026-04-09T16:54:31+05:30 and 2026-04-10T16:54:31+05:30
2026/04/10 16:54:31 🔍 DEBUG: Query returned 0 task history records
2026/04/10 16:54:31 ✓ Retrieved 0 task history records and 0 worker stats
2026/04/10 16:54:31 ⚠️  Insufficient data (0 tasks < 2 required), using default parameters
2026/04/10 16:54:31 ✓ AOD parameters saved to /Users/codesmith28/personal/Projects/acc/BTEP/master/config/ga_output.json
2026/04/10 16:54:31 ✓ AOD parameters saved to MongoDB collection RTS_WEIGHTS
2026/04/10 16:54:31 ✅ AOD training cycle completed successfully
2026/04/10 16:54:58 ✓ RTS: Reloaded GA parameters from mongodb collection RTS_WEIGHTS
2026/04/10 16:55:28 ✓ RTS: Reloaded GA parameters from mongodb collection RTS_WEIGHTS
2026/04/10 16:55:31 🧬 Starting AOD training cycle...
2026/04/10 16:55:31 🧬 Starting AOD training cycle...
2026/04/10 16:55:31 📊 Fetching task history from 2026-04-09T16:55:31+05:30 to 2026-04-10T16:55:31+05:30
2026/04/10 16:55:31 🔍 DEBUG: Querying TASKS collection for completed_at between 2026-04-09T16:55:31+05:30 and 2026-04-10T16:55:31+05:30
2026/04/10 16:55:31 🔍 DEBUG: Query returned 0 task history records
2026/04/10 16:55:31 📊 Fetching worker stats from 2026-04-09T16:55:31+05:30 to 2026-04-10T16:55:31+05:30
2026/04/10 16:55:31 🔍 DEBUG: Querying TASKS collection for completed_at between 2026-04-09T16:55:31+05:30 and 2026-04-10T16:55:31+05:30
2026/04/10 16:55:31 🔍 DEBUG: Query returned 0 task history records
2026/04/10 16:55:31 ✓ Retrieved 0 task history records and 0 worker stats
2026/04/10 16:55:31 ⚠️  Insufficient data (0 tasks < 2 required), using default parameters
2026/04/10 16:55:31 ✓ AOD parameters saved to /Users/codesmith28/personal/Projects/acc/BTEP/master/config/ga_output.json
2026/04/10 16:55:31 ✓ AOD parameters saved to MongoDB collection RTS_WEIGHTS
2026/04/10 16:55:31 ✅ AOD training cycle completed successfully
2026/04/10 16:55:58 ✓ RTS: Reloaded GA parameters from mongodb collection RTS_WEIGHTS
2026/04/10 16:56:28 ✓ RTS: Reloaded GA parameters from mongodb collection RTS_WEIGHTS
2026/04/10 16:56:31 🧬 Starting AOD training cycle...
2026/04/10 16:56:31 🧬 Starting AOD training cycle...
2026/04/10 16:56:31 📊 Fetching task history from 2026-04-09T16:56:31+05:30 to 2026-04-10T16:56:31+05:30
2026/04/10 16:56:31 🔍 DEBUG: Querying TASKS collection for completed_at between 2026-04-09T16:56:31+05:30 and 2026-04-10T16:56:31+05:30
2026/04/10 16:56:31 🔍 DEBUG: Query returned 0 task history records
2026/04/10 16:56:31 📊 Fetching worker stats from 2026-04-09T16:56:31+05:30 to 2026-04-10T16:56:31+05:30
2026/04/10 16:56:31 🔍 DEBUG: Querying TASKS collection for completed_at between 2026-04-09T16:56:31+05:30 and 2026-04-10T16:56:31+05:30
2026/04/10 16:56:31 🔍 DEBUG: Query returned 0 task history records
2026/04/10 16:56:31 ✓ Retrieved 0 task history records and 0 worker stats
2026/04/10 16:56:31 ⚠️  Insufficient data (0 tasks < 2 required), using default parameters
2026/04/10 16:56:31 ✓ AOD parameters saved to /Users/codesmith28/personal/Projects/acc/BTEP/master/config/ga_output.json
2026/04/10 16:56:31 ✓ AOD parameters saved to MongoDB collection RTS_WEIGHTS
2026/04/10 16:56:31 ✅ AOD training cycle completed successfully
2026/04/10 16:56:58 ✓ RTS: Reloaded GA parameters from mongodb collection RTS_WEIGHTS
2026/04/10 16:57:28 ✓ RTS: Reloaded GA parameters from mongodb collection RTS_WEIGHTS
2026/04/10 16:57:31 🧬 Starting AOD training cycle...
2026/04/10 16:57:31 🧬 Starting AOD training cycle...
2026/04/10 16:57:31 📊 Fetching task history from 2026-04-09T16:57:31+05:30 to 2026-04-10T16:57:31+05:30
2026/04/10 16:57:31 🔍 DEBUG: Querying TASKS collection for completed_at between 2026-04-09T16:57:31+05:30 and 2026-04-10T16:57:31+05:30
2026/04/10 16:57:31 🔍 DEBUG: Query returned 0 task history records
2026/04/10 16:57:31 📊 Fetching worker stats from 2026-04-09T16:57:31+05:30 to 2026-04-10T16:57:31+05:30
2026/04/10 16:57:31 🔍 DEBUG: Querying TASKS collection for completed_at between 2026-04-09T16:57:31+05:30 and 2026-04-10T16:57:31+05:30
2026/04/10 16:57:31 🔍 DEBUG: Query returned 0 task history records
2026/04/10 16:57:31 ✓ Retrieved 0 task history records and 0 worker stats
2026/04/10 16:57:31 ⚠️  Insufficient data (0 tasks < 2 required), using default parameters
2026/04/10 16:57:31 ✓ AOD parameters saved to /Users/codesmith28/personal/Projects/acc/BTEP/master/config/ga_output.json
2026/04/10 16:57:31 ✓ AOD parameters saved to MongoDB collection RTS_WEIGHTS
2026/04/10 16:57:31 ✅ AOD training cycle completed successfully
2026/04/10 16:57:58 ✓ RTS: Reloaded GA parameters from mongodb collection RTS_WEIGHTS
2026/04/10 16:58:28 ✓ RTS: Reloaded GA parameters from mongodb collection RTS_WEIGHTS
2026/04/10 16:58:31 🧬 Starting AOD training cycle...
2026/04/10 16:58:31 🧬 Starting AOD training cycle...
2026/04/10 16:58:31 📊 Fetching task history from 2026-04-09T16:58:31+05:30 to 2026-04-10T16:58:31+05:30
2026/04/10 16:58:31 🔍 DEBUG: Querying TASKS collection for completed_at between 2026-04-09T16:58:31+05:30 and 2026-04-10T16:58:31+05:30
2026/04/10 16:58:31 🔍 DEBUG: Query returned 0 task history records
2026/04/10 16:58:31 📊 Fetching worker stats from 2026-04-09T16:58:31+05:30 to 2026-04-10T16:58:31+05:30
2026/04/10 16:58:31 🔍 DEBUG: Querying TASKS collection for completed_at between 2026-04-09T16:58:31+05:30 and 2026-04-10T16:58:31+05:30
2026/04/10 16:58:31 🔍 DEBUG: Query returned 0 task history records
2026/04/10 16:58:31 ✓ Retrieved 0 task history records and 0 worker stats
2026/04/10 16:58:31 ⚠️  Insufficient data (0 tasks < 2 required), using default parameters
2026/04/10 16:58:31 ✓ AOD parameters saved to /Users/codesmith28/personal/Projects/acc/BTEP/master/config/ga_output.json
2026/04/10 16:58:31 ✓ AOD parameters saved to MongoDB collection RTS_WEIGHTS
2026/04/10 16:58:31 ✅ AOD training cycle completed successfully
2026/04/10 16:58:58 ✓ RTS: Reloaded GA parameters from mongodb collection RTS_WEIGHTS
2026/04/10 16:59:28 ✓ RTS: Reloaded GA parameters from mongodb collection RTS_WEIGHTS
2026/04/10 16:59:31 🧬 Starting AOD training cycle...
2026/04/10 16:59:31 🧬 Starting AOD training cycle...
2026/04/10 16:59:31 📊 Fetching task history from 2026-04-09T16:59:31+05:30 to 2026-04-10T16:59:31+05:30
2026/04/10 16:59:31 🔍 DEBUG: Querying TASKS collection for completed_at between 2026-04-09T16:59:31+05:30 and 2026-04-10T16:59:31+05:30
2026/04/10 16:59:31 🔍 DEBUG: Query returned 0 task history records
2026/04/10 16:59:31 📊 Fetching worker stats from 2026-04-09T16:59:31+05:30 to 2026-04-10T16:59:31+05:30
2026/04/10 16:59:31 🔍 DEBUG: Querying TASKS collection for completed_at between 2026-04-09T16:59:31+05:30 and 2026-04-10T16:59:31+05:30
2026/04/10 16:59:31 🔍 DEBUG: Query returned 0 task history records
2026/04/10 16:59:31 ✓ Retrieved 0 task history records and 0 worker stats
2026/04/10 16:59:31 ⚠️  Insufficient data (0 tasks < 2 required), using default parameters
2026/04/10 16:59:31 ✓ AOD parameters saved to /Users/codesmith28/personal/Projects/acc/BTEP/master/config/ga_output.json
2026/04/10 16:59:31 ✓ AOD parameters saved to MongoDB collection RTS_WEIGHTS
2026/04/10 16:59:31 ✅ AOD training cycle completed successfully
2026/04/10 16:59:58 ✓ RTS: Reloaded GA parameters from mongodb collection RTS_WEIGHTS
2026/04/10 17:00:28 ✓ RTS: Reloaded GA parameters from mongodb collection RTS_WEIGHTS
2026/04/10 17:00:31 🧬 Starting AOD training cycle...
2026/04/10 17:00:31 🧬 Starting AOD training cycle...
2026/04/10 17:00:31 📊 Fetching task history from 2026-04-09T17:00:31+05:30 to 2026-04-10T17:00:31+05:30
2026/04/10 17:00:31 🔍 DEBUG: Querying TASKS collection for completed_at between 2026-04-09T17:00:31+05:30 and 2026-04-10T17:00:31+05:30
2026/04/10 17:00:31 🔍 DEBUG: Query returned 0 task history records
2026/04/10 17:00:31 📊 Fetching worker stats from 2026-04-09T17:00:31+05:30 to 2026-04-10T17:00:31+05:30
2026/04/10 17:00:31 🔍 DEBUG: Querying TASKS collection for completed_at between 2026-04-09T17:00:31+05:30 and 2026-04-10T17:00:31+05:30
2026/04/10 17:00:31 🔍 DEBUG: Query returned 0 task history records
2026/04/10 17:00:31 ✓ Retrieved 0 task history records and 0 worker stats
2026/04/10 17:00:31 ⚠️  Insufficient data (0 tasks < 2 required), using default parameters
2026/04/10 17:00:31 ✓ AOD parameters saved to /Users/codesmith28/personal/Projects/acc/BTEP/master/config/ga_output.json
2026/04/10 17:00:31 ✓ AOD parameters saved to MongoDB collection RTS_WEIGHTS
2026/04/10 17:00:31 ✅ AOD training cycle completed successfully
2026/04/10 17:00:58 ✓ RTS: Reloaded GA parameters from mongodb collection RTS_WEIGHTS
2026/04/10 17:01:28 ✓ RTS: Reloaded GA parameters from mongodb collection RTS_WEIGHTS
2026/04/10 17:01:31 🧬 Starting AOD training cycle...
2026/04/10 17:01:31 🧬 Starting AOD training cycle...
2026/04/10 17:01:31 📊 Fetching task history from 2026-04-09T17:01:31+05:30 to 2026-04-10T17:01:31+05:30
2026/04/10 17:01:31 🔍 DEBUG: Querying TASKS collection for completed_at between 2026-04-09T17:01:31+05:30 and 2026-04-10T17:01:31+05:30
2026/04/10 17:01:31 🔍 DEBUG: Query returned 0 task history records
2026/04/10 17:01:31 📊 Fetching worker stats from 2026-04-09T17:01:31+05:30 to 2026-04-10T17:01:31+05:30
2026/04/10 17:01:31 🔍 DEBUG: Querying TASKS collection for completed_at between 2026-04-09T17:01:31+05:30 and 2026-04-10T17:01:31+05:30
2026/04/10 17:01:31 🔍 DEBUG: Query returned 0 task history records
2026/04/10 17:01:31 ✓ Retrieved 0 task history records and 0 worker stats
2026/04/10 17:01:31 ⚠️  Insufficient data (0 tasks < 2 required), using default parameters
2026/04/10 17:01:31 ✓ AOD parameters saved to /Users/codesmith28/personal/Projects/acc/BTEP/master/config/ga_output.json
2026/04/10 17:01:31 ✓ AOD parameters saved to MongoDB collection RTS_WEIGHTS
2026/04/10 17:01:31 ✅ AOD training cycle completed successfully
2026/04/10 17:01:58 ✓ RTS: Reloaded GA parameters from mongodb collection RTS_WEIGHTS
2026/04/10 17:02:28 ✓ RTS: Reloaded GA parameters from mongodb collection RTS_WEIGHTS
2026/04/10 17:02:31 🧬 Starting AOD training cycle...
2026/04/10 17:02:31 🧬 Starting AOD training cycle...
2026/04/10 17:02:31 📊 Fetching task history from 2026-04-09T17:02:31+05:30 to 2026-04-10T17:02:31+05:30
2026/04/10 17:02:31 🔍 DEBUG: Querying TASKS collection for completed_at between 2026-04-09T17:02:31+05:30 and 2026-04-10T17:02:31+05:30
2026/04/10 17:02:31 🔍 DEBUG: Query returned 0 task history records
2026/04/10 17:02:31 📊 Fetching worker stats from 2026-04-09T17:02:31+05:30 to 2026-04-10T17:02:31+05:30
2026/04/10 17:02:31 🔍 DEBUG: Querying TASKS collection for completed_at between 2026-04-09T17:02:31+05:30 and 2026-04-10T17:02:31+05:30
2026/04/10 17:02:31 🔍 DEBUG: Query returned 0 task history records
2026/04/10 17:02:31 ✓ Retrieved 0 task history records and 0 worker stats
2026/04/10 17:02:31 ⚠️  Insufficient data (0 tasks < 2 required), using default parameters
2026/04/10 17:02:31 ✓ AOD parameters saved to /Users/codesmith28/personal/Projects/acc/BTEP/master/config/ga_output.json
2026/04/10 17:02:31 ✓ AOD parameters saved to MongoDB collection RTS_WEIGHTS
2026/04/10 17:02:31 ✅ AOD training cycle completed successfully
2026/04/10 17:02:58 ✓ RTS: Reloaded GA parameters from mongodb collection RTS_WEIGHTS
2026/04/10 17:03:28 ✓ RTS: Reloaded GA parameters from mongodb collection RTS_WEIGHTS
2026/04/10 17:03:31 🧬 Starting AOD training cycle...
2026/04/10 17:03:31 🧬 Starting AOD training cycle...
2026/04/10 17:03:31 📊 Fetching task history from 2026-04-09T17:03:31+05:30 to 2026-04-10T17:03:31+05:30
2026/04/10 17:03:31 🔍 DEBUG: Querying TASKS collection for completed_at between 2026-04-09T17:03:31+05:30 and 2026-04-10T17:03:31+05:30
2026/04/10 17:03:31 🔍 DEBUG: Query returned 0 task history records
2026/04/10 17:03:31 📊 Fetching worker stats from 2026-04-09T17:03:31+05:30 to 2026-04-10T17:03:31+05:30
2026/04/10 17:03:31 🔍 DEBUG: Querying TASKS collection for completed_at between 2026-04-09T17:03:31+05:30 and 2026-04-10T17:03:31+05:30
2026/04/10 17:03:31 🔍 DEBUG: Query returned 0 task history records
2026/04/10 17:03:31 ✓ Retrieved 0 task history records and 0 worker stats
2026/04/10 17:03:31 ⚠️  Insufficient data (0 tasks < 2 required), using default parameters
2026/04/10 17:03:31 ✓ AOD parameters saved to /Users/codesmith28/personal/Projects/acc/BTEP/master/config/ga_output.json
2026/04/10 17:03:31 ✓ AOD parameters saved to MongoDB collection RTS_WEIGHTS
2026/04/10 17:03:31 ✅ AOD training cycle completed successfully
2026/04/10 17:03:58 ✓ RTS: Reloaded GA parameters from mongodb collection RTS_WEIGHTS
2026/04/10 17:04:28 ✓ RTS: Reloaded GA parameters from mongodb collection RTS_WEIGHTS
2026/04/10 17:04:31 🧬 Starting AOD training cycle...
2026/04/10 17:04:31 🧬 Starting AOD training cycle...
2026/04/10 17:04:31 📊 Fetching task history from 2026-04-09T17:04:31+05:30 to 2026-04-10T17:04:31+05:30
2026/04/10 17:04:31 🔍 DEBUG: Querying TASKS collection for completed_at between 2026-04-09T17:04:31+05:30 and 2026-04-10T17:04:31+05:30
2026/04/10 17:04:31 🔍 DEBUG: Query returned 0 task history records
2026/04/10 17:04:31 📊 Fetching worker stats from 2026-04-09T17:04:31+05:30 to 2026-04-10T17:04:31+05:30
2026/04/10 17:04:31 🔍 DEBUG: Querying TASKS collection for completed_at between 2026-04-09T17:04:31+05:30 and 2026-04-10T17:04:31+05:30
2026/04/10 17:04:31 🔍 DEBUG: Query returned 0 task history records
2026/04/10 17:04:31 ✓ Retrieved 0 task history records and 0 worker stats
2026/04/10 17:04:31 ⚠️  Insufficient data (0 tasks < 2 required), using default parameters
2026/04/10 17:04:31 ✓ AOD parameters saved to /Users/codesmith28/personal/Projects/acc/BTEP/master/config/ga_output.json
2026/04/10 17:04:31 ✓ AOD parameters saved to MongoDB collection RTS_WEIGHTS
2026/04/10 17:04:31 ✅ AOD training cycle completed successfully
2026/04/10 17:04:58 ✓ RTS: Reloaded GA parameters from mongodb collection RTS_WEIGHTS
2026/04/10 17:05:28 ✓ RTS: Reloaded GA parameters from mongodb collection RTS_WEIGHTS
2026/04/10 17:05:31 🧬 Starting AOD training cycle...
2026/04/10 17:05:31 🧬 Starting AOD training cycle...
2026/04/10 17:05:31 📊 Fetching task history from 2026-04-09T17:05:31+05:30 to 2026-04-10T17:05:31+05:30
2026/04/10 17:05:31 🔍 DEBUG: Querying TASKS collection for completed_at between 2026-04-09T17:05:31+05:30 and 2026-04-10T17:05:31+05:30
2026/04/10 17:05:31 🔍 DEBUG: Query returned 0 task history records
2026/04/10 17:05:31 📊 Fetching worker stats from 2026-04-09T17:05:31+05:30 to 2026-04-10T17:05:31+05:30
2026/04/10 17:05:31 🔍 DEBUG: Querying TASKS collection for completed_at between 2026-04-09T17:05:31+05:30 and 2026-04-10T17:05:31+05:30
2026/04/10 17:05:31 🔍 DEBUG: Query returned 0 task history records
2026/04/10 17:05:31 ✓ Retrieved 0 task history records and 0 worker stats
2026/04/10 17:05:31 ⚠️  Insufficient data (0 tasks < 2 required), using default parameters
2026/04/10 17:05:31 ✓ AOD parameters saved to /Users/codesmith28/personal/Projects/acc/BTEP/master/config/ga_output.json
2026/04/10 17:05:31 ✓ AOD parameters saved to MongoDB collection RTS_WEIGHTS
2026/04/10 17:05:31 ✅ AOD training cycle completed successfully
2026/04/10 17:05:58 ✓ RTS: Reloaded GA parameters from mongodb collection RTS_WEIGHTS
2026/04/10 17:06:28 ✓ RTS: Reloaded GA parameters from mongodb collection RTS_WEIGHTS
2026/04/10 17:06:31 🧬 Starting AOD training cycle...
2026/04/10 17:06:31 🧬 Starting AOD training cycle...
2026/04/10 17:06:31 📊 Fetching task history from 2026-04-09T17:06:31+05:30 to 2026-04-10T17:06:31+05:30
2026/04/10 17:06:31 🔍 DEBUG: Querying TASKS collection for completed_at between 2026-04-09T17:06:31+05:30 and 2026-04-10T17:06:31+05:30
2026/04/10 17:06:31 🔍 DEBUG: Query returned 0 task history records
2026/04/10 17:06:31 📊 Fetching worker stats from 2026-04-09T17:06:31+05:30 to 2026-04-10T17:06:31+05:30
2026/04/10 17:06:31 🔍 DEBUG: Querying TASKS collection for completed_at between 2026-04-09T17:06:31+05:30 and 2026-04-10T17:06:31+05:30
2026/04/10 17:06:31 🔍 DEBUG: Query returned 0 task history records
2026/04/10 17:06:31 ✓ Retrieved 0 task history records and 0 worker stats
2026/04/10 17:06:31 ⚠️  Insufficient data (0 tasks < 2 required), using default parameters
2026/04/10 17:06:31 ✓ AOD parameters saved to /Users/codesmith28/personal/Projects/acc/BTEP/master/config/ga_output.json
2026/04/10 17:06:31 ✓ AOD parameters saved to MongoDB collection RTS_WEIGHTS
2026/04/10 17:06:31 ✅ AOD training cycle completed successfully
2026/04/10 17:06:58 ✓ RTS: Reloaded GA parameters from mongodb collection RTS_WEIGHTS
2026/04/10 17:07:28 ✓ RTS: Reloaded GA parameters from mongodb collection RTS_WEIGHTS
2026/04/10 17:07:31 🧬 Starting AOD training cycle...
2026/04/10 17:07:31 🧬 Starting AOD training cycle...
2026/04/10 17:07:31 📊 Fetching task history from 2026-04-09T17:07:31+05:30 to 2026-04-10T17:07:31+05:30
2026/04/10 17:07:31 🔍 DEBUG: Querying TASKS collection for completed_at between 2026-04-09T17:07:31+05:30 and 2026-04-10T17:07:31+05:30
2026/04/10 17:07:31 🔍 DEBUG: Query returned 0 task history records
2026/04/10 17:07:31 📊 Fetching worker stats from 2026-04-09T17:07:31+05:30 to 2026-04-10T17:07:31+05:30
2026/04/10 17:07:31 🔍 DEBUG: Querying TASKS collection for completed_at between 2026-04-09T17:07:31+05:30 and 2026-04-10T17:07:31+05:30
2026/04/10 17:07:31 🔍 DEBUG: Query returned 0 task history records
2026/04/10 17:07:31 ✓ Retrieved 0 task history records and 0 worker stats
2026/04/10 17:07:31 ⚠️  Insufficient data (0 tasks < 2 required), using default parameters
2026/04/10 17:07:31 ✓ AOD parameters saved to /Users/codesmith28/personal/Projects/acc/BTEP/master/config/ga_output.json
2026/04/10 17:07:31 ✓ AOD parameters saved to MongoDB collection RTS_WEIGHTS
2026/04/10 17:07:31 ✅ AOD training cycle completed successfully
2026/04/10 17:07:58 ✓ RTS: Reloaded GA parameters from mongodb collection RTS_WEIGHTS
2026/04/10 17:08:28 ✓ RTS: Reloaded GA parameters from mongodb collection RTS_WEIGHTS
2026/04/10 17:08:31 🧬 Starting AOD training cycle...
2026/04/10 17:08:31 🧬 Starting AOD training cycle...
2026/04/10 17:08:31 📊 Fetching task history from 2026-04-09T17:08:31+05:30 to 2026-04-10T17:08:31+05:30
2026/04/10 17:08:31 🔍 DEBUG: Querying TASKS collection for completed_at between 2026-04-09T17:08:31+05:30 and 2026-04-10T17:08:31+05:30
2026/04/10 17:08:31 🔍 DEBUG: Query returned 0 task history records
2026/04/10 17:08:31 📊 Fetching worker stats from 2026-04-09T17:08:31+05:30 to 2026-04-10T17:08:31+05:30
2026/04/10 17:08:31 🔍 DEBUG: Querying TASKS collection for completed_at between 2026-04-09T17:08:31+05:30 and 2026-04-10T17:08:31+05:30
2026/04/10 17:08:31 🔍 DEBUG: Query returned 0 task history records
2026/04/10 17:08:31 ✓ Retrieved 0 task history records and 0 worker stats
2026/04/10 17:08:31 ⚠️  Insufficient data (0 tasks < 2 required), using default parameters
2026/04/10 17:08:31 ✓ AOD parameters saved to /Users/codesmith28/personal/Projects/acc/BTEP/master/config/ga_output.json
2026/04/10 17:08:31 ✓ AOD parameters saved to MongoDB collection RTS_WEIGHTS
2026/04/10 17:08:31 ✅ AOD training cycle completed successfully
2026/04/10 17:08:58 ✓ RTS: Reloaded GA parameters from mongodb collection RTS_WEIGHTS
2026/04/10 17:09:28 ✓ RTS: Reloaded GA parameters from mongodb collection RTS_WEIGHTS
2026/04/10 17:09:31 🧬 Starting AOD training cycle...
2026/04/10 17:09:31 🧬 Starting AOD training cycle...
2026/04/10 17:09:31 📊 Fetching task history from 2026-04-09T17:09:31+05:30 to 2026-04-10T17:09:31+05:30
2026/04/10 17:09:31 🔍 DEBUG: Querying TASKS collection for completed_at between 2026-04-09T17:09:31+05:30 and 2026-04-10T17:09:31+05:30
2026/04/10 17:09:31 🔍 DEBUG: Query returned 0 task history records
2026/04/10 17:09:31 📊 Fetching worker stats from 2026-04-09T17:09:31+05:30 to 2026-04-10T17:09:31+05:30
2026/04/10 17:09:31 🔍 DEBUG: Querying TASKS collection for completed_at between 2026-04-09T17:09:31+05:30 and 2026-04-10T17:09:31+05:30
2026/04/10 17:09:31 🔍 DEBUG: Query returned 0 task history records
2026/04/10 17:09:31 ✓ Retrieved 0 task history records and 0 worker stats
2026/04/10 17:09:31 ⚠️  Insufficient data (0 tasks < 2 required), using default parameters
2026/04/10 17:09:31 ✓ AOD parameters saved to /Users/codesmith28/personal/Projects/acc/BTEP/master/config/ga_output.json
2026/04/10 17:09:31 ✓ AOD parameters saved to MongoDB collection RTS_WEIGHTS
2026/04/10 17:09:31 ✅ AOD training cycle completed successfully
2026/04/10 17:09:58 ✓ RTS: Reloaded GA parameters from mongodb collection RTS_WEIGHTS
2026/04/10 17:10:28 ✓ RTS: Reloaded GA parameters from mongodb collection RTS_WEIGHTS
2026/04/10 17:10:31 🧬 Starting AOD training cycle...
2026/04/10 17:10:31 🧬 Starting AOD training cycle...
2026/04/10 17:10:31 📊 Fetching task history from 2026-04-09T17:10:31+05:30 to 2026-04-10T17:10:31+05:30
2026/04/10 17:10:31 🔍 DEBUG: Querying TASKS collection for completed_at between 2026-04-09T17:10:31+05:30 and 2026-04-10T17:10:31+05:30
2026/04/10 17:10:31 🔍 DEBUG: Query returned 0 task history records
2026/04/10 17:10:31 📊 Fetching worker stats from 2026-04-09T17:10:31+05:30 to 2026-04-10T17:10:31+05:30
2026/04/10 17:10:31 🔍 DEBUG: Querying TASKS collection for completed_at between 2026-04-09T17:10:31+05:30 and 2026-04-10T17:10:31+05:30
2026/04/10 17:10:31 🔍 DEBUG: Query returned 0 task history records
2026/04/10 17:10:31 ✓ Retrieved 0 task history records and 0 worker stats
2026/04/10 17:10:31 ⚠️  Insufficient data (0 tasks < 2 required), using default parameters
2026/04/10 17:10:31 ✓ AOD parameters saved to /Users/codesmith28/personal/Projects/acc/BTEP/master/config/ga_output.json
2026/04/10 17:10:31 ✓ AOD parameters saved to MongoDB collection RTS_WEIGHTS
2026/04/10 17:10:31 ✅ AOD training cycle completed successfully
2026/04/10 17:10:58 ✓ RTS: Reloaded GA parameters from mongodb collection RTS_WEIGHTS
2026/04/10 17:11:28 ✓ RTS: Reloaded GA parameters from mongodb collection RTS_WEIGHTS
2026/04/10 17:11:31 🧬 Starting AOD training cycle...
2026/04/10 17:11:31 🧬 Starting AOD training cycle...
2026/04/10 17:11:31 📊 Fetching task history from 2026-04-09T17:11:31+05:30 to 2026-04-10T17:11:31+05:30
2026/04/10 17:11:31 🔍 DEBUG: Querying TASKS collection for completed_at between 2026-04-09T17:11:31+05:30 and 2026-04-10T17:11:31+05:30
2026/04/10 17:11:31 🔍 DEBUG: Query returned 0 task history records
2026/04/10 17:11:31 📊 Fetching worker stats from 2026-04-09T17:11:31+05:30 to 2026-04-10T17:11:31+05:30
2026/04/10 17:11:31 🔍 DEBUG: Querying TASKS collection for completed_at between 2026-04-09T17:11:31+05:30 and 2026-04-10T17:11:31+05:30
2026/04/10 17:11:31 🔍 DEBUG: Query returned 0 task history records
2026/04/10 17:11:31 ✓ Retrieved 0 task history records and 0 worker stats
2026/04/10 17:11:31 ⚠️  Insufficient data (0 tasks < 2 required), using default parameters
2026/04/10 17:11:31 ✓ AOD parameters saved to /Users/codesmith28/personal/Projects/acc/BTEP/master/config/ga_output.json
2026/04/10 17:11:31 ✓ AOD parameters saved to MongoDB collection RTS_WEIGHTS
2026/04/10 17:11:31 ✅ AOD training cycle completed successfully
2026/04/10 17:11:58 ✓ RTS: Reloaded GA parameters from mongodb collection RTS_WEIGHTS
2026/04/10 17:12:28 ✓ RTS: Reloaded GA parameters from mongodb collection RTS_WEIGHTS
2026/04/10 17:12:31 🧬 Starting AOD training cycle...
2026/04/10 17:12:31 🧬 Starting AOD training cycle...
2026/04/10 17:12:31 📊 Fetching task history from 2026-04-09T17:12:31+05:30 to 2026-04-10T17:12:31+05:30
2026/04/10 17:12:31 🔍 DEBUG: Querying TASKS collection for completed_at between 2026-04-09T17:12:31+05:30 and 2026-04-10T17:12:31+05:30
2026/04/10 17:12:31 🔍 DEBUG: Query returned 0 task history records
2026/04/10 17:12:31 📊 Fetching worker stats from 2026-04-09T17:12:31+05:30 to 2026-04-10T17:12:31+05:30
2026/04/10 17:12:31 🔍 DEBUG: Querying TASKS collection for completed_at between 2026-04-09T17:12:31+05:30 and 2026-04-10T17:12:31+05:30
2026/04/10 17:12:31 🔍 DEBUG: Query returned 0 task history records
2026/04/10 17:12:31 ✓ Retrieved 0 task history records and 0 worker stats
2026/04/10 17:12:31 ⚠️  Insufficient data (0 tasks < 2 required), using default parameters
2026/04/10 17:12:31 ✓ AOD parameters saved to /Users/codesmith28/personal/Projects/acc/BTEP/master/config/ga_output.json
2026/04/10 17:12:31 ✓ AOD parameters saved to MongoDB collection RTS_WEIGHTS
2026/04/10 17:12:31 ✅ AOD training cycle completed successfully
2026/04/10 17:12:58 ✓ RTS: Reloaded GA parameters from mongodb collection RTS_WEIGHTS
2026/04/10 17:13:28 ✓ RTS: Reloaded GA parameters from mongodb collection RTS_WEIGHTS
2026/04/10 17:13:31 🧬 Starting AOD training cycle...
2026/04/10 17:13:31 🧬 Starting AOD training cycle...
2026/04/10 17:13:31 📊 Fetching task history from 2026-04-09T17:13:31+05:30 to 2026-04-10T17:13:31+05:30
2026/04/10 17:13:31 🔍 DEBUG: Querying TASKS collection for completed_at between 2026-04-09T17:13:31+05:30 and 2026-04-10T17:13:31+05:30
2026/04/10 17:13:31 🔍 DEBUG: Query returned 0 task history records
2026/04/10 17:13:31 📊 Fetching worker stats from 2026-04-09T17:13:31+05:30 to 2026-04-10T17:13:31+05:30
2026/04/10 17:13:31 🔍 DEBUG: Querying TASKS collection for completed_at between 2026-04-09T17:13:31+05:30 and 2026-04-10T17:13:31+05:30
2026/04/10 17:13:31 🔍 DEBUG: Query returned 0 task history records
2026/04/10 17:13:31 ✓ Retrieved 0 task history records and 0 worker stats
2026/04/10 17:13:31 ⚠️  Insufficient data (0 tasks < 2 required), using default parameters
2026/04/10 17:13:31 ✓ AOD parameters saved to /Users/codesmith28/personal/Projects/acc/BTEP/master/config/ga_output.json
2026/04/10 17:13:31 ✓ AOD parameters saved to MongoDB collection RTS_WEIGHTS
2026/04/10 17:13:31 ✅ AOD training cycle completed successfully
2026/04/10 17:13:58 ✓ RTS: Reloaded GA parameters from mongodb collection RTS_WEIGHTS
2026/04/10 17:14:28 ✓ RTS: Reloaded GA parameters from mongodb collection RTS_WEIGHTS
2026/04/10 17:14:31 🧬 Starting AOD training cycle...
2026/04/10 17:14:31 🧬 Starting AOD training cycle...
2026/04/10 17:14:31 📊 Fetching task history from 2026-04-09T17:14:31+05:30 to 2026-04-10T17:14:31+05:30
2026/04/10 17:14:31 🔍 DEBUG: Querying TASKS collection for completed_at between 2026-04-09T17:14:31+05:30 and 2026-04-10T17:14:31+05:30
2026/04/10 17:14:31 🔍 DEBUG: Query returned 0 task history records
2026/04/10 17:14:31 📊 Fetching worker stats from 2026-04-09T17:14:31+05:30 to 2026-04-10T17:14:31+05:30
2026/04/10 17:14:31 🔍 DEBUG: Querying TASKS collection for completed_at between 2026-04-09T17:14:31+05:30 and 2026-04-10T17:14:31+05:30
2026/04/10 17:14:31 🔍 DEBUG: Query returned 0 task history records
2026/04/10 17:14:31 ✓ Retrieved 0 task history records and 0 worker stats
2026/04/10 17:14:31 ⚠️  Insufficient data (0 tasks < 2 required), using default parameters
2026/04/10 17:14:31 ✓ AOD parameters saved to /Users/codesmith28/personal/Projects/acc/BTEP/master/config/ga_output.json
2026/04/10 17:14:31 ✓ AOD parameters saved to MongoDB collection RTS_WEIGHTS
2026/04/10 17:14:31 ✅ AOD training cycle completed successfully
2026/04/10 17:14:58 ✓ RTS: Reloaded GA parameters from mongodb collection RTS_WEIGHTS
2026/04/10 17:15:28 ✓ RTS: Reloaded GA parameters from mongodb collection RTS_WEIGHTS
2026/04/10 17:15:31 🧬 Starting AOD training cycle...
2026/04/10 17:15:31 🧬 Starting AOD training cycle...
2026/04/10 17:15:31 📊 Fetching task history from 2026-04-09T17:15:31+05:30 to 2026-04-10T17:15:31+05:30
2026/04/10 17:15:31 🔍 DEBUG: Querying TASKS collection for completed_at between 2026-04-09T17:15:31+05:30 and 2026-04-10T17:15:31+05:30
2026/04/10 17:15:31 🔍 DEBUG: Query returned 0 task history records
2026/04/10 17:15:31 📊 Fetching worker stats from 2026-04-09T17:15:31+05:30 to 2026-04-10T17:15:31+05:30
2026/04/10 17:15:31 🔍 DEBUG: Querying TASKS collection for completed_at between 2026-04-09T17:15:31+05:30 and 2026-04-10T17:15:31+05:30
2026/04/10 17:15:31 🔍 DEBUG: Query returned 0 task history records
2026/04/10 17:15:31 ✓ Retrieved 0 task history records and 0 worker stats
2026/04/10 17:15:31 ⚠️  Insufficient data (0 tasks < 2 required), using default parameters
2026/04/10 17:15:31 ✓ AOD parameters saved to /Users/codesmith28/personal/Projects/acc/BTEP/master/config/ga_output.json
2026/04/10 17:15:31 ✓ AOD parameters saved to MongoDB collection RTS_WEIGHTS
2026/04/10 17:15:31 ✅ AOD training cycle completed successfully
2026/04/10 17:15:58 ✓ RTS: Reloaded GA parameters from mongodb collection RTS_WEIGHTS
2026/04/10 17:16:28 ✓ RTS: Reloaded GA parameters from mongodb collection RTS_WEIGHTS
2026/04/10 17:16:31 🧬 Starting AOD training cycle...
2026/04/10 17:16:31 🧬 Starting AOD training cycle...
2026/04/10 17:16:31 📊 Fetching task history from 2026-04-09T17:16:31+05:30 to 2026-04-10T17:16:31+05:30
2026/04/10 17:16:31 🔍 DEBUG: Querying TASKS collection for completed_at between 2026-04-09T17:16:31+05:30 and 2026-04-10T17:16:31+05:30
2026/04/10 17:16:31 🔍 DEBUG: Query returned 0 task history records
2026/04/10 17:16:31 📊 Fetching worker stats from 2026-04-09T17:16:31+05:30 to 2026-04-10T17:16:31+05:30
2026/04/10 17:16:31 🔍 DEBUG: Querying TASKS collection for completed_at between 2026-04-09T17:16:31+05:30 and 2026-04-10T17:16:31+05:30
2026/04/10 17:16:31 🔍 DEBUG: Query returned 0 task history records
2026/04/10 17:16:31 ✓ Retrieved 0 task history records and 0 worker stats
2026/04/10 17:16:31 ⚠️  Insufficient data (0 tasks < 2 required), using default parameters
2026/04/10 17:16:31 ✓ AOD parameters saved to /Users/codesmith28/personal/Projects/acc/BTEP/master/config/ga_output.json
2026/04/10 17:16:31 ✓ AOD parameters saved to MongoDB collection RTS_WEIGHTS
2026/04/10 17:16:31 ✅ AOD training cycle completed successfully
2026/04/10 17:16:58 ✓ RTS: Reloaded GA parameters from mongodb collection RTS_WEIGHTS
2026/04/10 17:17:28 ✓ RTS: Reloaded GA parameters from mongodb collection RTS_WEIGHTS
2026/04/10 17:17:31 🧬 Starting AOD training cycle...
2026/04/10 17:17:31 🧬 Starting AOD training cycle...
2026/04/10 17:17:31 📊 Fetching task history from 2026-04-09T17:17:31+05:30 to 2026-04-10T17:17:31+05:30
2026/04/10 17:17:31 🔍 DEBUG: Querying TASKS collection for completed_at between 2026-04-09T17:17:31+05:30 and 2026-04-10T17:17:31+05:30
2026/04/10 17:17:31 🔍 DEBUG: Query returned 0 task history records
2026/04/10 17:17:31 📊 Fetching worker stats from 2026-04-09T17:17:31+05:30 to 2026-04-10T17:17:31+05:30
2026/04/10 17:17:31 🔍 DEBUG: Querying TASKS collection for completed_at between 2026-04-09T17:17:31+05:30 and 2026-04-10T17:17:31+05:30
2026/04/10 17:17:31 🔍 DEBUG: Query returned 0 task history records
2026/04/10 17:17:31 ✓ Retrieved 0 task history records and 0 worker stats
2026/04/10 17:17:31 ⚠️  Insufficient data (0 tasks < 2 required), using default parameters
2026/04/10 17:17:31 ✓ AOD parameters saved to /Users/codesmith28/personal/Projects/acc/BTEP/master/config/ga_output.json
2026/04/10 17:17:31 ✓ AOD parameters saved to MongoDB collection RTS_WEIGHTS
2026/04/10 17:17:31 ✅ AOD training cycle completed successfully
2026/04/10 17:17:58 ✓ RTS: Reloaded GA parameters from mongodb collection RTS_WEIGHTS
2026/04/10 17:18:28 ✓ RTS: Reloaded GA parameters from mongodb collection RTS_WEIGHTS
2026/04/10 17:18:31 🧬 Starting AOD training cycle...
2026/04/10 17:18:31 🧬 Starting AOD training cycle...
2026/04/10 17:18:31 📊 Fetching task history from 2026-04-09T17:18:31+05:30 to 2026-04-10T17:18:31+05:30
2026/04/10 17:18:31 🔍 DEBUG: Querying TASKS collection for completed_at between 2026-04-09T17:18:31+05:30 and 2026-04-10T17:18:31+05:30
2026/04/10 17:18:31 🔍 DEBUG: Query returned 0 task history records
2026/04/10 17:18:31 📊 Fetching worker stats from 2026-04-09T17:18:31+05:30 to 2026-04-10T17:18:31+05:30
2026/04/10 17:18:31 🔍 DEBUG: Querying TASKS collection for completed_at between 2026-04-09T17:18:31+05:30 and 2026-04-10T17:18:31+05:30
2026/04/10 17:18:31 🔍 DEBUG: Query returned 0 task history records
2026/04/10 17:18:31 ✓ Retrieved 0 task history records and 0 worker stats
2026/04/10 17:18:31 ⚠️  Insufficient data (0 tasks < 2 required), using default parameters
2026/04/10 17:18:31 ✓ AOD parameters saved to /Users/codesmith28/personal/Projects/acc/BTEP/master/config/ga_output.json
2026/04/10 17:18:31 ✓ AOD parameters saved to MongoDB collection RTS_WEIGHTS
2026/04/10 17:18:31 ✅ AOD training cycle completed successfully
2026/04/10 17:18:58 ✓ RTS: Reloaded GA parameters from mongodb collection RTS_WEIGHTS
2026/04/10 17:19:28 ✓ RTS: Reloaded GA parameters from mongodb collection RTS_WEIGHTS
2026/04/10 17:19:31 🧬 Starting AOD training cycle...
2026/04/10 17:19:31 🧬 Starting AOD training cycle...
2026/04/10 17:19:31 📊 Fetching task history from 2026-04-09T17:19:31+05:30 to 2026-04-10T17:19:31+05:30
2026/04/10 17:19:31 🔍 DEBUG: Querying TASKS collection for completed_at between 2026-04-09T17:19:31+05:30 and 2026-04-10T17:19:31+05:30
2026/04/10 17:19:31 🔍 DEBUG: Query returned 0 task history records
2026/04/10 17:19:31 📊 Fetching worker stats from 2026-04-09T17:19:31+05:30 to 2026-04-10T17:19:31+05:30
2026/04/10 17:19:31 🔍 DEBUG: Querying TASKS collection for completed_at between 2026-04-09T17:19:31+05:30 and 2026-04-10T17:19:31+05:30
2026/04/10 17:19:31 🔍 DEBUG: Query returned 0 task history records
2026/04/10 17:19:31 ✓ Retrieved 0 task history records and 0 worker stats
2026/04/10 17:19:31 ⚠️  Insufficient data (0 tasks < 2 required), using default parameters
2026/04/10 17:19:31 ✓ AOD parameters saved to /Users/codesmith28/personal/Projects/acc/BTEP/master/config/ga_output.json
2026/04/10 17:19:31 ✓ AOD parameters saved to MongoDB collection RTS_WEIGHTS
2026/04/10 17:19:31 ✅ AOD training cycle completed successfully
2026/04/10 17:19:58 ✓ RTS: Reloaded GA parameters from mongodb collection RTS_WEIGHTS
2026/04/10 17:20:28 ✓ RTS: Reloaded GA parameters from mongodb collection RTS_WEIGHTS
2026/04/10 17:20:31 🧬 Starting AOD training cycle...
2026/04/10 17:20:31 🧬 Starting AOD training cycle...
2026/04/10 17:20:31 📊 Fetching task history from 2026-04-09T17:20:31+05:30 to 2026-04-10T17:20:31+05:30
2026/04/10 17:20:31 🔍 DEBUG: Querying TASKS collection for completed_at between 2026-04-09T17:20:31+05:30 and 2026-04-10T17:20:31+05:30
2026/04/10 17:20:31 🔍 DEBUG: Query returned 0 task history records
2026/04/10 17:20:31 📊 Fetching worker stats from 2026-04-09T17:20:31+05:30 to 2026-04-10T17:20:31+05:30
2026/04/10 17:20:31 🔍 DEBUG: Querying TASKS collection for completed_at between 2026-04-09T17:20:31+05:30 and 2026-04-10T17:20:31+05:30
2026/04/10 17:20:31 🔍 DEBUG: Query returned 0 task history records
2026/04/10 17:20:31 ✓ Retrieved 0 task history records and 0 worker stats
2026/04/10 17:20:31 ⚠️  Insufficient data (0 tasks < 2 required), using default parameters
2026/04/10 17:20:31 ✓ AOD parameters saved to /Users/codesmith28/personal/Projects/acc/BTEP/master/config/ga_output.json
2026/04/10 17:20:31 ✓ AOD parameters saved to MongoDB collection RTS_WEIGHTS
2026/04/10 17:20:31 ✅ AOD training cycle completed successfully
2026/04/10 17:20:58 ✓ RTS: Reloaded GA parameters from mongodb collection RTS_WEIGHTS
2026/04/10 17:21:28 ✓ RTS: Reloaded GA parameters from mongodb collection RTS_WEIGHTS
2026/04/10 17:21:31 🧬 Starting AOD training cycle...
2026/04/10 17:21:31 🧬 Starting AOD training cycle...
2026/04/10 17:21:31 📊 Fetching task history from 2026-04-09T17:21:31+05:30 to 2026-04-10T17:21:31+05:30
2026/04/10 17:21:31 🔍 DEBUG: Querying TASKS collection for completed_at between 2026-04-09T17:21:31+05:30 and 2026-04-10T17:21:31+05:30
2026/04/10 17:21:31 🔍 DEBUG: Query returned 0 task history records
2026/04/10 17:21:31 📊 Fetching worker stats from 2026-04-09T17:21:31+05:30 to 2026-04-10T17:21:31+05:30
2026/04/10 17:21:31 🔍 DEBUG: Querying TASKS collection for completed_at between 2026-04-09T17:21:31+05:30 and 2026-04-10T17:21:31+05:30
2026/04/10 17:21:31 🔍 DEBUG: Query returned 0 task history records
2026/04/10 17:21:31 ✓ Retrieved 0 task history records and 0 worker stats
2026/04/10 17:21:31 ⚠️  Insufficient data (0 tasks < 2 required), using default parameters
2026/04/10 17:21:31 ✓ AOD parameters saved to /Users/codesmith28/personal/Projects/acc/BTEP/master/config/ga_output.json
2026/04/10 17:21:31 ✓ AOD parameters saved to MongoDB collection RTS_WEIGHTS
2026/04/10 17:21:31 ✅ AOD training cycle completed successfully
2026/04/10 17:21:58 ✓ RTS: Reloaded GA parameters from mongodb collection RTS_WEIGHTS
2026/04/10 17:22:28 ✓ RTS: Reloaded GA parameters from mongodb collection RTS_WEIGHTS
2026/04/10 17:22:31 🧬 Starting AOD training cycle...
2026/04/10 17:22:31 🧬 Starting AOD training cycle...
2026/04/10 17:22:31 📊 Fetching task history from 2026-04-09T17:22:31+05:30 to 2026-04-10T17:22:31+05:30
2026/04/10 17:22:31 🔍 DEBUG: Querying TASKS collection for completed_at between 2026-04-09T17:22:31+05:30 and 2026-04-10T17:22:31+05:30
2026/04/10 17:22:31 🔍 DEBUG: Query returned 0 task history records
2026/04/10 17:22:31 📊 Fetching worker stats from 2026-04-09T17:22:31+05:30 to 2026-04-10T17:22:31+05:30
2026/04/10 17:22:31 🔍 DEBUG: Querying TASKS collection for completed_at between 2026-04-09T17:22:31+05:30 and 2026-04-10T17:22:31+05:30
2026/04/10 17:22:31 🔍 DEBUG: Query returned 0 task history records
2026/04/10 17:22:31 ✓ Retrieved 0 task history records and 0 worker stats
2026/04/10 17:22:31 ⚠️  Insufficient data (0 tasks < 2 required), using default parameters
2026/04/10 17:22:31 ✓ AOD parameters saved to /Users/codesmith28/personal/Projects/acc/BTEP/master/config/ga_output.json
2026/04/10 17:22:31 ✓ AOD parameters saved to MongoDB collection RTS_WEIGHTS
2026/04/10 17:22:31 ✅ AOD training cycle completed successfully
2026/04/10 17:22:58 ✓ RTS: Reloaded GA parameters from mongodb collection RTS_WEIGHTS
2026/04/10 17:23:28 ✓ RTS: Reloaded GA parameters from mongodb collection RTS_WEIGHTS
2026/04/10 17:23:31 🧬 Starting AOD training cycle...
2026/04/10 17:23:31 🧬 Starting AOD training cycle...
2026/04/10 17:23:31 📊 Fetching task history from 2026-04-09T17:23:31+05:30 to 2026-04-10T17:23:31+05:30
2026/04/10 17:23:31 🔍 DEBUG: Querying TASKS collection for completed_at between 2026-04-09T17:23:31+05:30 and 2026-04-10T17:23:31+05:30
2026/04/10 17:23:31 🔍 DEBUG: Query returned 0 task history records
2026/04/10 17:23:31 📊 Fetching worker stats from 2026-04-09T17:23:31+05:30 to 2026-04-10T17:23:31+05:30
2026/04/10 17:23:31 🔍 DEBUG: Querying TASKS collection for completed_at between 2026-04-09T17:23:31+05:30 and 2026-04-10T17:23:31+05:30
2026/04/10 17:23:31 🔍 DEBUG: Query returned 0 task history records
2026/04/10 17:23:31 ✓ Retrieved 0 task history records and 0 worker stats
2026/04/10 17:23:31 ⚠️  Insufficient data (0 tasks < 2 required), using default parameters
2026/04/10 17:23:31 ✓ AOD parameters saved to /Users/codesmith28/personal/Projects/acc/BTEP/master/config/ga_output.json
2026/04/10 17:23:31 ✓ AOD parameters saved to MongoDB collection RTS_WEIGHTS
2026/04/10 17:23:31 ✅ AOD training cycle completed successfully
2026/04/10 17:23:58 ✓ RTS: Reloaded GA parameters from mongodb collection RTS_WEIGHTS
2026/04/10 17:24:28 ✓ RTS: Reloaded GA parameters from mongodb collection RTS_WEIGHTS
2026/04/10 17:24:31 🧬 Starting AOD training cycle...
2026/04/10 17:24:31 🧬 Starting AOD training cycle...
2026/04/10 17:24:31 📊 Fetching task history from 2026-04-09T17:24:31+05:30 to 2026-04-10T17:24:31+05:30
2026/04/10 17:24:31 🔍 DEBUG: Querying TASKS collection for completed_at between 2026-04-09T17:24:31+05:30 and 2026-04-10T17:24:31+05:30
2026/04/10 17:24:31 🔍 DEBUG: Query returned 0 task history records
2026/04/10 17:24:31 📊 Fetching worker stats from 2026-04-09T17:24:31+05:30 to 2026-04-10T17:24:31+05:30
2026/04/10 17:24:31 🔍 DEBUG: Querying TASKS collection for completed_at between 2026-04-09T17:24:31+05:30 and 2026-04-10T17:24:31+05:30
2026/04/10 17:24:31 🔍 DEBUG: Query returned 0 task history records
2026/04/10 17:24:31 ✓ Retrieved 0 task history records and 0 worker stats
2026/04/10 17:24:31 ⚠️  Insufficient data (0 tasks < 2 required), using default parameters
2026/04/10 17:24:31 ✓ AOD parameters saved to /Users/codesmith28/personal/Projects/acc/BTEP/master/config/ga_output.json
2026/04/10 17:24:31 ✓ AOD parameters saved to MongoDB collection RTS_WEIGHTS
2026/04/10 17:24:31 ✅ AOD training cycle completed successfully
2026/04/10 17:24:58 ✓ RTS: Reloaded GA parameters from mongodb collection RTS_WEIGHTS
2026/04/10 17:25:28 ✓ RTS: Reloaded GA parameters from mongodb collection RTS_WEIGHTS
2026/04/10 17:25:31 🧬 Starting AOD training cycle...
2026/04/10 17:25:31 🧬 Starting AOD training cycle...
2026/04/10 17:25:31 📊 Fetching task history from 2026-04-09T17:25:31+05:30 to 2026-04-10T17:25:31+05:30
2026/04/10 17:25:31 🔍 DEBUG: Querying TASKS collection for completed_at between 2026-04-09T17:25:31+05:30 and 2026-04-10T17:25:31+05:30
2026/04/10 17:25:31 🔍 DEBUG: Query returned 0 task history records
2026/04/10 17:25:31 📊 Fetching worker stats from 2026-04-09T17:25:31+05:30 to 2026-04-10T17:25:31+05:30
2026/04/10 17:25:31 🔍 DEBUG: Querying TASKS collection for completed_at between 2026-04-09T17:25:31+05:30 and 2026-04-10T17:25:31+05:30
2026/04/10 17:25:31 🔍 DEBUG: Query returned 0 task history records
2026/04/10 17:25:31 ✓ Retrieved 0 task history records and 0 worker stats
2026/04/10 17:25:31 ⚠️  Insufficient data (0 tasks < 2 required), using default parameters
2026/04/10 17:25:31 ✓ AOD parameters saved to /Users/codesmith28/personal/Projects/acc/BTEP/master/config/ga_output.json
2026/04/10 17:25:31 ✓ AOD parameters saved to MongoDB collection RTS_WEIGHTS
2026/04/10 17:25:31 ✅ AOD training cycle completed successfully
2026/04/10 17:25:58 ✓ RTS: Reloaded GA parameters from mongodb collection RTS_WEIGHTS
2026/04/10 17:26:28 ✓ RTS: Reloaded GA parameters from mongodb collection RTS_WEIGHTS
2026/04/10 17:26:31 🧬 Starting AOD training cycle...
2026/04/10 17:26:31 🧬 Starting AOD training cycle...
2026/04/10 17:26:31 📊 Fetching task history from 2026-04-09T17:26:31+05:30 to 2026-04-10T17:26:31+05:30
2026/04/10 17:26:31 🔍 DEBUG: Querying TASKS collection for completed_at between 2026-04-09T17:26:31+05:30 and 2026-04-10T17:26:31+05:30
2026/04/10 17:26:31 🔍 DEBUG: Query returned 0 task history records
2026/04/10 17:26:31 📊 Fetching worker stats from 2026-04-09T17:26:31+05:30 to 2026-04-10T17:26:31+05:30
2026/04/10 17:26:31 🔍 DEBUG: Querying TASKS collection for completed_at between 2026-04-09T17:26:31+05:30 and 2026-04-10T17:26:31+05:30
2026/04/10 17:26:31 🔍 DEBUG: Query returned 0 task history records
2026/04/10 17:26:31 ✓ Retrieved 0 task history records and 0 worker stats
2026/04/10 17:26:31 ⚠️  Insufficient data (0 tasks < 2 required), using default parameters
2026/04/10 17:26:31 ✓ AOD parameters saved to /Users/codesmith28/personal/Projects/acc/BTEP/master/config/ga_output.json
2026/04/10 17:26:31 ✓ AOD parameters saved to MongoDB collection RTS_WEIGHTS
2026/04/10 17:26:31 ✅ AOD training cycle completed successfully
2026/04/10 17:26:58 ✓ RTS: Reloaded GA parameters from mongodb collection RTS_WEIGHTS
2026/04/10 17:27:28 ✓ RTS: Reloaded GA parameters from mongodb collection RTS_WEIGHTS
2026/04/10 17:27:31 🧬 Starting AOD training cycle...
2026/04/10 17:27:31 🧬 Starting AOD training cycle...
2026/04/10 17:27:31 📊 Fetching task history from 2026-04-09T17:27:31+05:30 to 2026-04-10T17:27:31+05:30
2026/04/10 17:27:31 🔍 DEBUG: Querying TASKS collection for completed_at between 2026-04-09T17:27:31+05:30 and 2026-04-10T17:27:31+05:30
2026/04/10 17:27:31 🔍 DEBUG: Query returned 0 task history records
2026/04/10 17:27:31 📊 Fetching worker stats from 2026-04-09T17:27:31+05:30 to 2026-04-10T17:27:31+05:30
2026/04/10 17:27:31 🔍 DEBUG: Querying TASKS collection for completed_at between 2026-04-09T17:27:31+05:30 and 2026-04-10T17:27:31+05:30
2026/04/10 17:27:31 🔍 DEBUG: Query returned 0 task history records
2026/04/10 17:27:31 ✓ Retrieved 0 task history records and 0 worker stats
2026/04/10 17:27:31 ⚠️  Insufficient data (0 tasks < 2 required), using default parameters
2026/04/10 17:27:31 ✓ AOD parameters saved to /Users/codesmith28/personal/Projects/acc/BTEP/master/config/ga_output.json
2026/04/10 17:27:31 ✓ AOD parameters saved to MongoDB collection RTS_WEIGHTS
2026/04/10 17:27:31 ✅ AOD training cycle completed successfully
2026/04/10 17:27:58 ✓ RTS: Reloaded GA parameters from mongodb collection RTS_WEIGHTS
2026/04/10 17:28:28 ✓ RTS: Reloaded GA parameters from mongodb collection RTS_WEIGHTS
2026/04/10 17:28:31 🧬 Starting AOD training cycle...
2026/04/10 17:28:31 🧬 Starting AOD training cycle...
2026/04/10 17:28:31 📊 Fetching task history from 2026-04-09T17:28:31+05:30 to 2026-04-10T17:28:31+05:30
2026/04/10 17:28:31 🔍 DEBUG: Querying TASKS collection for completed_at between 2026-04-09T17:28:31+05:30 and 2026-04-10T17:28:31+05:30
2026/04/10 17:28:31 🔍 DEBUG: Query returned 0 task history records
2026/04/10 17:28:31 📊 Fetching worker stats from 2026-04-09T17:28:31+05:30 to 2026-04-10T17:28:31+05:30
2026/04/10 17:28:31 🔍 DEBUG: Querying TASKS collection for completed_at between 2026-04-09T17:28:31+05:30 and 2026-04-10T17:28:31+05:30
2026/04/10 17:28:31 🔍 DEBUG: Query returned 0 task history records
2026/04/10 17:28:31 ✓ Retrieved 0 task history records and 0 worker stats
2026/04/10 17:28:31 ⚠️  Insufficient data (0 tasks < 2 required), using default parameters
2026/04/10 17:28:31 ✓ AOD parameters saved to /Users/codesmith28/personal/Projects/acc/BTEP/master/config/ga_output.json
2026/04/10 17:28:31 ✓ AOD parameters saved to MongoDB collection RTS_WEIGHTS
2026/04/10 17:28:31 ✅ AOD training cycle completed successfully
2026/04/10 17:28:58 ✓ RTS: Reloaded GA parameters from mongodb collection RTS_WEIGHTS
2026/04/10 17:29:28 ✓ RTS: Reloaded GA parameters from mongodb collection RTS_WEIGHTS
2026/04/10 17:29:31 🧬 Starting AOD training cycle...
2026/04/10 17:29:31 🧬 Starting AOD training cycle...
2026/04/10 17:29:31 📊 Fetching task history from 2026-04-09T17:29:31+05:30 to 2026-04-10T17:29:31+05:30
2026/04/10 17:29:31 🔍 DEBUG: Querying TASKS collection for completed_at between 2026-04-09T17:29:31+05:30 and 2026-04-10T17:29:31+05:30
2026/04/10 17:29:31 🔍 DEBUG: Query returned 0 task history records
2026/04/10 17:29:31 📊 Fetching worker stats from 2026-04-09T17:29:31+05:30 to 2026-04-10T17:29:31+05:30
2026/04/10 17:29:31 🔍 DEBUG: Querying TASKS collection for completed_at between 2026-04-09T17:29:31+05:30 and 2026-04-10T17:29:31+05:30
2026/04/10 17:29:31 🔍 DEBUG: Query returned 0 task history records
2026/04/10 17:29:31 ✓ Retrieved 0 task history records and 0 worker stats
2026/04/10 17:29:31 ⚠️  Insufficient data (0 tasks < 2 required), using default parameters
2026/04/10 17:29:31 ✓ AOD parameters saved to /Users/codesmith28/personal/Projects/acc/BTEP/master/config/ga_output.json
2026/04/10 17:29:31 ✓ AOD parameters saved to MongoDB collection RTS_WEIGHTS
2026/04/10 17:29:31 ✅ AOD training cycle completed successfully
2026/04/10 17:29:44 

Shutting down master node...
2026/04/10 17:29:44 ✓ Task queue processor stopped
2026/04/10 17:29:44 Shutting down WebSocket telemetry server...
2026/04/10 17:29:44 🛑 Worker reconnection monitor stopped
2026/04/10 17:29:44 Shutting down telemetry manager...
2026/04/10 17:29:44 Telemetry manager shutdown complete
2026/04/10 17:29:44 ⏹️  Shutting down RTS scheduler...
2026/04/10 17:29:44 ⏹️  Shutting down PPO scheduler client...
2026/04/10 17:29:44 ✓ Master node shutdown complete
