2026/04/10 09:01:23 ═══════════════════════════════════════════════════════
2026/04/10 09:01:23   CloudAI Worker Node - Starting...
2026/04/10 09:01:23 ═══════════════════════════════════════════════════════
2026/04/10 09:01:23 ⚠️  Using user directory (no /var/cloudai access): /Users/codesmith28/.cloudai/outputs
2026/04/10 09:01:23 
2026/04/10 09:01:23 ═══════════════════════════════════════════════════════
2026/04/10 09:01:23   Worker Details (use these to register with master):
2026/04/10 09:01:23 ═══════════════════════════════════════════════════════
2026/04/10 09:01:23   Hostname:       Thea
2026/04/10 09:01:23   Worker ID:      ppo-worker-1
2026/04/10 09:01:23   Bind Address:   127.0.0.1:61152
2026/04/10 09:01:23   Reachable Addr: 10.237.185.229:61152
2026/04/10 09:01:23   Metrics Port:   21111
2026/04/10 09:01:23 ═══════════════════════════════════════════════════════
2026/04/10 09:01:23 
2026/04/10 09:01:23 To register this worker, run in master CLI:
2026/04/10 09:01:23   master> register ppo-worker-1 10.237.185.229:61152
2026/04/10 09:01:23 
2026/04/10 09:01:23 ═══════════════════════════════════════════════════════
2026/04/10 09:01:23 Starting telemetry monitor (interval: 5s)
2026/04/10 09:01:23 ✓ Metrics server listening on 127.0.0.1:21111
2026/04/10 09:01:23 ✓ Worker ppo-worker-1 started successfully
2026/04/10 09:01:23 ✓ gRPC server listening on 127.0.0.1:61152
2026/04/10 09:01:23 ✓ Ready to receive master registration...
2026/04/10 09:01:23 ✓ Waiting for tasks...
2026/04/10 09:56:58 Master registration request from: master-1 (127.0.0.1:61051)
2026/04/10 09:56:58 Updated master address to: 127.0.0.1:61051
2026/04/10 09:56:58 Registering worker ppo-worker-1 with master at 127.0.0.1:61051
2026/04/10 09:56:58 Detected System Resources:
2026/04/10 09:56:58   CPU:     12.00 cores
2026/04/10 09:56:58   Memory:  24.00 GB
2026/04/10 09:56:58   Storage: 460.43 GB
2026/04/10 09:56:58 ✓ Successfully registered with master: Worker registered successfully
2026/04/10 09:57:03 Heartbeat sent: CPU=12.4%, Memory=68.8%, Storage=75.4%, Tasks=0
2026/04/10 09:57:08 Heartbeat sent: CPU=12.8%, Memory=68.6%, Storage=75.4%, Tasks=0
2026/04/10 09:57:13 Heartbeat sent: CPU=13.4%, Memory=68.2%, Storage=75.4%, Tasks=0
2026/04/10 09:57:18 Heartbeat sent: CPU=14.9%, Memory=68.1%, Storage=75.4%, Tasks=0
2026/04/10 09:57:23 Heartbeat sent: CPU=12.8%, Memory=67.8%, Storage=75.4%, Tasks=0
2026/04/10 09:57:28 Heartbeat sent: CPU=18.0%, Memory=68.2%, Storage=75.4%, Tasks=0
2026/04/10 09:57:33 Heartbeat sent: CPU=8.3%, Memory=68.2%, Storage=75.4%, Tasks=0
2026/04/10 09:57:38 Heartbeat sent: CPU=9.8%, Memory=68.3%, Storage=75.4%, Tasks=0
2026/04/10 09:57:43 Heartbeat sent: CPU=8.6%, Memory=68.2%, Storage=75.4%, Tasks=0
2026/04/10 09:57:48 Heartbeat sent: CPU=12.5%, Memory=68.1%, Storage=75.4%, Tasks=0
2026/04/10 09:57:53 Heartbeat sent: CPU=13.4%, Memory=68.2%, Storage=75.4%, Tasks=0
2026/04/10 09:57:54  
2026/04/10 09:57:54 ═══════════════════════════════════════════════════════
2026/04/10 09:57:54   📥 TASK RECEIVED FROM MASTER
2026/04/10 09:57:54 ═══════════════════════════════════════════════════════
2026/04/10 09:57:54   Task ID:           task-1775795274804254000
2026/04/10 09:57:54   Docker Image:      busybox:1.36
2026/04/10 09:57:54   Command:           sh -c "echo PPO_POS_TASK1 && sleep 1"
2026/04/10 09:57:54   Target Worker:     ppo-worker-1
2026/04/10 09:57:54 ───────────────────────────────────────────────────────
2026/04/10 09:57:54   System Requirements:
2026/04/10 09:57:54     • CPU Cores:     0.20 cores
2026/04/10 09:57:54     • Memory:        0.20 GB
2026/04/10 09:57:54     • Storage:       1.00 GB
2026/04/10 09:57:54 ═══════════════════════════════════════════════════════
2026/04/10 09:57:54   ✓ Task accepted - Starting execution...
2026/04/10 09:57:54 ═══════════════════════════════════════════════════════
2026/04/10 09:57:54 
2026/04/10 09:57:54 Task task-1775795274804254000 added to monitoring (total tasks: 1)
2026/04/10 09:57:54 [Task task-1775795274804254000] Starting execution...
2026/04/10 09:57:54 [Task task-1775795274804254000] Pulling image: busybox:1.36
2026/04/10 09:57:58 Heartbeat sent: CPU=13.2%, Memory=68.3%, Storage=75.4%, Tasks=1
2026/04/10 09:57:59  
2026/04/10 09:57:59 ═══════════════════════════════════════════════════════
2026/04/10 09:57:59   📥 TASK RECEIVED FROM MASTER
2026/04/10 09:57:59 ═══════════════════════════════════════════════════════
2026/04/10 09:57:59   Task ID:           task-1775795274849903000
2026/04/10 09:57:59   Docker Image:      busybox:1.36
2026/04/10 09:57:59   Command:           sh -c "echo PPO_POS_TASK2 && sleep 1"
2026/04/10 09:57:59   Target Worker:     ppo-worker-1
2026/04/10 09:57:59 ───────────────────────────────────────────────────────
2026/04/10 09:57:59   System Requirements:
2026/04/10 09:57:59     • CPU Cores:     0.20 cores
2026/04/10 09:57:59     • Memory:        0.20 GB
2026/04/10 09:57:59     • Storage:       1.00 GB
2026/04/10 09:57:59 ═══════════════════════════════════════════════════════
2026/04/10 09:57:59   ✓ Task accepted - Starting execution...
2026/04/10 09:57:59 ═══════════════════════════════════════════════════════
2026/04/10 09:57:59 
2026/04/10 09:57:59 Task task-1775795274849903000 added to monitoring (total tasks: 2)
2026/04/10 09:57:59 [Task task-1775795274849903000] Starting execution...
2026/04/10 09:57:59 [Task task-1775795274849903000] Pulling image: busybox:1.36
2026/04/10 09:58:02 [Task task-1775795274804254000] Creating container with resource limits (CPU: 0.20, Memory: 0.20GB)...
2026/04/10 09:58:02 [Task task-1775795274804254000] ✓ Created secure output directory: /Users/codesmith28/.cloudai/outputs/task-1775795274804254000
2026/04/10 09:58:02 [Task task-1775795274804254000] Starting container: 31bf909bff13
2026/04/10 09:58:02 [Task task-1775795274849903000] Creating container with resource limits (CPU: 0.20, Memory: 0.20GB)...
2026/04/10 09:58:02 [Task task-1775795274849903000] ✓ Created secure output directory: /Users/codesmith28/.cloudai/outputs/task-1775795274849903000
2026/04/10 09:58:02 [Task task-1775795274849903000] Starting container: 3231d4b14888
2026/04/10 09:58:03 Heartbeat sent: CPU=33.9%, Memory=69.5%, Storage=75.4%, Tasks=2
2026/04/10 09:58:03 [Task task-1775795274804254000] Waiting for completion...
2026/04/10 09:58:03 [Task task-1775795274804254000] ✓ Completed successfully
2026/04/10 09:58:03  
2026/04/10 09:58:03 ═══════════════════════════════════════════════════════
2026/04/10 09:58:03   ✅ TASK COMPLETED SUCCESSFULLY
2026/04/10 09:58:03 ═══════════════════════════════════════════════════════
2026/04/10 09:58:03   Task ID:           task-1775795274804254000
2026/04/10 09:58:03   Docker Image:      busybox:1.36
2026/04/10 09:58:03   Command:           sh -c "echo PPO_POS_TASK1 && sleep 1"
2026/04/10 09:58:03   Exit Code:         0
2026/04/10 09:58:03 ───────────────────────────────────────────────────────
2026/04/10 09:58:03   Resources Released:
2026/04/10 09:58:03     • CPU Cores:     0.20 cores
2026/04/10 09:58:03     • Memory:        0.20 GB
2026/04/10 09:58:03 ═══════════════════════════════════════════════════════
2026/04/10 09:58:03 
2026/04/10 09:58:03 Task task-1775795274804254000 removed from monitoring (total tasks: 1)
2026/04/10 09:58:03 ✓ Task result reported: Task result received and processed
2026/04/10 09:58:03 [Task task-1775795274849903000] Waiting for completion...
2026/04/10 09:58:03 [Task task-1775795274849903000] ✓ Completed successfully
2026/04/10 09:58:03  
2026/04/10 09:58:03 ═══════════════════════════════════════════════════════
2026/04/10 09:58:03   ✅ TASK COMPLETED SUCCESSFULLY
2026/04/10 09:58:03 ═══════════════════════════════════════════════════════
2026/04/10 09:58:03   Task ID:           task-1775795274849903000
2026/04/10 09:58:03   Docker Image:      busybox:1.36
2026/04/10 09:58:03   Command:           sh -c "echo PPO_POS_TASK2 && sleep 1"
2026/04/10 09:58:03   Exit Code:         0
2026/04/10 09:58:03 ───────────────────────────────────────────────────────
2026/04/10 09:58:03   Resources Released:
2026/04/10 09:58:03     • CPU Cores:     0.20 cores
2026/04/10 09:58:03     • Memory:        0.20 GB
2026/04/10 09:58:03 ═══════════════════════════════════════════════════════
2026/04/10 09:58:03 
2026/04/10 09:58:03 Task task-1775795274849903000 removed from monitoring (total tasks: 0)
2026/04/10 09:58:03 ✓ Task result reported: Task result received and processed
2026/04/10 09:58:08 Heartbeat sent: CPU=33.8%, Memory=68.6%, Storage=75.4%, Tasks=0
2026/04/10 10:14:57 Heartbeat sent: CPU=38.6%, Memory=68.9%, Storage=75.4%, Tasks=0
2026/04/10 10:15:49 Heartbeat sent: CPU=17.1%, Memory=68.8%, Storage=75.4%, Tasks=0
2026/04/10 10:15:54 Heartbeat sent: CPU=14.8%, Memory=68.4%, Storage=75.4%, Tasks=0
2026/04/10 10:29:23 Heartbeat sent: CPU=31.3%, Memory=69.3%, Storage=75.4%, Tasks=0
2026/04/10 10:29:28 Heartbeat sent: CPU=46.1%, Memory=69.6%, Storage=75.4%, Tasks=0
2026/04/10 10:29:33 Heartbeat sent: CPU=21.8%, Memory=69.8%, Storage=75.4%, Tasks=0
2026/04/10 10:29:38 Heartbeat sent: CPU=34.3%, Memory=69.3%, Storage=75.4%, Tasks=0
2026/04/10 10:29:43 Heartbeat sent: CPU=26.2%, Memory=68.3%, Storage=75.4%, Tasks=0
2026/04/10 10:29:48 Heartbeat sent: CPU=25.9%, Memory=67.7%, Storage=75.4%, Tasks=0
2026/04/10 10:29:53 Heartbeat sent: CPU=15.0%, Memory=68.1%, Storage=75.4%, Tasks=0
2026/04/10 10:29:58 Heartbeat sent: CPU=11.0%, Memory=67.9%, Storage=75.4%, Tasks=0
2026/04/10 10:30:03 Heartbeat sent: CPU=13.5%, Memory=67.8%, Storage=75.4%, Tasks=0
2026/04/10 10:30:08 Heartbeat sent: CPU=13.6%, Memory=68.5%, Storage=75.4%, Tasks=0
2026/04/10 10:30:13 Heartbeat sent: CPU=12.9%, Memory=68.0%, Storage=75.4%, Tasks=0
2026/04/10 10:30:18 Heartbeat sent: CPU=9.8%, Memory=67.8%, Storage=75.4%, Tasks=0
2026/04/10 10:30:23 Heartbeat sent: CPU=11.5%, Memory=67.6%, Storage=75.4%, Tasks=0
2026/04/10 10:30:28 Heartbeat sent: CPU=17.6%, Memory=68.7%, Storage=75.4%, Tasks=0
2026/04/10 10:30:33 Heartbeat sent: CPU=30.7%, Memory=71.0%, Storage=75.4%, Tasks=0
2026/04/10 10:30:38 Heartbeat sent: CPU=15.6%, Memory=64.6%, Storage=75.4%, Tasks=0
2026/04/10 10:30:43 Heartbeat sent: CPU=21.6%, Memory=67.8%, Storage=75.4%, Tasks=0
2026/04/10 10:30:48 Heartbeat sent: CPU=27.7%, Memory=67.6%, Storage=75.4%, Tasks=0
2026/04/10 10:30:53 Heartbeat sent: CPU=50.5%, Memory=71.3%, Storage=75.4%, Tasks=0
2026/04/10 10:30:58 Heartbeat sent: CPU=15.0%, Memory=68.2%, Storage=75.4%, Tasks=0
2026/04/10 10:31:03 Heartbeat sent: CPU=11.4%, Memory=67.9%, Storage=75.4%, Tasks=0
2026/04/10 10:31:08 Heartbeat sent: CPU=11.5%, Memory=67.5%, Storage=75.4%, Tasks=0
2026/04/10 10:31:13 Heartbeat sent: CPU=17.5%, Memory=69.0%, Storage=75.4%, Tasks=0
2026/04/10 10:31:18 Heartbeat sent: CPU=14.9%, Memory=68.1%, Storage=75.4%, Tasks=0
2026/04/10 10:31:23 Heartbeat sent: CPU=15.3%, Memory=67.6%, Storage=75.4%, Tasks=0
2026/04/10 10:31:28 Heartbeat sent: CPU=23.4%, Memory=68.7%, Storage=75.4%, Tasks=0
2026/04/10 10:31:33 Heartbeat sent: CPU=19.7%, Memory=69.6%, Storage=75.4%, Tasks=0
2026/04/10 10:31:38 Heartbeat sent: CPU=17.1%, Memory=70.1%, Storage=75.4%, Tasks=0
2026/04/10 10:31:43 Heartbeat sent: CPU=10.0%, Memory=67.7%, Storage=75.4%, Tasks=0
2026/04/10 10:31:48 Heartbeat sent: CPU=9.2%, Memory=67.2%, Storage=75.4%, Tasks=0
2026/04/10 10:31:53 Heartbeat sent: CPU=12.9%, Memory=67.6%, Storage=75.4%, Tasks=0
2026/04/10 10:31:58 Heartbeat sent: CPU=17.7%, Memory=67.6%, Storage=75.4%, Tasks=0
2026/04/10 10:32:03 Heartbeat sent: CPU=9.9%, Memory=67.4%, Storage=75.4%, Tasks=0
2026/04/10 10:32:08 Heartbeat sent: CPU=8.1%, Memory=67.1%, Storage=75.4%, Tasks=0
2026/04/10 10:32:13 Heartbeat sent: CPU=9.2%, Memory=67.0%, Storage=75.4%, Tasks=0
2026/04/10 10:32:18 Heartbeat sent: CPU=8.8%, Memory=67.0%, Storage=75.4%, Tasks=0
2026/04/10 10:32:23 Heartbeat sent: CPU=12.7%, Memory=67.0%, Storage=75.4%, Tasks=0
2026/04/10 10:32:28 Heartbeat sent: CPU=9.8%, Memory=67.4%, Storage=75.4%, Tasks=0
2026/04/10 10:32:33 Heartbeat sent: CPU=8.9%, Memory=67.4%, Storage=75.4%, Tasks=0
2026/04/10 10:32:38 Heartbeat sent: CPU=17.3%, Memory=67.0%, Storage=75.4%, Tasks=0
2026/04/10 10:32:43 Heartbeat sent: CPU=8.9%, Memory=67.1%, Storage=75.4%, Tasks=0
2026/04/10 10:32:48 Heartbeat sent: CPU=12.4%, Memory=67.1%, Storage=75.4%, Tasks=0
2026/04/10 10:32:53 Heartbeat sent: CPU=10.1%, Memory=67.3%, Storage=75.4%, Tasks=0
2026/04/10 10:32:58 Heartbeat sent: CPU=8.5%, Memory=67.2%, Storage=75.4%, Tasks=0
2026/04/10 10:33:03 Heartbeat sent: CPU=17.4%, Memory=68.0%, Storage=75.4%, Tasks=0
2026/04/10 10:33:08 Heartbeat sent: CPU=9.0%, Memory=67.2%, Storage=75.4%, Tasks=0
2026/04/10 10:33:13 Heartbeat sent: CPU=12.1%, Memory=67.2%, Storage=75.4%, Tasks=0
2026/04/10 10:33:18 Heartbeat sent: CPU=10.7%, Memory=67.2%, Storage=75.4%, Tasks=0
2026/04/10 10:33:23 Heartbeat sent: CPU=10.0%, Memory=67.2%, Storage=75.4%, Tasks=0
2026/04/10 10:33:28 Heartbeat sent: CPU=9.4%, Memory=67.2%, Storage=75.4%, Tasks=0
2026/04/10 10:33:33 Heartbeat sent: CPU=13.9%, Memory=70.7%, Storage=75.4%, Tasks=0
2026/04/10 10:33:38 Heartbeat sent: CPU=15.3%, Memory=69.8%, Storage=75.4%, Tasks=0
2026/04/10 10:33:43 Heartbeat sent: CPU=19.5%, Memory=68.4%, Storage=75.4%, Tasks=0
2026/04/10 10:33:48 Heartbeat sent: CPU=12.1%, Memory=68.1%, Storage=75.4%, Tasks=0
2026/04/10 10:33:53 Heartbeat sent: CPU=16.0%, Memory=69.1%, Storage=75.4%, Tasks=0
2026/04/10 10:33:58 Heartbeat sent: CPU=13.1%, Memory=68.6%, Storage=75.4%, Tasks=0
2026/04/10 10:34:03 Heartbeat sent: CPU=17.3%, Memory=69.4%, Storage=75.4%, Tasks=0
2026/04/10 10:34:08 Heartbeat sent: CPU=19.9%, Memory=68.4%, Storage=75.4%, Tasks=0
2026/04/10 10:34:13 Heartbeat sent: CPU=32.7%, Memory=69.1%, Storage=75.4%, Tasks=0
2026/04/10 10:34:18 Heartbeat sent: CPU=17.2%, Memory=68.9%, Storage=75.4%, Tasks=0
2026/04/10 10:34:23 Heartbeat sent: CPU=25.3%, Memory=67.8%, Storage=75.4%, Tasks=0
2026/04/10 10:34:28 Heartbeat sent: CPU=24.5%, Memory=69.9%, Storage=75.4%, Tasks=0
2026/04/10 10:34:33 Heartbeat sent: CPU=60.1%, Memory=68.2%, Storage=75.4%, Tasks=0
2026/04/10 10:34:38 Heartbeat sent: CPU=25.2%, Memory=68.8%, Storage=75.4%, Tasks=0
2026/04/10 10:34:43 Heartbeat sent: CPU=25.6%, Memory=68.0%, Storage=75.4%, Tasks=0
2026/04/10 10:34:48 Heartbeat sent: CPU=20.8%, Memory=67.8%, Storage=75.4%, Tasks=0
2026/04/10 10:34:53 Heartbeat sent: CPU=18.2%, Memory=66.2%, Storage=75.4%, Tasks=0
2026/04/10 10:34:58 Heartbeat sent: CPU=18.5%, Memory=66.9%, Storage=75.4%, Tasks=0
2026/04/10 10:35:03 Heartbeat sent: CPU=18.9%, Memory=66.2%, Storage=75.4%, Tasks=0
2026/04/10 10:35:08 Heartbeat sent: CPU=22.4%, Memory=67.4%, Storage=75.4%, Tasks=0
2026/04/10 10:35:13 Heartbeat sent: CPU=24.0%, Memory=66.1%, Storage=75.4%, Tasks=0
2026/04/10 10:35:14  
2026/04/10 10:35:14 ═══════════════════════════════════════════════════════
2026/04/10 10:35:14   📥 TASK RECEIVED FROM MASTER
2026/04/10 10:35:14 ═══════════════════════════════════════════════════════
2026/04/10 10:35:14   Task ID:           task-1775797513400841000
2026/04/10 10:35:14   Docker Image:      busybox:1.36
2026/04/10 10:35:14   Command:           sh -c "echo PPO_NEG_TASK && sleep 1"
2026/04/10 10:35:14   Target Worker:     ppo-worker-1
2026/04/10 10:35:14 ───────────────────────────────────────────────────────
2026/04/10 10:35:14   System Requirements:
2026/04/10 10:35:14     • CPU Cores:     0.20 cores
2026/04/10 10:35:14     • Memory:        0.20 GB
2026/04/10 10:35:14     • Storage:       1.00 GB
2026/04/10 10:35:14 ═══════════════════════════════════════════════════════
2026/04/10 10:35:14   ✓ Task accepted - Starting execution...
2026/04/10 10:35:14 ═══════════════════════════════════════════════════════
2026/04/10 10:35:14 
2026/04/10 10:35:14 Task task-1775797513400841000 added to monitoring (total tasks: 1)
2026/04/10 10:35:14 [Task task-1775797513400841000] Starting execution...
2026/04/10 10:35:14 [Task task-1775797513400841000] Pulling image: busybox:1.36
2026/04/10 10:35:17 [Task task-1775797513400841000] Creating container with resource limits (CPU: 0.20, Memory: 0.20GB)...
2026/04/10 10:35:17 [Task task-1775797513400841000] ✓ Created secure output directory: /Users/codesmith28/.cloudai/outputs/task-1775797513400841000
2026/04/10 10:35:17 [Task task-1775797513400841000] Starting container: d75d5d945ad5
2026/04/10 10:35:18 Heartbeat sent: CPU=31.3%, Memory=66.6%, Storage=75.4%, Tasks=1
2026/04/10 10:35:18 [Task task-1775797513400841000] Waiting for completion...
2026/04/10 10:35:18 [Task task-1775797513400841000] ✓ Completed successfully
2026/04/10 10:35:18  
2026/04/10 10:35:18 ═══════════════════════════════════════════════════════
2026/04/10 10:35:18   ✅ TASK COMPLETED SUCCESSFULLY
2026/04/10 10:35:18 ═══════════════════════════════════════════════════════
2026/04/10 10:35:18   Task ID:           task-1775797513400841000
2026/04/10 10:35:18   Docker Image:      busybox:1.36
2026/04/10 10:35:18   Command:           sh -c "echo PPO_NEG_TASK && sleep 1"
2026/04/10 10:35:18   Exit Code:         0
2026/04/10 10:35:18 ───────────────────────────────────────────────────────
2026/04/10 10:35:18   Resources Released:
2026/04/10 10:35:18     • CPU Cores:     0.20 cores
2026/04/10 10:35:18     • Memory:        0.20 GB
2026/04/10 10:35:18 ═══════════════════════════════════════════════════════
2026/04/10 10:35:18 
2026/04/10 10:35:18 Task task-1775797513400841000 removed from monitoring (total tasks: 0)
2026/04/10 10:35:18 ✓ Task result reported: Task result received and processed
2026/04/10 10:35:23 Heartbeat sent: CPU=31.5%, Memory=66.3%, Storage=75.4%, Tasks=0
2026/04/10 10:35:28 Heartbeat sent: CPU=22.7%, Memory=65.7%, Storage=75.4%, Tasks=0
2026/04/10 10:35:33 Heartbeat sent: CPU=18.9%, Memory=66.6%, Storage=75.4%, Tasks=0
2026/04/10 10:35:38 Heartbeat sent: CPU=17.1%, Memory=66.1%, Storage=75.4%, Tasks=0
2026/04/10 10:35:43 Heartbeat sent: CPU=18.4%, Memory=65.9%, Storage=75.4%, Tasks=0
2026/04/10 10:35:48 Heartbeat sent: CPU=18.5%, Memory=66.2%, Storage=75.4%, Tasks=0
2026/04/10 10:35:53 Heartbeat sent: CPU=21.6%, Memory=67.6%, Storage=75.4%, Tasks=0
2026/04/10 10:35:58 Heartbeat sent: CPU=22.1%, Memory=66.9%, Storage=75.4%, Tasks=0
2026/04/10 10:36:03 Heartbeat sent: CPU=20.6%, Memory=65.5%, Storage=75.4%, Tasks=0
2026/04/10 10:36:08 Heartbeat sent: CPU=27.4%, Memory=66.1%, Storage=75.4%, Tasks=0
2026/04/10 10:36:13 Heartbeat sent: CPU=30.6%, Memory=66.6%, Storage=75.4%, Tasks=0
2026/04/10 10:36:18 Heartbeat sent: CPU=20.7%, Memory=67.0%, Storage=75.4%, Tasks=0
2026/04/10 10:36:23 Heartbeat sent: CPU=15.8%, Memory=66.5%, Storage=75.4%, Tasks=0
2026/04/10 10:36:28 Heartbeat sent: CPU=46.3%, Memory=67.4%, Storage=75.5%, Tasks=0
2026/04/10 10:36:33 Heartbeat sent: CPU=23.4%, Memory=68.1%, Storage=75.4%, Tasks=0
2026/04/10 10:36:38 Heartbeat sent: CPU=16.0%, Memory=65.2%, Storage=75.4%, Tasks=0
2026/04/10 10:36:43 Heartbeat sent: CPU=14.3%, Memory=66.4%, Storage=75.4%, Tasks=0
2026/04/10 10:36:48 Heartbeat sent: CPU=19.4%, Memory=67.5%, Storage=75.4%, Tasks=0
2026/04/10 10:36:53 Heartbeat sent: CPU=15.9%, Memory=66.6%, Storage=75.4%, Tasks=0
2026/04/10 10:36:58 Heartbeat sent: CPU=18.3%, Memory=67.9%, Storage=75.4%, Tasks=0
2026/04/10 10:37:03 Heartbeat sent: CPU=21.8%, Memory=66.9%, Storage=75.4%, Tasks=0
2026/04/10 10:37:08 Heartbeat sent: CPU=18.5%, Memory=66.1%, Storage=75.4%, Tasks=0
2026/04/10 10:37:13 Heartbeat sent: CPU=22.5%, Memory=65.8%, Storage=75.4%, Tasks=0
2026/04/10 10:37:18 Heartbeat sent: CPU=19.0%, Memory=66.0%, Storage=75.4%, Tasks=0
2026/04/10 10:37:23 Heartbeat sent: CPU=23.7%, Memory=66.2%, Storage=75.4%, Tasks=0
2026/04/10 10:37:28 Heartbeat sent: CPU=16.9%, Memory=66.1%, Storage=75.4%, Tasks=0
2026/04/10 10:37:33 Heartbeat sent: CPU=20.0%, Memory=65.9%, Storage=75.4%, Tasks=0
2026/04/10 10:37:38 Heartbeat sent: CPU=17.2%, Memory=65.7%, Storage=75.4%, Tasks=0
2026/04/10 10:37:43 Heartbeat sent: CPU=14.6%, Memory=66.0%, Storage=75.4%, Tasks=0
2026/04/10 10:37:48 Heartbeat sent: CPU=24.5%, Memory=67.2%, Storage=75.4%, Tasks=0
2026/04/10 10:37:53 Heartbeat sent: CPU=16.6%, Memory=63.4%, Storage=75.4%, Tasks=0
2026/04/10 10:37:58 Heartbeat sent: CPU=24.5%, Memory=64.2%, Storage=75.4%, Tasks=0
2026/04/10 10:38:03 Heartbeat sent: CPU=18.8%, Memory=64.7%, Storage=75.4%, Tasks=0
2026/04/10 10:38:08 Heartbeat sent: CPU=14.9%, Memory=64.7%, Storage=75.4%, Tasks=0
2026/04/10 10:38:13 Heartbeat sent: CPU=21.4%, Memory=64.6%, Storage=75.4%, Tasks=0
2026/04/10 10:38:18 Heartbeat sent: CPU=18.0%, Memory=64.4%, Storage=75.4%, Tasks=0
2026/04/10 10:38:23 Heartbeat sent: CPU=12.9%, Memory=64.9%, Storage=75.4%, Tasks=0
2026/04/10 10:38:28 Heartbeat sent: CPU=15.3%, Memory=64.4%, Storage=75.4%, Tasks=0
2026/04/10 10:38:33 Heartbeat sent: CPU=22.0%, Memory=64.7%, Storage=75.4%, Tasks=0
2026/04/10 10:38:38 Heartbeat sent: CPU=24.0%, Memory=67.1%, Storage=75.4%, Tasks=0
2026/04/10 10:38:43 Heartbeat sent: CPU=14.4%, Memory=65.3%, Storage=75.4%, Tasks=0
2026/04/10 10:38:48 Heartbeat sent: CPU=15.7%, Memory=64.9%, Storage=75.4%, Tasks=0
2026/04/10 10:38:53 Heartbeat sent: CPU=15.9%, Memory=65.9%, Storage=75.4%, Tasks=0
2026/04/10 10:38:58 Heartbeat sent: CPU=11.8%, Memory=65.2%, Storage=75.4%, Tasks=0
2026/04/10 10:39:03 Heartbeat sent: CPU=12.1%, Memory=65.0%, Storage=75.4%, Tasks=0
2026/04/10 10:39:08 Heartbeat sent: CPU=12.7%, Memory=64.8%, Storage=75.4%, Tasks=0
2026/04/10 10:39:13 Heartbeat sent: CPU=20.8%, Memory=66.6%, Storage=75.4%, Tasks=0
2026/04/10 10:39:18 Heartbeat sent: CPU=16.1%, Memory=65.7%, Storage=75.4%, Tasks=0
2026/04/10 10:39:23 Heartbeat sent: CPU=24.5%, Memory=67.0%, Storage=75.4%, Tasks=0
2026/04/10 10:39:28 Heartbeat sent: CPU=19.1%, Memory=66.9%, Storage=75.4%, Tasks=0
2026/04/10 10:39:33 Heartbeat sent: CPU=16.1%, Memory=66.6%, Storage=75.4%, Tasks=0
2026/04/10 10:39:38 Heartbeat sent: CPU=24.2%, Memory=67.1%, Storage=75.4%, Tasks=0
2026/04/10 10:39:43 Heartbeat sent: CPU=15.7%, Memory=67.1%, Storage=75.4%, Tasks=0
2026/04/10 10:39:48 Heartbeat sent: CPU=16.0%, Memory=67.1%, Storage=75.4%, Tasks=0
2026/04/10 10:39:53 Heartbeat sent: CPU=36.0%, Memory=68.3%, Storage=75.4%, Tasks=0
2026/04/10 10:39:58 Heartbeat sent: CPU=12.6%, Memory=65.8%, Storage=75.4%, Tasks=0
2026/04/10 10:40:03 Heartbeat sent: CPU=20.3%, Memory=67.0%, Storage=75.4%, Tasks=0
2026/04/10 10:40:08 Heartbeat sent: CPU=11.8%, Memory=66.9%, Storage=75.4%, Tasks=0
2026/04/10 10:40:13 Heartbeat sent: CPU=15.4%, Memory=67.0%, Storage=75.4%, Tasks=0
2026/04/10 10:40:18 Heartbeat sent: CPU=16.6%, Memory=66.8%, Storage=75.4%, Tasks=0
2026/04/10 10:40:23 Heartbeat sent: CPU=25.2%, Memory=67.5%, Storage=75.4%, Tasks=0
2026/04/10 10:40:28 Heartbeat sent: CPU=19.7%, Memory=67.2%, Storage=75.4%, Tasks=0
2026/04/10 10:40:33 Heartbeat sent: CPU=18.1%, Memory=67.1%, Storage=75.4%, Tasks=0
2026/04/10 10:40:38 Heartbeat sent: CPU=18.4%, Memory=67.0%, Storage=75.4%, Tasks=0
2026/04/10 10:40:43 Heartbeat sent: CPU=13.6%, Memory=67.7%, Storage=75.4%, Tasks=0
2026/04/10 10:40:48 Heartbeat sent: CPU=14.7%, Memory=67.3%, Storage=75.4%, Tasks=0
2026/04/10 10:40:53 Heartbeat sent: CPU=13.3%, Memory=67.5%, Storage=75.4%, Tasks=0
2026/04/10 10:40:58 Heartbeat sent: CPU=17.8%, Memory=67.8%, Storage=75.4%, Tasks=0
2026/04/10 10:41:03 Heartbeat sent: CPU=14.4%, Memory=66.4%, Storage=75.4%, Tasks=0
2026/04/10 10:41:08 Heartbeat sent: CPU=18.0%, Memory=67.7%, Storage=75.4%, Tasks=0
2026/04/10 10:41:13 Heartbeat sent: CPU=18.1%, Memory=67.7%, Storage=75.4%, Tasks=0
2026/04/10 10:41:18 Heartbeat sent: CPU=16.6%, Memory=67.6%, Storage=75.4%, Tasks=0
2026/04/10 10:41:23 Heartbeat sent: CPU=15.7%, Memory=67.5%, Storage=75.4%, Tasks=0
2026/04/10 10:41:28 Heartbeat sent: CPU=12.0%, Memory=67.0%, Storage=75.4%, Tasks=0
2026/04/10 10:41:33 Heartbeat sent: CPU=18.2%, Memory=66.6%, Storage=75.4%, Tasks=0
2026/04/10 10:41:38 Heartbeat sent: CPU=17.1%, Memory=66.2%, Storage=75.4%, Tasks=0
2026/04/10 10:41:43 Heartbeat sent: CPU=20.3%, Memory=66.3%, Storage=75.4%, Tasks=0
2026/04/10 10:41:48 Heartbeat sent: CPU=13.8%, Memory=66.5%, Storage=75.4%, Tasks=0
2026/04/10 10:41:53 Heartbeat sent: CPU=18.7%, Memory=66.6%, Storage=75.4%, Tasks=0
2026/04/10 10:41:58 Heartbeat sent: CPU=18.3%, Memory=65.7%, Storage=75.4%, Tasks=0
2026/04/10 10:42:03 Heartbeat sent: CPU=24.8%, Memory=66.8%, Storage=75.4%, Tasks=0
2026/04/10 10:42:08 Heartbeat sent: CPU=18.9%, Memory=66.8%, Storage=75.4%, Tasks=0
2026/04/10 10:42:13 Heartbeat sent: CPU=18.3%, Memory=66.2%, Storage=75.4%, Tasks=0
2026/04/10 10:42:18 Heartbeat sent: CPU=27.7%, Memory=69.2%, Storage=75.4%, Tasks=0
2026/04/10 10:42:23 Heartbeat sent: CPU=15.9%, Memory=66.9%, Storage=75.4%, Tasks=0
2026/04/10 10:42:28 Heartbeat sent: CPU=27.3%, Memory=68.9%, Storage=75.4%, Tasks=0
2026/04/10 10:42:33 Heartbeat sent: CPU=23.1%, Memory=69.0%, Storage=75.4%, Tasks=0
2026/04/10 10:42:38 Heartbeat sent: CPU=13.0%, Memory=68.7%, Storage=75.4%, Tasks=0
2026/04/10 10:42:43 Heartbeat sent: CPU=20.3%, Memory=66.3%, Storage=75.4%, Tasks=0
2026/04/10 10:42:48 Heartbeat sent: CPU=19.1%, Memory=66.8%, Storage=75.4%, Tasks=0
2026/04/10 10:42:53 Heartbeat sent: CPU=14.8%, Memory=67.6%, Storage=75.4%, Tasks=0
2026/04/10 10:42:58 Heartbeat sent: CPU=11.8%, Memory=66.5%, Storage=75.4%, Tasks=0
2026/04/10 10:43:03 Heartbeat sent: CPU=22.3%, Memory=66.6%, Storage=75.4%, Tasks=0
2026/04/10 10:43:08 Heartbeat sent: CPU=42.3%, Memory=67.4%, Storage=75.4%, Tasks=0
2026/04/10 10:43:13 Heartbeat sent: CPU=28.6%, Memory=67.3%, Storage=75.4%, Tasks=0
2026/04/10 10:43:18 Heartbeat sent: CPU=17.3%, Memory=66.6%, Storage=75.4%, Tasks=0
2026/04/10 10:43:23 Heartbeat sent: CPU=16.4%, Memory=66.8%, Storage=75.4%, Tasks=0
2026/04/10 10:43:28 Heartbeat sent: CPU=28.8%, Memory=67.2%, Storage=75.4%, Tasks=0
2026/04/10 10:43:33 Heartbeat sent: CPU=14.9%, Memory=67.1%, Storage=75.4%, Tasks=0
2026/04/10 10:43:38 Heartbeat sent: CPU=14.8%, Memory=66.8%, Storage=75.4%, Tasks=0
2026/04/10 10:43:43 Heartbeat sent: CPU=17.5%, Memory=66.9%, Storage=75.4%, Tasks=0
2026/04/10 10:43:48 Heartbeat sent: CPU=20.2%, Memory=66.6%, Storage=75.4%, Tasks=0
2026/04/10 10:43:53 Heartbeat sent: CPU=21.6%, Memory=66.8%, Storage=75.4%, Tasks=0
2026/04/10 10:43:58 Heartbeat sent: CPU=15.5%, Memory=66.2%, Storage=75.4%, Tasks=0
2026/04/10 10:44:03 Heartbeat sent: CPU=12.6%, Memory=66.4%, Storage=75.4%, Tasks=0
2026/04/10 10:44:08 Heartbeat sent: CPU=16.8%, Memory=66.0%, Storage=75.4%, Tasks=0
2026/04/10 10:44:13 Heartbeat sent: CPU=16.5%, Memory=65.0%, Storage=75.4%, Tasks=0
2026/04/10 10:44:18 Heartbeat sent: CPU=15.8%, Memory=66.1%, Storage=75.4%, Tasks=0
2026/04/10 10:44:23 Heartbeat sent: CPU=24.4%, Memory=66.6%, Storage=75.4%, Tasks=0
2026/04/10 10:44:28 Heartbeat sent: CPU=20.2%, Memory=66.3%, Storage=75.4%, Tasks=0
2026/04/10 10:44:33 Heartbeat sent: CPU=11.4%, Memory=66.3%, Storage=75.4%, Tasks=0
2026/04/10 10:44:38 Heartbeat sent: CPU=13.0%, Memory=66.9%, Storage=75.4%, Tasks=0
2026/04/10 10:44:43 Heartbeat sent: CPU=17.5%, Memory=67.1%, Storage=75.4%, Tasks=0
2026/04/10 10:44:48 Heartbeat sent: CPU=18.2%, Memory=67.0%, Storage=75.4%, Tasks=0
2026/04/10 10:44:53 Heartbeat sent: CPU=20.9%, Memory=67.3%, Storage=75.4%, Tasks=0
2026/04/10 10:44:58 Heartbeat sent: CPU=15.4%, Memory=66.6%, Storage=75.4%, Tasks=0
2026/04/10 10:45:03 Heartbeat sent: CPU=15.2%, Memory=66.5%, Storage=75.4%, Tasks=0
2026/04/10 10:45:08 Heartbeat sent: CPU=14.3%, Memory=66.5%, Storage=75.4%, Tasks=0
2026/04/10 10:45:13 Heartbeat sent: CPU=23.8%, Memory=66.7%, Storage=75.4%, Tasks=0
2026/04/10 10:45:18 Heartbeat sent: CPU=14.2%, Memory=65.7%, Storage=75.4%, Tasks=0
2026/04/10 10:45:23 Heartbeat sent: CPU=18.8%, Memory=67.0%, Storage=75.4%, Tasks=0
2026/04/10 10:45:28 Heartbeat sent: CPU=21.3%, Memory=66.9%, Storage=75.4%, Tasks=0
2026/04/10 10:45:33 Heartbeat sent: CPU=19.5%, Memory=66.9%, Storage=75.4%, Tasks=0
2026/04/10 10:45:38 Heartbeat sent: CPU=19.4%, Memory=66.9%, Storage=75.4%, Tasks=0
2026/04/10 10:45:43 Heartbeat sent: CPU=20.2%, Memory=66.7%, Storage=75.4%, Tasks=0
2026/04/10 10:45:48 Heartbeat sent: CPU=22.1%, Memory=66.6%, Storage=75.4%, Tasks=0
2026/04/10 10:45:53 Heartbeat sent: CPU=24.3%, Memory=67.0%, Storage=75.4%, Tasks=0
2026/04/10 10:45:58 Heartbeat sent: CPU=31.0%, Memory=68.0%, Storage=75.4%, Tasks=0
2026/04/10 10:46:03 Heartbeat sent: CPU=19.1%, Memory=67.3%, Storage=75.5%, Tasks=0
2026/04/10 10:46:08 Heartbeat sent: CPU=16.3%, Memory=66.4%, Storage=75.4%, Tasks=0
2026/04/10 10:46:13 Heartbeat sent: CPU=12.5%, Memory=66.6%, Storage=75.4%, Tasks=0
2026/04/10 10:46:18 Heartbeat sent: CPU=14.6%, Memory=66.6%, Storage=75.4%, Tasks=0
2026/04/10 10:46:23 Heartbeat sent: CPU=18.1%, Memory=66.6%, Storage=75.4%, Tasks=0
2026/04/10 10:46:28 Heartbeat sent: CPU=21.8%, Memory=68.3%, Storage=75.4%, Tasks=0
2026/04/10 10:46:33 Heartbeat sent: CPU=22.8%, Memory=67.2%, Storage=75.4%, Tasks=0
2026/04/10 10:46:38 Heartbeat sent: CPU=17.9%, Memory=66.9%, Storage=75.4%, Tasks=0
2026/04/10 10:46:43 Heartbeat sent: CPU=21.8%, Memory=67.5%, Storage=75.5%, Tasks=0
2026/04/10 10:46:48 Heartbeat sent: CPU=19.7%, Memory=67.3%, Storage=75.5%, Tasks=0
2026/04/10 10:46:53 Heartbeat sent: CPU=26.3%, Memory=69.1%, Storage=75.5%, Tasks=0
2026/04/10 10:46:58 Heartbeat sent: CPU=12.1%, Memory=66.4%, Storage=75.5%, Tasks=0
2026/04/10 10:47:03 Heartbeat sent: CPU=13.0%, Memory=65.8%, Storage=75.4%, Tasks=0
2026/04/10 10:47:08 Heartbeat sent: CPU=18.2%, Memory=68.2%, Storage=75.4%, Tasks=0
2026/04/10 10:47:13 Heartbeat sent: CPU=14.7%, Memory=66.7%, Storage=75.4%, Tasks=0
2026/04/10 10:47:18 Heartbeat sent: CPU=15.1%, Memory=66.8%, Storage=75.4%, Tasks=0
2026/04/10 10:47:23 Heartbeat sent: CPU=11.1%, Memory=66.4%, Storage=75.4%, Tasks=0
2026/04/10 10:47:28 Heartbeat sent: CPU=18.7%, Memory=66.0%, Storage=75.4%, Tasks=0
2026/04/10 10:47:33 Heartbeat sent: CPU=20.6%, Memory=66.5%, Storage=75.4%, Tasks=0
2026/04/10 10:47:38 Heartbeat sent: CPU=19.7%, Memory=68.4%, Storage=75.4%, Tasks=0
2026/04/10 10:47:43 Heartbeat sent: CPU=25.3%, Memory=68.9%, Storage=75.4%, Tasks=0
2026/04/10 10:47:48 Heartbeat sent: CPU=23.8%, Memory=68.4%, Storage=75.4%, Tasks=0
2026/04/10 10:47:53 Heartbeat sent: CPU=20.7%, Memory=68.3%, Storage=75.4%, Tasks=0
2026/04/10 10:47:58 Heartbeat sent: CPU=21.8%, Memory=66.3%, Storage=75.4%, Tasks=0
2026/04/10 10:48:03 Heartbeat sent: CPU=23.2%, Memory=65.8%, Storage=75.4%, Tasks=0
2026/04/10 10:48:08 Heartbeat sent: CPU=18.9%, Memory=66.9%, Storage=75.4%, Tasks=0
2026/04/10 10:48:13 Heartbeat sent: CPU=21.5%, Memory=66.6%, Storage=75.4%, Tasks=0
2026/04/10 10:48:18 Heartbeat sent: CPU=14.5%, Memory=66.6%, Storage=75.4%, Tasks=0
2026/04/10 10:48:23 Heartbeat sent: CPU=16.8%, Memory=66.4%, Storage=75.4%, Tasks=0
2026/04/10 10:48:28 Heartbeat sent: CPU=14.4%, Memory=66.2%, Storage=75.4%, Tasks=0
2026/04/10 10:48:33 Heartbeat sent: CPU=15.0%, Memory=66.0%, Storage=75.4%, Tasks=0
2026/04/10 10:48:38 Heartbeat sent: CPU=15.6%, Memory=67.3%, Storage=75.4%, Tasks=0
2026/04/10 10:48:43 Heartbeat sent: CPU=15.5%, Memory=66.8%, Storage=75.4%, Tasks=0
2026/04/10 10:48:48 Heartbeat sent: CPU=10.7%, Memory=66.7%, Storage=75.4%, Tasks=0
2026/04/10 10:48:53 Heartbeat sent: CPU=11.3%, Memory=66.6%, Storage=75.4%, Tasks=0
2026/04/10 10:48:58 Heartbeat sent: CPU=10.8%, Memory=66.6%, Storage=75.4%, Tasks=0
2026/04/10 10:49:03 Heartbeat sent: CPU=10.1%, Memory=66.2%, Storage=75.4%, Tasks=0
2026/04/10 10:49:08 Heartbeat sent: CPU=13.2%, Memory=66.1%, Storage=75.4%, Tasks=0
2026/04/10 10:49:13 Heartbeat sent: CPU=10.6%, Memory=65.9%, Storage=75.4%, Tasks=0
2026/04/10 10:49:18 Heartbeat sent: CPU=18.1%, Memory=65.9%, Storage=75.4%, Tasks=0
2026/04/10 10:49:23 Heartbeat sent: CPU=12.2%, Memory=66.2%, Storage=75.4%, Tasks=0
2026/04/10 10:49:28 Heartbeat sent: CPU=17.9%, Memory=66.1%, Storage=75.4%, Tasks=0
2026/04/10 10:49:33 Heartbeat sent: CPU=16.7%, Memory=65.8%, Storage=75.4%, Tasks=0
2026/04/10 10:49:38 Heartbeat sent: CPU=18.3%, Memory=67.1%, Storage=75.4%, Tasks=0
2026/04/10 10:49:43 Heartbeat sent: CPU=13.6%, Memory=67.3%, Storage=75.4%, Tasks=0
2026/04/10 10:49:48 Heartbeat sent: CPU=17.3%, Memory=66.2%, Storage=75.4%, Tasks=0
2026/04/10 10:49:53 Heartbeat sent: CPU=16.8%, Memory=65.8%, Storage=75.4%, Tasks=0
2026/04/10 10:49:58 Heartbeat sent: CPU=12.9%, Memory=66.0%, Storage=75.4%, Tasks=0
2026/04/10 10:50:03 Heartbeat sent: CPU=11.1%, Memory=65.6%, Storage=75.4%, Tasks=0
2026/04/10 10:50:08 Heartbeat sent: CPU=18.0%, Memory=66.8%, Storage=75.5%, Tasks=0
2026/04/10 10:50:13 Heartbeat sent: CPU=13.4%, Memory=66.5%, Storage=75.5%, Tasks=0
2026/04/10 10:50:18 Heartbeat sent: CPU=17.3%, Memory=66.4%, Storage=75.5%, Tasks=0
2026/04/10 10:50:23 Heartbeat sent: CPU=13.5%, Memory=66.3%, Storage=75.5%, Tasks=0
2026/04/10 10:50:28 Heartbeat sent: CPU=12.6%, Memory=66.2%, Storage=75.5%, Tasks=0
2026/04/10 10:50:33 Heartbeat sent: CPU=14.5%, Memory=65.1%, Storage=75.5%, Tasks=0
2026/04/10 10:50:38 Heartbeat sent: CPU=11.4%, Memory=66.6%, Storage=75.5%, Tasks=0
2026/04/10 10:50:43 Heartbeat sent: CPU=18.2%, Memory=66.2%, Storage=75.5%, Tasks=0
2026/04/10 10:50:48 Heartbeat sent: CPU=14.9%, Memory=64.9%, Storage=75.5%, Tasks=0
2026/04/10 10:50:53 Heartbeat sent: CPU=17.1%, Memory=67.0%, Storage=75.5%, Tasks=0
2026/04/10 10:50:58 Heartbeat sent: CPU=13.7%, Memory=66.9%, Storage=75.5%, Tasks=0
2026/04/10 10:51:03 Heartbeat sent: CPU=13.3%, Memory=67.3%, Storage=75.5%, Tasks=0
2026/04/10 10:51:08 Heartbeat sent: CPU=12.2%, Memory=66.6%, Storage=75.5%, Tasks=0
2026/04/10 10:51:13 Heartbeat sent: CPU=14.5%, Memory=66.7%, Storage=75.5%, Tasks=0
2026/04/10 10:51:18 Heartbeat sent: CPU=16.6%, Memory=65.0%, Storage=75.5%, Tasks=0
2026/04/10 10:51:23 Heartbeat sent: CPU=16.7%, Memory=66.2%, Storage=75.5%, Tasks=0
2026/04/10 10:51:28 Heartbeat sent: CPU=17.9%, Memory=66.8%, Storage=75.5%, Tasks=0
2026/04/10 10:51:33 Heartbeat sent: CPU=13.9%, Memory=67.3%, Storage=75.5%, Tasks=0
2026/04/10 10:51:38 Heartbeat sent: CPU=13.8%, Memory=67.7%, Storage=75.5%, Tasks=0
2026/04/10 10:51:43 Heartbeat sent: CPU=12.2%, Memory=65.5%, Storage=75.4%, Tasks=0
2026/04/10 10:51:48 Heartbeat sent: CPU=18.8%, Memory=65.2%, Storage=75.4%, Tasks=0
2026/04/10 10:51:53 Heartbeat sent: CPU=17.7%, Memory=66.9%, Storage=75.4%, Tasks=0
2026/04/10 10:51:58 Heartbeat sent: CPU=20.1%, Memory=67.5%, Storage=75.5%, Tasks=0
2026/04/10 10:52:03 Heartbeat sent: CPU=16.2%, Memory=67.5%, Storage=75.5%, Tasks=0
2026/04/10 10:52:08 Heartbeat sent: CPU=14.8%, Memory=67.7%, Storage=75.5%, Tasks=0
2026/04/10 10:52:13 Heartbeat sent: CPU=15.9%, Memory=67.3%, Storage=75.4%, Tasks=0
2026/04/10 10:52:18 Heartbeat sent: CPU=15.9%, Memory=67.4%, Storage=75.5%, Tasks=0
2026/04/10 10:52:23 Heartbeat sent: CPU=40.3%, Memory=67.0%, Storage=75.5%, Tasks=0
2026/04/10 10:52:28 Heartbeat sent: CPU=17.6%, Memory=65.4%, Storage=75.4%, Tasks=0
2026/04/10 10:52:33 Heartbeat sent: CPU=17.3%, Memory=65.5%, Storage=75.4%, Tasks=0
2026/04/10 10:52:38 Heartbeat sent: CPU=12.2%, Memory=65.2%, Storage=75.4%, Tasks=0
2026/04/10 10:52:43 Heartbeat sent: CPU=16.6%, Memory=65.2%, Storage=75.4%, Tasks=0
2026/04/10 10:52:48 Heartbeat sent: CPU=20.3%, Memory=65.9%, Storage=75.4%, Tasks=0
2026/04/10 10:52:53 Heartbeat sent: CPU=12.8%, Memory=65.5%, Storage=75.4%, Tasks=0
2026/04/10 10:52:58 Heartbeat sent: CPU=13.0%, Memory=65.5%, Storage=75.4%, Tasks=0
2026/04/10 10:53:03 Heartbeat sent: CPU=18.1%, Memory=65.9%, Storage=75.4%, Tasks=0
2026/04/10 10:53:08 Heartbeat sent: CPU=16.0%, Memory=66.3%, Storage=75.4%, Tasks=0
2026/04/10 10:53:13 Heartbeat sent: CPU=15.7%, Memory=66.1%, Storage=75.4%, Tasks=0
2026/04/10 10:53:18 Heartbeat sent: CPU=24.0%, Memory=66.1%, Storage=75.4%, Tasks=0
2026/04/10 10:53:23 Heartbeat sent: CPU=23.0%, Memory=66.1%, Storage=75.4%, Tasks=0
2026/04/10 10:53:28 Heartbeat sent: CPU=12.0%, Memory=65.3%, Storage=75.4%, Tasks=0
2026/04/10 10:53:33 Heartbeat sent: CPU=18.6%, Memory=66.2%, Storage=75.4%, Tasks=0
2026/04/10 10:53:38 Heartbeat sent: CPU=16.6%, Memory=67.7%, Storage=75.4%, Tasks=0
2026/04/10 10:53:43 Heartbeat sent: CPU=19.4%, Memory=66.6%, Storage=75.4%, Tasks=0
2026/04/10 10:53:48 Heartbeat sent: CPU=23.3%, Memory=65.9%, Storage=75.4%, Tasks=0
2026/04/10 10:53:53 Heartbeat sent: CPU=12.1%, Memory=65.5%, Storage=75.4%, Tasks=0
2026/04/10 10:53:58 Heartbeat sent: CPU=11.9%, Memory=65.2%, Storage=75.4%, Tasks=0
2026/04/10 10:54:03 Heartbeat sent: CPU=18.0%, Memory=65.3%, Storage=75.4%, Tasks=0
2026/04/10 10:54:08 Heartbeat sent: CPU=12.4%, Memory=66.6%, Storage=75.4%, Tasks=0
2026/04/10 10:54:13 Heartbeat sent: CPU=16.2%, Memory=67.4%, Storage=75.4%, Tasks=0
2026/04/10 10:54:18 Heartbeat sent: CPU=17.2%, Memory=66.4%, Storage=75.4%, Tasks=0
2026/04/10 10:54:23 Heartbeat sent: CPU=16.8%, Memory=68.0%, Storage=75.4%, Tasks=0
2026/04/10 10:54:28 Heartbeat sent: CPU=18.6%, Memory=68.1%, Storage=75.4%, Tasks=0
2026/04/10 10:54:33 Heartbeat sent: CPU=18.7%, Memory=67.9%, Storage=75.4%, Tasks=0
2026/04/10 10:54:38 Heartbeat sent: CPU=18.5%, Memory=66.0%, Storage=75.4%, Tasks=0
2026/04/10 10:54:43 Heartbeat sent: CPU=20.3%, Memory=65.8%, Storage=75.4%, Tasks=0
2026/04/10 10:54:48 Heartbeat sent: CPU=17.4%, Memory=65.7%, Storage=75.4%, Tasks=0
2026/04/10 10:54:53 Heartbeat sent: CPU=22.1%, Memory=68.7%, Storage=75.4%, Tasks=0
2026/04/10 10:54:58 Heartbeat sent: CPU=19.4%, Memory=66.9%, Storage=75.4%, Tasks=0
2026/04/10 10:55:03 Heartbeat sent: CPU=20.0%, Memory=66.8%, Storage=75.4%, Tasks=0
2026/04/10 10:55:08 Heartbeat sent: CPU=23.7%, Memory=68.1%, Storage=75.4%, Tasks=0
2026/04/10 10:55:13 Heartbeat sent: CPU=21.4%, Memory=67.0%, Storage=75.4%, Tasks=0
2026/04/10 10:55:18 Heartbeat sent: CPU=20.8%, Memory=66.8%, Storage=75.4%, Tasks=0
2026/04/10 10:55:23 Heartbeat sent: CPU=19.2%, Memory=65.6%, Storage=75.4%, Tasks=0
2026/04/10 10:55:28 Heartbeat sent: CPU=36.8%, Memory=66.4%, Storage=75.4%, Tasks=0
2026/04/10 10:55:33 Heartbeat sent: CPU=15.4%, Memory=66.7%, Storage=75.4%, Tasks=0
2026/04/10 10:55:38 Heartbeat sent: CPU=15.1%, Memory=66.6%, Storage=75.4%, Tasks=0
2026/04/10 10:55:43 Heartbeat sent: CPU=15.7%, Memory=66.5%, Storage=75.4%, Tasks=0
2026/04/10 10:55:48 Heartbeat sent: CPU=14.3%, Memory=66.3%, Storage=75.4%, Tasks=0
2026/04/10 10:55:53 Heartbeat sent: CPU=14.7%, Memory=66.9%, Storage=75.4%, Tasks=0
2026/04/10 10:55:58 Heartbeat sent: CPU=12.6%, Memory=66.6%, Storage=75.4%, Tasks=0
2026/04/10 10:56:03 Heartbeat sent: CPU=13.4%, Memory=68.0%, Storage=75.4%, Tasks=0
2026/04/10 10:56:08 Heartbeat sent: CPU=11.3%, Memory=66.3%, Storage=75.4%, Tasks=0
2026/04/10 10:56:13 Heartbeat sent: CPU=15.6%, Memory=67.8%, Storage=75.4%, Tasks=0
2026/04/10 10:56:18 Heartbeat sent: CPU=17.3%, Memory=67.3%, Storage=75.4%, Tasks=0
2026/04/10 10:56:23 Heartbeat sent: CPU=20.0%, Memory=67.1%, Storage=75.4%, Tasks=0
2026/04/10 10:56:28 Heartbeat sent: CPU=14.5%, Memory=67.8%, Storage=75.4%, Tasks=0
2026/04/10 10:56:33 Heartbeat sent: CPU=13.7%, Memory=68.1%, Storage=75.4%, Tasks=0
2026/04/10 10:56:38 Heartbeat sent: CPU=15.4%, Memory=67.7%, Storage=75.4%, Tasks=0
2026/04/10 10:56:43 Heartbeat sent: CPU=15.9%, Memory=67.5%, Storage=75.4%, Tasks=0
2026/04/10 10:56:48 Heartbeat sent: CPU=25.2%, Memory=68.1%, Storage=75.5%, Tasks=0
2026/04/10 10:56:53 Heartbeat sent: CPU=17.3%, Memory=66.1%, Storage=75.5%, Tasks=0
2026/04/10 10:56:58 Heartbeat sent: CPU=16.6%, Memory=68.8%, Storage=75.5%, Tasks=0
2026/04/10 10:57:03 Heartbeat sent: CPU=12.6%, Memory=67.8%, Storage=75.5%, Tasks=0
2026/04/10 10:57:08 Heartbeat sent: CPU=19.0%, Memory=67.8%, Storage=75.5%, Tasks=0
2026/04/10 10:57:13 Heartbeat sent: CPU=11.2%, Memory=67.8%, Storage=75.5%, Tasks=0
2026/04/10 10:57:18 Heartbeat sent: CPU=20.1%, Memory=67.6%, Storage=75.5%, Tasks=0
2026/04/10 10:57:23 Heartbeat sent: CPU=9.7%, Memory=67.5%, Storage=75.5%, Tasks=0
2026/04/10 10:57:28 Heartbeat sent: CPU=12.1%, Memory=67.5%, Storage=75.5%, Tasks=0
2026/04/10 10:57:33 Heartbeat sent: CPU=13.1%, Memory=67.6%, Storage=75.5%, Tasks=0
2026/04/10 10:57:38 Heartbeat sent: CPU=11.5%, Memory=67.4%, Storage=75.5%, Tasks=0
2026/04/10 10:57:43 Heartbeat sent: CPU=11.9%, Memory=67.6%, Storage=75.5%, Tasks=0
2026/04/10 10:57:48 Heartbeat sent: CPU=25.7%, Memory=69.6%, Storage=75.5%, Tasks=0
2026/04/10 10:57:53 Heartbeat sent: CPU=18.2%, Memory=67.2%, Storage=75.5%, Tasks=0
2026/04/10 10:57:58 Heartbeat sent: CPU=11.0%, Memory=66.8%, Storage=75.5%, Tasks=0
2026/04/10 10:58:03 Heartbeat sent: CPU=14.5%, Memory=66.0%, Storage=75.5%, Tasks=0
2026/04/10 10:58:08 Heartbeat sent: CPU=12.6%, Memory=66.1%, Storage=75.5%, Tasks=0
2026/04/10 10:58:13 Heartbeat sent: CPU=18.8%, Memory=65.8%, Storage=75.5%, Tasks=0
2026/04/10 10:58:18 Heartbeat sent: CPU=18.3%, Memory=65.7%, Storage=75.5%, Tasks=0
2026/04/10 10:58:23 Heartbeat sent: CPU=26.3%, Memory=67.9%, Storage=75.5%, Tasks=0
2026/04/10 10:58:28 Heartbeat sent: CPU=12.1%, Memory=65.8%, Storage=75.5%, Tasks=0
2026/04/10 10:58:33 Heartbeat sent: CPU=62.2%, Memory=66.8%, Storage=75.5%, Tasks=0
2026/04/10 10:58:38 Heartbeat sent: CPU=18.6%, Memory=66.9%, Storage=75.5%, Tasks=0
2026/04/10 10:58:43 Heartbeat sent: CPU=9.8%, Memory=65.7%, Storage=75.5%, Tasks=0
2026/04/10 10:58:48 Heartbeat sent: CPU=27.7%, Memory=69.1%, Storage=75.5%, Tasks=0
2026/04/10 10:58:53 Heartbeat sent: CPU=17.0%, Memory=68.5%, Storage=75.5%, Tasks=0
2026/04/10 10:58:58 Heartbeat sent: CPU=9.0%, Memory=66.3%, Storage=75.5%, Tasks=0
2026/04/10 10:59:03 Heartbeat sent: CPU=15.9%, Memory=66.9%, Storage=75.5%, Tasks=0
2026/04/10 10:59:08 Heartbeat sent: CPU=13.6%, Memory=66.6%, Storage=75.5%, Tasks=0
2026/04/10 10:59:13 Heartbeat sent: CPU=16.0%, Memory=67.1%, Storage=75.5%, Tasks=0
2026/04/10 10:59:18 Heartbeat sent: CPU=18.5%, Memory=67.1%, Storage=75.5%, Tasks=0
2026/04/10 10:59:23 Heartbeat sent: CPU=16.5%, Memory=67.5%, Storage=75.5%, Tasks=0
2026/04/10 10:59:28 Heartbeat sent: CPU=16.5%, Memory=65.8%, Storage=75.5%, Tasks=0
2026/04/10 10:59:33 Heartbeat sent: CPU=15.7%, Memory=65.2%, Storage=75.5%, Tasks=0
2026/04/10 10:59:38 Heartbeat sent: CPU=14.8%, Memory=66.7%, Storage=75.5%, Tasks=0
2026/04/10 10:59:43 Heartbeat sent: CPU=15.1%, Memory=65.4%, Storage=75.5%, Tasks=0
2026/04/10 10:59:48 Heartbeat sent: CPU=22.2%, Memory=65.1%, Storage=75.5%, Tasks=0
2026/04/10 10:59:53 Heartbeat sent: CPU=15.8%, Memory=64.9%, Storage=75.5%, Tasks=0
2026/04/10 10:59:58 Heartbeat sent: CPU=14.2%, Memory=64.9%, Storage=75.5%, Tasks=0
2026/04/10 11:00:03 Heartbeat sent: CPU=17.1%, Memory=65.4%, Storage=75.5%, Tasks=0
2026/04/10 11:00:08 Heartbeat sent: CPU=18.1%, Memory=67.5%, Storage=75.5%, Tasks=0
2026/04/10 11:00:13 Heartbeat sent: CPU=20.7%, Memory=67.9%, Storage=75.5%, Tasks=0
2026/04/10 11:00:18 Heartbeat sent: CPU=22.1%, Memory=66.6%, Storage=75.5%, Tasks=0
2026/04/10 11:00:23 Heartbeat sent: CPU=14.3%, Memory=65.6%, Storage=75.5%, Tasks=0
2026/04/10 11:00:28 Heartbeat sent: CPU=15.0%, Memory=66.5%, Storage=75.5%, Tasks=0
2026/04/10 11:00:33 Heartbeat sent: CPU=14.6%, Memory=65.4%, Storage=75.5%, Tasks=0
2026/04/10 11:00:38 Heartbeat sent: CPU=14.1%, Memory=64.9%, Storage=75.5%, Tasks=0
2026/04/10 11:00:43 Heartbeat sent: CPU=17.3%, Memory=69.0%, Storage=75.5%, Tasks=0
2026/04/10 11:00:48 Heartbeat sent: CPU=17.2%, Memory=67.4%, Storage=75.5%, Tasks=0
2026/04/10 11:00:53 Heartbeat sent: CPU=17.5%, Memory=67.9%, Storage=75.5%, Tasks=0
2026/04/10 11:00:58 Heartbeat sent: CPU=12.6%, Memory=67.3%, Storage=75.5%, Tasks=0
2026/04/10 11:01:03 Heartbeat sent: CPU=14.7%, Memory=67.2%, Storage=75.5%, Tasks=0
2026/04/10 11:01:08 Heartbeat sent: CPU=16.0%, Memory=66.8%, Storage=75.5%, Tasks=0
2026/04/10 11:01:13 Heartbeat sent: CPU=16.1%, Memory=66.6%, Storage=75.5%, Tasks=0
2026/04/10 11:01:18 Heartbeat sent: CPU=16.7%, Memory=66.6%, Storage=75.5%, Tasks=0
2026/04/10 11:01:23 Heartbeat sent: CPU=17.5%, Memory=65.9%, Storage=75.5%, Tasks=0
2026/04/10 11:01:28 Heartbeat sent: CPU=14.6%, Memory=66.0%, Storage=75.5%, Tasks=0
2026/04/10 11:01:33 Heartbeat sent: CPU=21.0%, Memory=66.4%, Storage=75.5%, Tasks=0
2026/04/10 11:01:38 Heartbeat sent: CPU=10.7%, Memory=66.2%, Storage=75.5%, Tasks=0
2026/04/10 11:01:43 Heartbeat sent: CPU=14.1%, Memory=66.4%, Storage=75.5%, Tasks=0
2026/04/10 11:01:48 Heartbeat sent: CPU=17.2%, Memory=66.2%, Storage=75.5%, Tasks=0
2026/04/10 11:01:53 Heartbeat sent: CPU=9.6%, Memory=64.7%, Storage=75.5%, Tasks=0
2026/04/10 11:01:58 Heartbeat sent: CPU=14.8%, Memory=64.6%, Storage=75.5%, Tasks=0
2026/04/10 11:02:03 Heartbeat sent: CPU=18.7%, Memory=66.2%, Storage=75.5%, Tasks=0
2026/04/10 11:02:08 Heartbeat sent: CPU=13.5%, Memory=66.5%, Storage=75.5%, Tasks=0
2026/04/10 11:02:13 Heartbeat sent: CPU=15.4%, Memory=66.4%, Storage=75.5%, Tasks=0
2026/04/10 11:02:18 Heartbeat sent: CPU=31.1%, Memory=66.1%, Storage=75.5%, Tasks=0
2026/04/10 11:02:23 Heartbeat sent: CPU=17.2%, Memory=66.1%, Storage=75.5%, Tasks=0
2026/04/10 11:02:28 Heartbeat sent: CPU=15.8%, Memory=66.5%, Storage=75.5%, Tasks=0
2026/04/10 11:02:33 Heartbeat sent: CPU=11.1%, Memory=65.6%, Storage=75.5%, Tasks=0
2026/04/10 11:02:38 Heartbeat sent: CPU=15.0%, Memory=66.2%, Storage=75.5%, Tasks=0
2026/04/10 11:02:43 Heartbeat sent: CPU=16.3%, Memory=66.0%, Storage=75.5%, Tasks=0
2026/04/10 11:02:48 Heartbeat sent: CPU=18.4%, Memory=66.0%, Storage=75.5%, Tasks=0
2026/04/10 11:02:53 Heartbeat sent: CPU=16.8%, Memory=66.7%, Storage=75.5%, Tasks=0
2026/04/10 11:02:58 Heartbeat sent: CPU=12.8%, Memory=66.6%, Storage=75.5%, Tasks=0
2026/04/10 11:03:03 Heartbeat sent: CPU=17.7%, Memory=51.3%, Storage=75.4%, Tasks=0
2026/04/10 11:03:08 Heartbeat sent: CPU=16.4%, Memory=52.7%, Storage=75.4%, Tasks=0
2026/04/10 11:03:13 Heartbeat sent: CPU=27.9%, Memory=49.8%, Storage=75.4%, Tasks=0
2026/04/10 11:03:18 Heartbeat sent: CPU=34.0%, Memory=48.6%, Storage=75.3%, Tasks=0
2026/04/10 11:03:23 Heartbeat sent: CPU=18.7%, Memory=53.0%, Storage=75.3%, Tasks=0
2026/04/10 11:03:28 Heartbeat sent: CPU=18.7%, Memory=54.1%, Storage=75.3%, Tasks=0
2026/04/10 11:03:33 Heartbeat sent: CPU=16.8%, Memory=55.2%, Storage=75.3%, Tasks=0
2026/04/10 11:03:38 Heartbeat sent: CPU=25.1%, Memory=55.7%, Storage=75.3%, Tasks=0
2026/04/10 11:03:43 Heartbeat sent: CPU=16.7%, Memory=55.3%, Storage=75.3%, Tasks=0
2026/04/10 11:03:48 Heartbeat sent: CPU=18.4%, Memory=55.6%, Storage=75.3%, Tasks=0
2026/04/10 11:03:53 Heartbeat sent: CPU=14.9%, Memory=56.4%, Storage=75.3%, Tasks=0
2026/04/10 11:03:58 Heartbeat sent: CPU=9.9%, Memory=55.1%, Storage=75.3%, Tasks=0
2026/04/10 11:04:03 Heartbeat sent: CPU=13.4%, Memory=55.4%, Storage=75.3%, Tasks=0
2026/04/10 11:04:08 Heartbeat sent: CPU=12.2%, Memory=55.3%, Storage=75.3%, Tasks=0
2026/04/10 11:04:13 Heartbeat sent: CPU=11.5%, Memory=55.1%, Storage=75.3%, Tasks=0
2026/04/10 11:04:18 Heartbeat sent: CPU=15.2%, Memory=55.1%, Storage=75.3%, Tasks=0
2026/04/10 11:04:23 Heartbeat sent: CPU=12.3%, Memory=55.1%, Storage=75.3%, Tasks=0
2026/04/10 11:04:28 Heartbeat sent: CPU=16.7%, Memory=55.5%, Storage=75.3%, Tasks=0
2026/04/10 11:04:33 Heartbeat sent: CPU=15.6%, Memory=55.5%, Storage=75.3%, Tasks=0
2026/04/10 11:04:38 Heartbeat sent: CPU=20.4%, Memory=56.2%, Storage=75.3%, Tasks=0
2026/04/10 11:04:43 Heartbeat sent: CPU=16.0%, Memory=55.7%, Storage=75.3%, Tasks=0
2026/04/10 11:04:48 Heartbeat sent: CPU=17.4%, Memory=55.8%, Storage=75.3%, Tasks=0
2026/04/10 11:04:53 Heartbeat sent: CPU=16.6%, Memory=55.7%, Storage=75.3%, Tasks=0
2026/04/10 11:04:58 Heartbeat sent: CPU=14.2%, Memory=55.9%, Storage=75.3%, Tasks=0
2026/04/10 11:05:03 Heartbeat sent: CPU=10.6%, Memory=55.7%, Storage=75.3%, Tasks=0
2026/04/10 11:05:08 Heartbeat sent: CPU=11.3%, Memory=55.8%, Storage=75.3%, Tasks=0
2026/04/10 11:05:13 Heartbeat sent: CPU=29.8%, Memory=56.2%, Storage=75.3%, Tasks=0
2026/04/10 11:05:18 Heartbeat sent: CPU=21.4%, Memory=56.8%, Storage=75.3%, Tasks=0
2026/04/10 11:05:23 Heartbeat sent: CPU=21.3%, Memory=56.8%, Storage=75.3%, Tasks=0
2026/04/10 11:05:28 Heartbeat sent: CPU=15.2%, Memory=56.2%, Storage=75.3%, Tasks=0
2026/04/10 11:05:33 Heartbeat sent: CPU=15.5%, Memory=58.6%, Storage=75.3%, Tasks=0
2026/04/10 11:05:38 Heartbeat sent: CPU=10.5%, Memory=56.1%, Storage=75.3%, Tasks=0
2026/04/10 11:05:43 Heartbeat sent: CPU=13.1%, Memory=55.5%, Storage=75.3%, Tasks=0
2026/04/10 11:05:48 Heartbeat sent: CPU=21.5%, Memory=58.6%, Storage=75.3%, Tasks=0
2026/04/10 11:05:53 Heartbeat sent: CPU=11.0%, Memory=56.1%, Storage=75.3%, Tasks=0
2026/04/10 11:05:58 Heartbeat sent: CPU=16.7%, Memory=58.1%, Storage=75.3%, Tasks=0
2026/04/10 11:06:03 Heartbeat sent: CPU=9.8%, Memory=56.6%, Storage=75.3%, Tasks=0
2026/04/10 11:06:08 Heartbeat sent: CPU=12.9%, Memory=55.2%, Storage=75.3%, Tasks=0
2026/04/10 11:06:13 Heartbeat sent: CPU=14.6%, Memory=54.7%, Storage=75.3%, Tasks=0
2026/04/10 11:06:18 Heartbeat sent: CPU=16.0%, Memory=55.0%, Storage=75.3%, Tasks=0
2026/04/10 11:06:23 Heartbeat sent: CPU=12.7%, Memory=56.9%, Storage=75.3%, Tasks=0
2026/04/10 11:06:28 Heartbeat sent: CPU=30.8%, Memory=56.3%, Storage=75.3%, Tasks=0
2026/04/10 11:06:33 Heartbeat sent: CPU=9.4%, Memory=56.2%, Storage=75.3%, Tasks=0
2026/04/10 11:06:38 Heartbeat sent: CPU=9.4%, Memory=56.1%, Storage=75.3%, Tasks=0
2026/04/10 11:06:43 Heartbeat sent: CPU=15.0%, Memory=54.8%, Storage=75.3%, Tasks=0
2026/04/10 11:06:48 Heartbeat sent: CPU=12.3%, Memory=56.1%, Storage=75.3%, Tasks=0
2026/04/10 11:06:53 Heartbeat sent: CPU=15.5%, Memory=56.6%, Storage=75.3%, Tasks=0
2026/04/10 11:06:58 Heartbeat sent: CPU=17.3%, Memory=58.0%, Storage=75.3%, Tasks=0
2026/04/10 11:07:03 Heartbeat sent: CPU=11.9%, Memory=56.1%, Storage=75.3%, Tasks=0
2026/04/10 11:07:08 Heartbeat sent: CPU=12.1%, Memory=55.3%, Storage=75.3%, Tasks=0
2026/04/10 11:07:13 Heartbeat sent: CPU=9.9%, Memory=55.0%, Storage=75.3%, Tasks=0
2026/04/10 11:07:18 Heartbeat sent: CPU=10.7%, Memory=54.5%, Storage=75.3%, Tasks=0
2026/04/10 11:07:23 Heartbeat sent: CPU=8.5%, Memory=54.2%, Storage=75.3%, Tasks=0
2026/04/10 11:07:28 Heartbeat sent: CPU=13.3%, Memory=55.0%, Storage=75.3%, Tasks=0
2026/04/10 11:07:33 Heartbeat sent: CPU=13.0%, Memory=55.0%, Storage=75.3%, Tasks=0
2026/04/10 11:07:38 Heartbeat sent: CPU=9.0%, Memory=55.6%, Storage=75.3%, Tasks=0
2026/04/10 11:07:43 Heartbeat sent: CPU=18.3%, Memory=55.7%, Storage=75.3%, Tasks=0
2026/04/10 11:07:48 Heartbeat sent: CPU=12.6%, Memory=55.4%, Storage=75.3%, Tasks=0
2026/04/10 11:07:53 Heartbeat sent: CPU=17.4%, Memory=55.9%, Storage=75.3%, Tasks=0
2026/04/10 11:07:58 Heartbeat sent: CPU=14.3%, Memory=56.0%, Storage=75.3%, Tasks=0
2026/04/10 11:08:03 Heartbeat sent: CPU=20.9%, Memory=58.0%, Storage=75.3%, Tasks=0
2026/04/10 11:08:08 Heartbeat sent: CPU=16.2%, Memory=57.7%, Storage=75.3%, Tasks=0
2026/04/10 11:08:13 Heartbeat sent: CPU=13.0%, Memory=57.6%, Storage=75.3%, Tasks=0
2026/04/10 11:08:18 Heartbeat sent: CPU=14.3%, Memory=57.0%, Storage=75.3%, Tasks=0
2026/04/10 11:08:23 Heartbeat sent: CPU=10.6%, Memory=57.2%, Storage=75.3%, Tasks=0
2026/04/10 11:08:28 Heartbeat sent: CPU=24.4%, Memory=57.9%, Storage=75.3%, Tasks=0
2026/04/10 11:08:33 Heartbeat sent: CPU=11.2%, Memory=56.9%, Storage=75.3%, Tasks=0
2026/04/10 11:08:38 Heartbeat sent: CPU=10.4%, Memory=55.9%, Storage=75.3%, Tasks=0
2026/04/10 11:08:43 Heartbeat sent: CPU=13.2%, Memory=57.0%, Storage=75.3%, Tasks=0
2026/04/10 11:08:48 Heartbeat sent: CPU=12.8%, Memory=56.5%, Storage=75.3%, Tasks=0
2026/04/10 11:08:53 Heartbeat sent: CPU=12.4%, Memory=56.8%, Storage=75.3%, Tasks=0
2026/04/10 11:08:58 Heartbeat sent: CPU=10.3%, Memory=57.0%, Storage=75.3%, Tasks=0
2026/04/10 11:09:03 Heartbeat sent: CPU=10.3%, Memory=56.9%, Storage=75.3%, Tasks=0
2026/04/10 11:09:08 Heartbeat sent: CPU=10.1%, Memory=56.8%, Storage=75.3%, Tasks=0
2026/04/10 11:09:13 Heartbeat sent: CPU=9.8%, Memory=56.9%, Storage=75.3%, Tasks=0
2026/04/10 11:09:18 Heartbeat sent: CPU=11.8%, Memory=56.8%, Storage=75.3%, Tasks=0
2026/04/10 11:09:23 Heartbeat sent: CPU=10.6%, Memory=56.8%, Storage=75.3%, Tasks=0
2026/04/10 11:09:28 Heartbeat sent: CPU=13.3%, Memory=56.9%, Storage=75.3%, Tasks=0
2026/04/10 11:09:33 Heartbeat sent: CPU=11.5%, Memory=57.4%, Storage=75.3%, Tasks=0
2026/04/10 11:09:38 Heartbeat sent: CPU=21.1%, Memory=59.0%, Storage=75.3%, Tasks=0
2026/04/10 11:09:43 Heartbeat sent: CPU=18.3%, Memory=58.4%, Storage=75.3%, Tasks=0
2026/04/10 11:09:48 Heartbeat sent: CPU=15.0%, Memory=58.3%, Storage=75.3%, Tasks=0
2026/04/10 11:09:53 Heartbeat sent: CPU=9.4%, Memory=57.4%, Storage=75.3%, Tasks=0
2026/04/10 11:09:58 Heartbeat sent: CPU=9.4%, Memory=57.1%, Storage=75.3%, Tasks=0
2026/04/10 11:10:03 Heartbeat sent: CPU=9.2%, Memory=56.9%, Storage=75.3%, Tasks=0
2026/04/10 11:10:08 Heartbeat sent: CPU=9.4%, Memory=56.9%, Storage=75.3%, Tasks=0
2026/04/10 11:10:13 Heartbeat sent: CPU=10.8%, Memory=57.0%, Storage=75.3%, Tasks=0
2026/04/10 11:10:18 Heartbeat sent: CPU=12.2%, Memory=57.1%, Storage=75.3%, Tasks=0
2026/04/10 11:10:23 Heartbeat sent: CPU=10.1%, Memory=57.1%, Storage=75.3%, Tasks=0
2026/04/10 11:10:28 Heartbeat sent: CPU=9.6%, Memory=57.1%, Storage=75.3%, Tasks=0
2026/04/10 11:10:33 Heartbeat sent: CPU=9.6%, Memory=57.1%, Storage=75.3%, Tasks=0
2026/04/10 11:10:38 Heartbeat sent: CPU=9.6%, Memory=57.1%, Storage=75.3%, Tasks=0
2026/04/10 11:10:43 Heartbeat sent: CPU=9.2%, Memory=57.1%, Storage=75.3%, Tasks=0
2026/04/10 11:10:48 Heartbeat sent: CPU=9.1%, Memory=57.2%, Storage=75.3%, Tasks=0
2026/04/10 11:10:53 Heartbeat sent: CPU=10.0%, Memory=57.2%, Storage=75.3%, Tasks=0
2026/04/10 11:10:58 Heartbeat sent: CPU=9.8%, Memory=57.1%, Storage=75.3%, Tasks=0
2026/04/10 11:11:03 Heartbeat sent: CPU=9.5%, Memory=57.1%, Storage=75.3%, Tasks=0
2026/04/10 11:11:08 Heartbeat sent: CPU=9.9%, Memory=57.1%, Storage=75.3%, Tasks=0
2026/04/10 11:11:13 Heartbeat sent: CPU=10.1%, Memory=57.0%, Storage=75.3%, Tasks=0
2026/04/10 11:11:18 Heartbeat sent: CPU=10.9%, Memory=57.0%, Storage=75.3%, Tasks=0
2026/04/10 11:11:23 Heartbeat sent: CPU=9.3%, Memory=57.0%, Storage=75.3%, Tasks=0
2026/04/10 11:11:28 Heartbeat sent: CPU=9.8%, Memory=56.8%, Storage=75.3%, Tasks=0
2026/04/10 11:11:33 Heartbeat sent: CPU=9.6%, Memory=57.3%, Storage=75.3%, Tasks=0
2026/04/10 11:11:38 Heartbeat sent: CPU=9.5%, Memory=57.0%, Storage=75.3%, Tasks=0
2026/04/10 11:11:43 Heartbeat sent: CPU=11.5%, Memory=56.9%, Storage=75.3%, Tasks=0
2026/04/10 11:11:48 Heartbeat sent: CPU=10.0%, Memory=57.5%, Storage=75.3%, Tasks=0
2026/04/10 11:11:53 Heartbeat sent: CPU=11.0%, Memory=56.9%, Storage=75.3%, Tasks=0
2026/04/10 11:11:58 Heartbeat sent: CPU=9.8%, Memory=56.7%, Storage=75.3%, Tasks=0
2026/04/10 11:12:03 Heartbeat sent: CPU=11.0%, Memory=56.7%, Storage=75.3%, Tasks=0
2026/04/10 11:12:08 Heartbeat sent: CPU=10.5%, Memory=56.7%, Storage=75.3%, Tasks=0
2026/04/10 11:12:13 Heartbeat sent: CPU=9.8%, Memory=56.7%, Storage=75.3%, Tasks=0
2026/04/10 11:12:18 Heartbeat sent: CPU=12.0%, Memory=56.7%, Storage=75.3%, Tasks=0
2026/04/10 11:12:23 Heartbeat sent: CPU=9.3%, Memory=56.7%, Storage=75.3%, Tasks=0
2026/04/10 11:12:28 Heartbeat sent: CPU=9.7%, Memory=57.3%, Storage=75.3%, Tasks=0
2026/04/10 11:12:33 Heartbeat sent: CPU=9.2%, Memory=56.9%, Storage=75.3%, Tasks=0
2026/04/10 11:12:38 Heartbeat sent: CPU=9.9%, Memory=56.7%, Storage=75.3%, Tasks=0
2026/04/10 11:12:43 Heartbeat sent: CPU=9.4%, Memory=56.7%, Storage=75.3%, Tasks=0
2026/04/10 11:12:48 Heartbeat sent: CPU=11.1%, Memory=56.7%, Storage=75.3%, Tasks=0
2026/04/10 11:12:53 Heartbeat sent: CPU=12.1%, Memory=56.8%, Storage=75.3%, Tasks=0
2026/04/10 11:12:58 Heartbeat sent: CPU=10.3%, Memory=56.8%, Storage=75.3%, Tasks=0
2026/04/10 11:13:03 Heartbeat sent: CPU=9.3%, Memory=56.8%, Storage=75.3%, Tasks=0
2026/04/10 11:13:08 Heartbeat sent: CPU=10.4%, Memory=56.9%, Storage=75.3%, Tasks=0
2026/04/10 11:13:13 Heartbeat sent: CPU=18.1%, Memory=59.2%, Storage=75.3%, Tasks=0
2026/04/10 11:13:18 Heartbeat sent: CPU=23.4%, Memory=58.7%, Storage=75.3%, Tasks=0
2026/04/10 11:13:23 Heartbeat sent: CPU=18.2%, Memory=57.5%, Storage=75.3%, Tasks=0
2026/04/10 11:13:28 Heartbeat sent: CPU=13.8%, Memory=58.3%, Storage=75.3%, Tasks=0
2026/04/10 11:13:33 Heartbeat sent: CPU=11.6%, Memory=58.3%, Storage=75.3%, Tasks=0
2026/04/10 11:13:38 Heartbeat sent: CPU=17.5%, Memory=57.7%, Storage=75.3%, Tasks=0
2026/04/10 11:13:43 Heartbeat sent: CPU=10.9%, Memory=57.5%, Storage=75.3%, Tasks=0
2026/04/10 11:13:48 Heartbeat sent: CPU=11.4%, Memory=57.4%, Storage=75.3%, Tasks=0
2026/04/10 11:13:53 Heartbeat sent: CPU=9.8%, Memory=57.4%, Storage=75.3%, Tasks=0
2026/04/10 11:13:58 Heartbeat sent: CPU=10.4%, Memory=57.4%, Storage=75.3%, Tasks=0
2026/04/10 11:14:03 Heartbeat sent: CPU=10.6%, Memory=57.4%, Storage=75.3%, Tasks=0
2026/04/10 11:14:08 Heartbeat sent: CPU=10.5%, Memory=57.4%, Storage=75.3%, Tasks=0
2026/04/10 11:14:13 Heartbeat sent: CPU=9.7%, Memory=57.4%, Storage=75.3%, Tasks=0
2026/04/10 11:14:18 Heartbeat sent: CPU=11.4%, Memory=57.1%, Storage=75.3%, Tasks=0
2026/04/10 11:14:23 Heartbeat sent: CPU=12.3%, Memory=57.2%, Storage=75.3%, Tasks=0
2026/04/10 11:14:28 Heartbeat sent: CPU=9.3%, Memory=57.2%, Storage=75.3%, Tasks=0
2026/04/10 11:14:33 Heartbeat sent: CPU=9.4%, Memory=57.2%, Storage=75.3%, Tasks=0
2026/04/10 11:14:38 Heartbeat sent: CPU=9.2%, Memory=57.3%, Storage=75.3%, Tasks=0
2026/04/10 11:14:43 Heartbeat sent: CPU=10.6%, Memory=57.2%, Storage=75.3%, Tasks=0
2026/04/10 11:14:48 Heartbeat sent: CPU=10.3%, Memory=57.3%, Storage=75.3%, Tasks=0
2026/04/10 11:14:53 Heartbeat sent: CPU=9.3%, Memory=57.3%, Storage=75.3%, Tasks=0
2026/04/10 11:14:58 Heartbeat sent: CPU=9.6%, Memory=57.3%, Storage=75.3%, Tasks=0
2026/04/10 11:15:03 Heartbeat sent: CPU=9.2%, Memory=57.6%, Storage=75.3%, Tasks=0
2026/04/10 11:15:08 Heartbeat sent: CPU=9.8%, Memory=57.4%, Storage=75.3%, Tasks=0
2026/04/10 11:15:13 Heartbeat sent: CPU=12.1%, Memory=57.3%, Storage=75.3%, Tasks=0
2026/04/10 11:15:18 Heartbeat sent: CPU=11.2%, Memory=57.3%, Storage=75.3%, Tasks=0
2026/04/10 11:15:23 Heartbeat sent: CPU=8.9%, Memory=57.3%, Storage=75.3%, Tasks=0
2026/04/10 11:15:28 Heartbeat sent: CPU=10.6%, Memory=57.3%, Storage=75.3%, Tasks=0
2026/04/10 11:15:33 Heartbeat sent: CPU=9.8%, Memory=57.4%, Storage=75.3%, Tasks=0
2026/04/10 11:15:38 Heartbeat sent: CPU=9.1%, Memory=57.3%, Storage=75.3%, Tasks=0
2026/04/10 11:15:43 Heartbeat sent: CPU=9.6%, Memory=57.3%, Storage=75.3%, Tasks=0
2026/04/10 11:15:48 Heartbeat sent: CPU=10.3%, Memory=57.1%, Storage=75.3%, Tasks=0
2026/04/10 11:15:53 Heartbeat sent: CPU=9.8%, Memory=57.2%, Storage=75.3%, Tasks=0
2026/04/10 11:15:58 Heartbeat sent: CPU=10.4%, Memory=57.2%, Storage=75.3%, Tasks=0
2026/04/10 11:16:03 Heartbeat sent: CPU=8.4%, Memory=57.2%, Storage=75.3%, Tasks=0
2026/04/10 11:16:08 Heartbeat sent: CPU=9.5%, Memory=57.2%, Storage=75.3%, Tasks=0
2026/04/10 11:16:13 Heartbeat sent: CPU=10.0%, Memory=57.2%, Storage=75.3%, Tasks=0
2026/04/10 11:16:18 Heartbeat sent: CPU=10.3%, Memory=57.2%, Storage=75.3%, Tasks=0
2026/04/10 11:16:23 Heartbeat sent: CPU=9.7%, Memory=57.1%, Storage=75.3%, Tasks=0
2026/04/10 11:16:28 Heartbeat sent: CPU=9.7%, Memory=57.2%, Storage=75.3%, Tasks=0
2026/04/10 11:16:33 Heartbeat sent: CPU=10.6%, Memory=57.1%, Storage=75.3%, Tasks=0
2026/04/10 11:16:38 Heartbeat sent: CPU=9.3%, Memory=57.1%, Storage=75.3%, Tasks=0
2026/04/10 11:16:43 Heartbeat sent: CPU=10.7%, Memory=57.1%, Storage=75.3%, Tasks=0
2026/04/10 11:16:48 Heartbeat sent: CPU=9.2%, Memory=57.1%, Storage=75.3%, Tasks=0
2026/04/10 11:16:53 Heartbeat sent: CPU=10.4%, Memory=57.1%, Storage=75.3%, Tasks=0
2026/04/10 11:16:58 Heartbeat sent: CPU=9.8%, Memory=57.9%, Storage=75.3%, Tasks=0
2026/04/10 11:17:03 Heartbeat sent: CPU=8.9%, Memory=57.4%, Storage=75.3%, Tasks=0
2026/04/10 11:17:08 Heartbeat sent: CPU=9.5%, Memory=57.2%, Storage=75.3%, Tasks=0
2026/04/10 11:17:13 Heartbeat sent: CPU=10.1%, Memory=57.1%, Storage=75.3%, Tasks=0
2026/04/10 11:17:18 Heartbeat sent: CPU=11.3%, Memory=57.1%, Storage=75.3%, Tasks=0
2026/04/10 11:17:23 Heartbeat sent: CPU=10.3%, Memory=57.1%, Storage=75.3%, Tasks=0
2026/04/10 11:17:28 Heartbeat sent: CPU=9.7%, Memory=57.1%, Storage=75.3%, Tasks=0
2026/04/10 11:17:33 Heartbeat sent: CPU=10.2%, Memory=57.1%, Storage=75.3%, Tasks=0
2026/04/10 11:17:38 Heartbeat sent: CPU=9.4%, Memory=57.1%, Storage=75.3%, Tasks=0
2026/04/10 11:17:43 Heartbeat sent: CPU=9.4%, Memory=57.1%, Storage=75.3%, Tasks=0
2026/04/10 11:17:48 Heartbeat sent: CPU=9.7%, Memory=57.1%, Storage=75.3%, Tasks=0
2026/04/10 11:17:53 Heartbeat sent: CPU=8.9%, Memory=57.1%, Storage=75.3%, Tasks=0
2026/04/10 11:17:58 Heartbeat sent: CPU=9.3%, Memory=57.1%, Storage=75.3%, Tasks=0
2026/04/10 11:18:03 Heartbeat sent: CPU=8.9%, Memory=57.2%, Storage=75.3%, Tasks=0
2026/04/10 11:18:08 Heartbeat sent: CPU=9.0%, Memory=57.2%, Storage=75.3%, Tasks=0
2026/04/10 11:18:13 Heartbeat sent: CPU=9.4%, Memory=57.2%, Storage=75.3%, Tasks=0
2026/04/10 11:18:18 Heartbeat sent: CPU=11.9%, Memory=57.2%, Storage=75.3%, Tasks=0
2026/04/10 11:18:23 Heartbeat sent: CPU=9.8%, Memory=57.2%, Storage=75.3%, Tasks=0
2026/04/10 11:18:28 Heartbeat sent: CPU=10.6%, Memory=57.2%, Storage=75.3%, Tasks=0
2026/04/10 11:18:33 Heartbeat sent: CPU=9.5%, Memory=57.2%, Storage=75.3%, Tasks=0
2026/04/10 11:18:38 Heartbeat sent: CPU=11.1%, Memory=57.2%, Storage=75.3%, Tasks=0
2026/04/10 11:18:43 Heartbeat sent: CPU=36.6%, Memory=57.8%, Storage=75.3%, Tasks=0
2026/04/10 11:18:48 Heartbeat sent: CPU=19.3%, Memory=58.2%, Storage=75.3%, Tasks=0
2026/04/10 11:18:53 Heartbeat sent: CPU=18.2%, Memory=58.2%, Storage=75.3%, Tasks=0
2026/04/10 11:18:58 Heartbeat sent: CPU=21.5%, Memory=59.0%, Storage=75.3%, Tasks=0
2026/04/10 11:19:03 Heartbeat sent: CPU=18.1%, Memory=58.4%, Storage=75.3%, Tasks=0
2026/04/10 11:19:08 Heartbeat sent: CPU=11.3%, Memory=58.3%, Storage=75.3%, Tasks=0
2026/04/10 11:19:13 Heartbeat sent: CPU=11.0%, Memory=58.1%, Storage=75.3%, Tasks=0
2026/04/10 11:19:18 Heartbeat sent: CPU=17.6%, Memory=58.2%, Storage=75.3%, Tasks=0
2026/04/10 11:19:23 Heartbeat sent: CPU=12.2%, Memory=58.2%, Storage=75.3%, Tasks=0
2026/04/10 11:19:28 Heartbeat sent: CPU=10.1%, Memory=58.2%, Storage=75.3%, Tasks=0
2026/04/10 11:19:33 Heartbeat sent: CPU=9.6%, Memory=58.2%, Storage=75.3%, Tasks=0
2026/04/10 11:19:38 Heartbeat sent: CPU=12.9%, Memory=58.5%, Storage=75.3%, Tasks=0
2026/04/10 11:19:43 Heartbeat sent: CPU=10.4%, Memory=58.4%, Storage=75.3%, Tasks=0
2026/04/10 11:19:48 Heartbeat sent: CPU=13.8%, Memory=58.6%, Storage=75.3%, Tasks=0
2026/04/10 11:19:53 Heartbeat sent: CPU=10.3%, Memory=58.6%, Storage=75.3%, Tasks=0
2026/04/10 11:19:58 Heartbeat sent: CPU=15.5%, Memory=58.6%, Storage=75.3%, Tasks=0
2026/04/10 11:20:03 Heartbeat sent: CPU=13.3%, Memory=63.5%, Storage=75.3%, Tasks=0
2026/04/10 11:20:08 Heartbeat sent: CPU=9.9%, Memory=63.5%, Storage=75.3%, Tasks=0
2026/04/10 11:20:13 Heartbeat sent: CPU=10.8%, Memory=63.5%, Storage=75.3%, Tasks=0
2026/04/10 11:20:18 Heartbeat sent: CPU=13.8%, Memory=63.5%, Storage=75.3%, Tasks=0
2026/04/10 11:20:23 Heartbeat sent: CPU=10.2%, Memory=63.5%, Storage=75.3%, Tasks=0
2026/04/10 11:20:28 Heartbeat sent: CPU=12.7%, Memory=63.5%, Storage=75.3%, Tasks=0
2026/04/10 11:20:33 Heartbeat sent: CPU=10.9%, Memory=63.4%, Storage=75.3%, Tasks=0
2026/04/10 11:20:38 Heartbeat sent: CPU=12.4%, Memory=63.4%, Storage=75.3%, Tasks=0
2026/04/10 11:20:43 Heartbeat sent: CPU=10.1%, Memory=63.4%, Storage=75.3%, Tasks=0
2026/04/10 11:20:48 Heartbeat sent: CPU=10.3%, Memory=63.4%, Storage=75.3%, Tasks=0
2026/04/10 11:20:53 Heartbeat sent: CPU=10.4%, Memory=63.4%, Storage=75.3%, Tasks=0
2026/04/10 11:20:58 Heartbeat sent: CPU=10.5%, Memory=63.4%, Storage=75.3%, Tasks=0
2026/04/10 11:21:03 Heartbeat sent: CPU=9.5%, Memory=63.3%, Storage=75.3%, Tasks=0
2026/04/10 11:21:08 Heartbeat sent: CPU=10.3%, Memory=63.3%, Storage=75.3%, Tasks=0
2026/04/10 11:21:13 Heartbeat sent: CPU=12.4%, Memory=63.4%, Storage=75.3%, Tasks=0
2026/04/10 11:21:18 Heartbeat sent: CPU=12.5%, Memory=63.3%, Storage=75.3%, Tasks=0
2026/04/10 11:21:23 Heartbeat sent: CPU=10.7%, Memory=63.3%, Storage=75.3%, Tasks=0
2026/04/10 11:21:28 Heartbeat sent: CPU=16.8%, Memory=63.3%, Storage=75.3%, Tasks=0
2026/04/10 11:21:33 Heartbeat sent: CPU=10.9%, Memory=63.3%, Storage=75.3%, Tasks=0
2026/04/10 11:21:38 Heartbeat sent: CPU=10.2%, Memory=63.2%, Storage=75.3%, Tasks=0
2026/04/10 11:21:43 Heartbeat sent: CPU=11.4%, Memory=63.3%, Storage=75.3%, Tasks=0
2026/04/10 11:21:48 Heartbeat sent: CPU=11.4%, Memory=63.3%, Storage=75.3%, Tasks=0
2026/04/10 11:21:53 Heartbeat sent: CPU=11.1%, Memory=63.0%, Storage=75.3%, Tasks=0
2026/04/10 11:21:58 Heartbeat sent: CPU=10.2%, Memory=62.7%, Storage=75.3%, Tasks=0
2026/04/10 11:22:03 Heartbeat sent: CPU=24.2%, Memory=63.1%, Storage=75.3%, Tasks=0
2026/04/10 11:22:08 Heartbeat sent: CPU=9.5%, Memory=63.1%, Storage=75.3%, Tasks=0
2026/04/10 11:22:13 Heartbeat sent: CPU=11.5%, Memory=63.1%, Storage=75.3%, Tasks=0
2026/04/10 11:22:18 Heartbeat sent: CPU=12.2%, Memory=63.1%, Storage=75.3%, Tasks=0
2026/04/10 11:22:23 Heartbeat sent: CPU=10.0%, Memory=63.0%, Storage=75.3%, Tasks=0
2026/04/10 11:22:28 Heartbeat sent: CPU=20.4%, Memory=63.1%, Storage=75.3%, Tasks=0
2026/04/10 11:22:33 Heartbeat sent: CPU=9.1%, Memory=63.0%, Storage=75.3%, Tasks=0
2026/04/10 11:22:38 Heartbeat sent: CPU=9.7%, Memory=63.2%, Storage=75.3%, Tasks=0
2026/04/10 11:22:43 Heartbeat sent: CPU=18.5%, Memory=63.2%, Storage=75.3%, Tasks=0
2026/04/10 11:22:48 Heartbeat sent: CPU=20.1%, Memory=63.3%, Storage=75.3%, Tasks=0
2026/04/10 11:22:53 Heartbeat sent: CPU=14.6%, Memory=63.3%, Storage=75.3%, Tasks=0
2026/04/10 11:22:58 Heartbeat sent: CPU=9.5%, Memory=63.2%, Storage=75.3%, Tasks=0
2026/04/10 11:23:03 Heartbeat sent: CPU=9.1%, Memory=63.3%, Storage=75.3%, Tasks=0
2026/04/10 11:23:08 Heartbeat sent: CPU=9.5%, Memory=63.2%, Storage=75.3%, Tasks=0
2026/04/10 11:23:13 Heartbeat sent: CPU=10.6%, Memory=63.2%, Storage=75.3%, Tasks=0
2026/04/10 11:23:18 Heartbeat sent: CPU=11.8%, Memory=63.3%, Storage=75.3%, Tasks=0
2026/04/10 11:23:23 Heartbeat sent: CPU=8.7%, Memory=63.3%, Storage=75.3%, Tasks=0
2026/04/10 11:23:28 Heartbeat sent: CPU=17.8%, Memory=63.2%, Storage=75.3%, Tasks=0
2026/04/10 11:23:33 Heartbeat sent: CPU=11.0%, Memory=63.3%, Storage=75.3%, Tasks=0
2026/04/10 11:23:38 Heartbeat sent: CPU=9.6%, Memory=63.2%, Storage=75.3%, Tasks=0
2026/04/10 11:23:43 Heartbeat sent: CPU=17.6%, Memory=63.3%, Storage=75.3%, Tasks=0
2026/04/10 11:23:48 Heartbeat sent: CPU=9.9%, Memory=63.2%, Storage=75.3%, Tasks=0
2026/04/10 11:23:53 Heartbeat sent: CPU=9.3%, Memory=63.0%, Storage=75.3%, Tasks=0
2026/04/10 11:24:17 Heartbeat sent: CPU=22.1%, Memory=62.6%, Storage=75.3%, Tasks=0
2026/04/10 11:24:22 Heartbeat sent: CPU=20.5%, Memory=62.3%, Storage=75.3%, Tasks=0
2026/04/10 11:24:27 Heartbeat sent: CPU=19.9%, Memory=62.0%, Storage=75.3%, Tasks=0
2026/04/10 11:24:32 Heartbeat sent: CPU=17.2%, Memory=62.3%, Storage=75.3%, Tasks=0
2026/04/10 11:24:37 Heartbeat sent: CPU=13.9%, Memory=61.5%, Storage=75.3%, Tasks=0
2026/04/10 11:24:42 Heartbeat sent: CPU=13.0%, Memory=61.1%, Storage=75.3%, Tasks=0
2026/04/10 11:24:47 Heartbeat sent: CPU=10.4%, Memory=61.1%, Storage=75.3%, Tasks=0
2026/04/10 11:24:52 Heartbeat sent: CPU=10.2%, Memory=60.5%, Storage=75.3%, Tasks=0
2026/04/10 11:24:57 Heartbeat sent: CPU=9.9%, Memory=61.0%, Storage=75.3%, Tasks=0
2026/04/10 11:25:02 Heartbeat sent: CPU=10.6%, Memory=60.6%, Storage=75.3%, Tasks=0
2026/04/10 11:25:07 Heartbeat sent: CPU=11.1%, Memory=61.1%, Storage=75.3%, Tasks=0
2026/04/10 11:25:12 Heartbeat sent: CPU=10.3%, Memory=60.8%, Storage=75.3%, Tasks=0
2026/04/10 11:25:17 Heartbeat sent: CPU=11.0%, Memory=60.7%, Storage=75.3%, Tasks=0
2026/04/10 11:25:22 Heartbeat sent: CPU=13.2%, Memory=60.5%, Storage=75.3%, Tasks=0
2026/04/10 11:25:27 Heartbeat sent: CPU=10.2%, Memory=60.6%, Storage=75.3%, Tasks=0
2026/04/10 11:25:32 Heartbeat sent: CPU=12.8%, Memory=60.6%, Storage=75.3%, Tasks=0
2026/04/10 11:25:37 Heartbeat sent: CPU=11.2%, Memory=60.6%, Storage=75.3%, Tasks=0
2026/04/10 11:25:42 Heartbeat sent: CPU=10.8%, Memory=60.5%, Storage=75.3%, Tasks=0
2026/04/10 11:25:47 Heartbeat sent: CPU=12.0%, Memory=60.7%, Storage=75.3%, Tasks=0
2026/04/10 11:25:52 Heartbeat sent: CPU=10.6%, Memory=60.9%, Storage=75.3%, Tasks=0
2026/04/10 11:25:57 Heartbeat sent: CPU=10.2%, Memory=60.8%, Storage=75.3%, Tasks=0
2026/04/10 11:26:02 Heartbeat sent: CPU=12.7%, Memory=60.6%, Storage=75.3%, Tasks=0
2026/04/10 11:26:07 Heartbeat sent: CPU=11.6%, Memory=60.7%, Storage=75.3%, Tasks=0
2026/04/10 11:26:12 Heartbeat sent: CPU=10.9%, Memory=60.9%, Storage=75.3%, Tasks=0
2026/04/10 11:26:17 Heartbeat sent: CPU=13.7%, Memory=60.8%, Storage=75.3%, Tasks=0
2026/04/10 11:26:22 Heartbeat sent: CPU=10.5%, Memory=60.7%, Storage=75.3%, Tasks=0
2026/04/10 11:26:27 Heartbeat sent: CPU=11.2%, Memory=60.7%, Storage=75.3%, Tasks=0
2026/04/10 11:26:32 Heartbeat sent: CPU=10.0%, Memory=60.9%, Storage=75.3%, Tasks=0
2026/04/10 11:26:37 Heartbeat sent: CPU=10.8%, Memory=60.8%, Storage=75.3%, Tasks=0
2026/04/10 11:26:42 Heartbeat sent: CPU=9.9%, Memory=60.6%, Storage=75.3%, Tasks=0
2026/04/10 11:26:47 Heartbeat sent: CPU=18.5%, Memory=63.0%, Storage=75.3%, Tasks=0
2026/04/10 11:26:52 Heartbeat sent: CPU=9.2%, Memory=62.8%, Storage=75.3%, Tasks=0
2026/04/10 11:26:57 Heartbeat sent: CPU=8.8%, Memory=61.4%, Storage=75.3%, Tasks=0
2026/04/10 11:27:02 Heartbeat sent: CPU=10.4%, Memory=63.0%, Storage=75.3%, Tasks=0
2026/04/10 11:27:07 Heartbeat sent: CPU=11.0%, Memory=62.8%, Storage=75.3%, Tasks=0
2026/04/10 11:27:12 Heartbeat sent: CPU=11.0%, Memory=61.2%, Storage=75.3%, Tasks=0
2026/04/10 11:27:17 Heartbeat sent: CPU=12.6%, Memory=60.7%, Storage=75.3%, Tasks=0
2026/04/10 11:27:22 Heartbeat sent: CPU=9.4%, Memory=60.6%, Storage=75.3%, Tasks=0
2026/04/10 11:27:27 Heartbeat sent: CPU=22.9%, Memory=64.4%, Storage=75.3%, Tasks=0
2026/04/10 11:27:32 Heartbeat sent: CPU=8.8%, Memory=60.5%, Storage=75.3%, Tasks=0
2026/04/10 11:27:37 Heartbeat sent: CPU=9.2%, Memory=59.6%, Storage=75.3%, Tasks=0
2026/04/10 11:27:42 Heartbeat sent: CPU=14.2%, Memory=61.2%, Storage=75.3%, Tasks=0
2026/04/10 11:27:47 Heartbeat sent: CPU=31.3%, Memory=62.9%, Storage=75.3%, Tasks=0
2026/04/10 11:27:52 Heartbeat sent: CPU=16.7%, Memory=63.0%, Storage=75.3%, Tasks=0
2026/04/10 11:27:57 Heartbeat sent: CPU=9.9%, Memory=63.2%, Storage=75.3%, Tasks=0
2026/04/10 11:28:02 Heartbeat sent: CPU=13.0%, Memory=63.0%, Storage=75.3%, Tasks=0
2026/04/10 11:28:07 Heartbeat sent: CPU=17.0%, Memory=64.6%, Storage=75.3%, Tasks=0
2026/04/10 11:28:12 Heartbeat sent: CPU=12.0%, Memory=63.1%, Storage=75.3%, Tasks=0
2026/04/10 11:28:17 Heartbeat sent: CPU=14.4%, Memory=62.4%, Storage=75.3%, Tasks=0
2026/04/10 11:28:22 Heartbeat sent: CPU=16.5%, Memory=62.6%, Storage=75.3%, Tasks=0
2026/04/10 11:28:27 Heartbeat sent: CPU=17.4%, Memory=62.6%, Storage=75.3%, Tasks=0
2026/04/10 11:28:32 Heartbeat sent: CPU=13.9%, Memory=62.7%, Storage=75.3%, Tasks=0
2026/04/10 11:28:37 Heartbeat sent: CPU=21.9%, Memory=62.5%, Storage=75.3%, Tasks=0
2026/04/10 11:28:42 Heartbeat sent: CPU=15.6%, Memory=62.6%, Storage=75.3%, Tasks=0
2026/04/10 11:28:47 Heartbeat sent: CPU=21.5%, Memory=63.1%, Storage=75.3%, Tasks=0
2026/04/10 11:28:52 Heartbeat sent: CPU=47.5%, Memory=63.9%, Storage=75.3%, Tasks=0
2026/04/10 11:28:57 Heartbeat sent: CPU=21.1%, Memory=62.6%, Storage=75.3%, Tasks=0
2026/04/10 11:29:02 Heartbeat sent: CPU=24.4%, Memory=62.1%, Storage=75.3%, Tasks=0
2026/04/10 11:29:07 Heartbeat sent: CPU=29.0%, Memory=62.9%, Storage=75.3%, Tasks=0
2026/04/10 11:29:12 Heartbeat sent: CPU=17.5%, Memory=62.3%, Storage=75.3%, Tasks=0
2026/04/10 11:29:17 Heartbeat sent: CPU=22.6%, Memory=61.5%, Storage=75.3%, Tasks=0
2026/04/10 11:29:22 Heartbeat sent: CPU=16.8%, Memory=62.3%, Storage=75.3%, Tasks=0
2026/04/10 11:29:27 Heartbeat sent: CPU=17.9%, Memory=62.9%, Storage=75.3%, Tasks=0
2026/04/10 11:29:32 Heartbeat sent: CPU=14.3%, Memory=62.2%, Storage=75.3%, Tasks=0
2026/04/10 11:29:37 Heartbeat sent: CPU=17.5%, Memory=63.5%, Storage=75.3%, Tasks=0
2026/04/10 11:29:42 Heartbeat sent: CPU=13.2%, Memory=62.3%, Storage=75.3%, Tasks=0
2026/04/10 11:29:47 Heartbeat sent: CPU=14.5%, Memory=62.7%, Storage=75.3%, Tasks=0
2026/04/10 11:29:52 Heartbeat sent: CPU=17.8%, Memory=61.0%, Storage=75.3%, Tasks=0
2026/04/10 11:29:57 Heartbeat sent: CPU=16.8%, Memory=60.2%, Storage=75.3%, Tasks=0
2026/04/10 11:30:02 Heartbeat sent: CPU=16.3%, Memory=60.7%, Storage=75.3%, Tasks=0
2026/04/10 11:30:07 Heartbeat sent: CPU=16.3%, Memory=60.5%, Storage=75.3%, Tasks=0
2026/04/10 11:30:12 Heartbeat sent: CPU=14.9%, Memory=60.1%, Storage=75.3%, Tasks=0
2026/04/10 11:30:17 Heartbeat sent: CPU=17.6%, Memory=61.4%, Storage=75.3%, Tasks=0
2026/04/10 11:30:22 Heartbeat sent: CPU=15.2%, Memory=60.3%, Storage=75.3%, Tasks=0
2026/04/10 11:30:27 Heartbeat sent: CPU=15.7%, Memory=61.2%, Storage=75.3%, Tasks=0
2026/04/10 11:30:32 Heartbeat sent: CPU=15.5%, Memory=60.2%, Storage=75.3%, Tasks=0
2026/04/10 11:30:37 Heartbeat sent: CPU=17.9%, Memory=60.4%, Storage=75.3%, Tasks=0
2026/04/10 11:30:42 Heartbeat sent: CPU=15.6%, Memory=61.3%, Storage=75.3%, Tasks=0
2026/04/10 11:30:47 Heartbeat sent: CPU=15.9%, Memory=60.0%, Storage=75.3%, Tasks=0
2026/04/10 11:30:52 Heartbeat sent: CPU=17.0%, Memory=59.5%, Storage=75.3%, Tasks=0
2026/04/10 11:30:57 Heartbeat sent: CPU=15.9%, Memory=60.0%, Storage=75.3%, Tasks=0
2026/04/10 11:31:02 Heartbeat sent: CPU=15.6%, Memory=60.0%, Storage=75.3%, Tasks=0
2026/04/10 11:31:07 Heartbeat sent: CPU=18.3%, Memory=60.1%, Storage=75.3%, Tasks=0
2026/04/10 11:31:12 Heartbeat sent: CPU=18.1%, Memory=59.9%, Storage=75.3%, Tasks=0
2026/04/10 11:31:17 Heartbeat sent: CPU=18.4%, Memory=60.1%, Storage=75.3%, Tasks=0
2026/04/10 11:31:22 Heartbeat sent: CPU=19.5%, Memory=60.1%, Storage=75.3%, Tasks=0
2026/04/10 11:31:27 Heartbeat sent: CPU=15.9%, Memory=60.1%, Storage=75.3%, Tasks=0
2026/04/10 11:31:32 Heartbeat sent: CPU=16.8%, Memory=60.1%, Storage=75.3%, Tasks=0
2026/04/10 11:31:37 Heartbeat sent: CPU=16.1%, Memory=60.2%, Storage=75.3%, Tasks=0
2026/04/10 11:31:42 Heartbeat sent: CPU=15.4%, Memory=60.6%, Storage=75.3%, Tasks=0
2026/04/10 11:31:47 Heartbeat sent: CPU=16.5%, Memory=61.8%, Storage=75.3%, Tasks=0
2026/04/10 11:31:52 Heartbeat sent: CPU=17.8%, Memory=60.3%, Storage=75.3%, Tasks=0
2026/04/10 11:31:57 Heartbeat sent: CPU=17.6%, Memory=60.0%, Storage=75.3%, Tasks=0
2026/04/10 11:32:02 Heartbeat sent: CPU=15.5%, Memory=60.3%, Storage=75.3%, Tasks=0
2026/04/10 11:32:07 Heartbeat sent: CPU=16.3%, Memory=60.2%, Storage=75.3%, Tasks=0
2026/04/10 11:32:12 Heartbeat sent: CPU=15.0%, Memory=60.0%, Storage=75.3%, Tasks=0
2026/04/10 11:32:17 Heartbeat sent: CPU=22.2%, Memory=62.1%, Storage=75.3%, Tasks=0
2026/04/10 11:32:22 Heartbeat sent: CPU=24.6%, Memory=63.0%, Storage=75.3%, Tasks=0
2026/04/10 11:32:27 Heartbeat sent: CPU=27.2%, Memory=62.4%, Storage=75.3%, Tasks=0
2026/04/10 11:32:32 Heartbeat sent: CPU=21.0%, Memory=62.3%, Storage=75.3%, Tasks=0
2026/04/10 11:32:37 Heartbeat sent: CPU=15.4%, Memory=62.3%, Storage=75.3%, Tasks=0
2026/04/10 11:32:42 Heartbeat sent: CPU=17.2%, Memory=62.2%, Storage=75.3%, Tasks=0
2026/04/10 11:32:47 Heartbeat sent: CPU=18.9%, Memory=62.5%, Storage=75.3%, Tasks=0
2026/04/10 11:32:52 Heartbeat sent: CPU=11.7%, Memory=62.5%, Storage=75.3%, Tasks=0
2026/04/10 11:32:57 Heartbeat sent: CPU=16.4%, Memory=62.4%, Storage=75.3%, Tasks=0
2026/04/10 11:33:02 Heartbeat sent: CPU=17.4%, Memory=63.0%, Storage=75.3%, Tasks=0
2026/04/10 11:33:07 Heartbeat sent: CPU=10.9%, Memory=62.7%, Storage=75.3%, Tasks=0
2026/04/10 11:33:12 Heartbeat sent: CPU=14.7%, Memory=62.6%, Storage=75.3%, Tasks=0
2026/04/10 11:33:17 Heartbeat sent: CPU=19.0%, Memory=62.6%, Storage=75.3%, Tasks=0
2026/04/10 11:33:22 Heartbeat sent: CPU=19.8%, Memory=63.9%, Storage=75.3%, Tasks=0
2026/04/10 11:33:27 Heartbeat sent: CPU=10.5%, Memory=62.1%, Storage=75.3%, Tasks=0
2026/04/10 11:33:32 Heartbeat sent: CPU=11.6%, Memory=62.5%, Storage=75.3%, Tasks=0
2026/04/10 11:33:37 Heartbeat sent: CPU=22.5%, Memory=64.0%, Storage=75.3%, Tasks=0
2026/04/10 11:33:42 Heartbeat sent: CPU=24.4%, Memory=62.4%, Storage=75.3%, Tasks=0
2026/04/10 11:33:47 Heartbeat sent: CPU=9.2%, Memory=61.2%, Storage=75.3%, Tasks=0
2026/04/10 11:33:52 Heartbeat sent: CPU=15.9%, Memory=60.9%, Storage=75.3%, Tasks=0
2026/04/10 11:33:57 Heartbeat sent: CPU=9.8%, Memory=61.5%, Storage=75.3%, Tasks=0
2026/04/10 11:34:02 Heartbeat sent: CPU=13.6%, Memory=61.3%, Storage=75.3%, Tasks=0
2026/04/10 11:34:07 Heartbeat sent: CPU=9.0%, Memory=60.6%, Storage=75.3%, Tasks=0
2026/04/10 11:34:12 Heartbeat sent: CPU=9.5%, Memory=61.0%, Storage=75.3%, Tasks=0
2026/04/10 11:34:17 Heartbeat sent: CPU=17.1%, Memory=60.2%, Storage=75.3%, Tasks=0
2026/04/10 11:34:22 Heartbeat sent: CPU=16.4%, Memory=60.7%, Storage=75.3%, Tasks=0
2026/04/10 11:34:27 Heartbeat sent: CPU=15.6%, Memory=60.1%, Storage=75.3%, Tasks=0
2026/04/10 11:34:32 Heartbeat sent: CPU=16.2%, Memory=60.7%, Storage=75.3%, Tasks=0
2026/04/10 11:34:37 Heartbeat sent: CPU=16.6%, Memory=61.1%, Storage=75.3%, Tasks=0
2026/04/10 11:34:42 Heartbeat sent: CPU=17.8%, Memory=61.0%, Storage=75.3%, Tasks=0
2026/04/10 11:34:47 Heartbeat sent: CPU=17.3%, Memory=61.2%, Storage=75.3%, Tasks=0
2026/04/10 11:34:52 Heartbeat sent: CPU=13.5%, Memory=61.6%, Storage=75.3%, Tasks=0
2026/04/10 11:34:57 Heartbeat sent: CPU=10.6%, Memory=61.2%, Storage=75.3%, Tasks=0
2026/04/10 11:35:02 Heartbeat sent: CPU=10.6%, Memory=61.0%, Storage=75.3%, Tasks=0
2026/04/10 11:35:07 Heartbeat sent: CPU=11.6%, Memory=60.8%, Storage=75.3%, Tasks=0
2026/04/10 11:35:12 Heartbeat sent: CPU=23.7%, Memory=62.8%, Storage=75.3%, Tasks=0
2026/04/10 11:35:17 Heartbeat sent: CPU=13.8%, Memory=61.2%, Storage=75.3%, Tasks=0
2026/04/10 11:35:22 Heartbeat sent: CPU=10.3%, Memory=61.5%, Storage=75.3%, Tasks=0
2026/04/10 11:35:27 Heartbeat sent: CPU=10.9%, Memory=61.5%, Storage=75.3%, Tasks=0
2026/04/10 11:35:32 Heartbeat sent: CPU=11.3%, Memory=61.4%, Storage=75.3%, Tasks=0
2026/04/10 11:35:37 Heartbeat sent: CPU=22.1%, Memory=62.9%, Storage=75.3%, Tasks=0
2026/04/10 11:35:42 Heartbeat sent: CPU=14.0%, Memory=61.5%, Storage=75.3%, Tasks=0
2026/04/10 11:35:47 Heartbeat sent: CPU=12.0%, Memory=62.2%, Storage=75.3%, Tasks=0
2026/04/10 11:35:52 Heartbeat sent: CPU=15.2%, Memory=61.9%, Storage=75.3%, Tasks=0
2026/04/10 11:35:57 Heartbeat sent: CPU=17.5%, Memory=62.1%, Storage=75.3%, Tasks=0
2026/04/10 11:36:02 Heartbeat sent: CPU=14.5%, Memory=62.0%, Storage=75.3%, Tasks=0
2026/04/10 11:36:07 Heartbeat sent: CPU=22.7%, Memory=62.1%, Storage=75.3%, Tasks=0
2026/04/10 11:36:12 Heartbeat sent: CPU=11.3%, Memory=61.5%, Storage=75.3%, Tasks=0
2026/04/10 11:36:17 Heartbeat sent: CPU=16.3%, Memory=61.7%, Storage=75.3%, Tasks=0
2026/04/10 11:36:22 Heartbeat sent: CPU=15.7%, Memory=61.5%, Storage=75.3%, Tasks=0
2026/04/10 11:36:27 Heartbeat sent: CPU=13.8%, Memory=61.6%, Storage=75.3%, Tasks=0
2026/04/10 11:36:32 Heartbeat sent: CPU=11.5%, Memory=61.7%, Storage=75.3%, Tasks=0
2026/04/10 11:36:37 Heartbeat sent: CPU=10.8%, Memory=60.8%, Storage=75.3%, Tasks=0
2026/04/10 11:36:42 Heartbeat sent: CPU=12.4%, Memory=63.2%, Storage=75.3%, Tasks=0
2026/04/10 11:36:47 Heartbeat sent: CPU=15.3%, Memory=61.7%, Storage=75.3%, Tasks=0
2026/04/10 11:36:52 Heartbeat sent: CPU=11.3%, Memory=61.7%, Storage=75.3%, Tasks=0
2026/04/10 11:36:57 Heartbeat sent: CPU=15.0%, Memory=61.8%, Storage=75.3%, Tasks=0
2026/04/10 11:37:02 Heartbeat sent: CPU=11.1%, Memory=61.0%, Storage=75.3%, Tasks=0
2026/04/10 11:37:07 Heartbeat sent: CPU=11.0%, Memory=62.8%, Storage=75.3%, Tasks=0
2026/04/10 11:37:12 Heartbeat sent: CPU=8.3%, Memory=60.3%, Storage=75.3%, Tasks=0
2026/04/10 11:37:17 Heartbeat sent: CPU=19.1%, Memory=61.5%, Storage=75.3%, Tasks=0
2026/04/10 11:37:22 Heartbeat sent: CPU=14.4%, Memory=61.4%, Storage=75.3%, Tasks=0
2026/04/10 11:37:27 Heartbeat sent: CPU=15.3%, Memory=60.6%, Storage=75.3%, Tasks=0
2026/04/10 11:37:32 Heartbeat sent: CPU=16.6%, Memory=60.0%, Storage=75.3%, Tasks=0
2026/04/10 11:37:37 Heartbeat sent: CPU=16.0%, Memory=62.0%, Storage=75.3%, Tasks=0
2026/04/10 11:37:42 Heartbeat sent: CPU=17.2%, Memory=61.9%, Storage=75.3%, Tasks=0
2026/04/10 11:37:47 Heartbeat sent: CPU=17.4%, Memory=61.5%, Storage=75.3%, Tasks=0
2026/04/10 11:37:52 Heartbeat sent: CPU=15.3%, Memory=62.0%, Storage=75.3%, Tasks=0
2026/04/10 11:37:57 Heartbeat sent: CPU=11.4%, Memory=61.8%, Storage=75.3%, Tasks=0
2026/04/10 11:38:02 Heartbeat sent: CPU=12.6%, Memory=61.9%, Storage=75.3%, Tasks=0
2026/04/10 11:38:07 Heartbeat sent: CPU=13.4%, Memory=61.6%, Storage=75.3%, Tasks=0
2026/04/10 11:38:12 Heartbeat sent: CPU=16.3%, Memory=61.5%, Storage=75.3%, Tasks=0
2026/04/10 11:38:17 Heartbeat sent: CPU=10.8%, Memory=62.0%, Storage=75.3%, Tasks=0
2026/04/10 11:38:22 Heartbeat sent: CPU=9.2%, Memory=61.7%, Storage=75.3%, Tasks=0
2026/04/10 11:38:27 Heartbeat sent: CPU=12.0%, Memory=61.5%, Storage=75.3%, Tasks=0
2026/04/10 11:38:32 Heartbeat sent: CPU=17.6%, Memory=61.5%, Storage=75.3%, Tasks=0
2026/04/10 11:38:37 Heartbeat sent: CPU=18.0%, Memory=61.6%, Storage=75.3%, Tasks=0
2026/04/10 11:38:42 Heartbeat sent: CPU=21.0%, Memory=62.7%, Storage=75.3%, Tasks=0
2026/04/10 11:38:47 Heartbeat sent: CPU=14.5%, Memory=63.4%, Storage=75.3%, Tasks=0
2026/04/10 11:38:52 Heartbeat sent: CPU=11.4%, Memory=61.0%, Storage=75.3%, Tasks=0
2026/04/10 11:38:57 Heartbeat sent: CPU=12.6%, Memory=61.1%, Storage=75.3%, Tasks=0
2026/04/10 11:39:02 Heartbeat sent: CPU=9.3%, Memory=62.1%, Storage=75.3%, Tasks=0
2026/04/10 11:39:07 Heartbeat sent: CPU=12.7%, Memory=61.5%, Storage=75.3%, Tasks=0
2026/04/10 11:39:12 Heartbeat sent: CPU=15.6%, Memory=62.5%, Storage=75.3%, Tasks=0
2026/04/10 11:39:17 Heartbeat sent: CPU=13.3%, Memory=62.5%, Storage=75.3%, Tasks=0
2026/04/10 11:39:22 Heartbeat sent: CPU=9.2%, Memory=60.8%, Storage=75.3%, Tasks=0
2026/04/10 11:39:27 Heartbeat sent: CPU=10.8%, Memory=61.2%, Storage=75.3%, Tasks=0
2026/04/10 11:39:32 Heartbeat sent: CPU=11.8%, Memory=61.3%, Storage=75.3%, Tasks=0
2026/04/10 11:39:37 Heartbeat sent: CPU=9.8%, Memory=61.9%, Storage=75.3%, Tasks=0
2026/04/10 11:39:42 Heartbeat sent: CPU=8.3%, Memory=60.4%, Storage=75.3%, Tasks=0
2026/04/10 11:39:47 Heartbeat sent: CPU=23.9%, Memory=63.5%, Storage=75.3%, Tasks=0
2026/04/10 11:39:52 Heartbeat sent: CPU=20.9%, Memory=62.6%, Storage=75.3%, Tasks=0
2026/04/10 11:39:57 Heartbeat sent: CPU=12.4%, Memory=61.4%, Storage=75.3%, Tasks=0
2026/04/10 11:40:02 Heartbeat sent: CPU=15.8%, Memory=61.7%, Storage=75.3%, Tasks=0
2026/04/10 11:40:07 Heartbeat sent: CPU=11.6%, Memory=61.0%, Storage=75.3%, Tasks=0
2026/04/10 11:40:12 Heartbeat sent: CPU=12.9%, Memory=60.6%, Storage=75.3%, Tasks=0
2026/04/10 11:40:17 Heartbeat sent: CPU=10.8%, Memory=60.4%, Storage=75.3%, Tasks=0
2026/04/10 11:40:22 Heartbeat sent: CPU=11.3%, Memory=60.6%, Storage=75.3%, Tasks=0
2026/04/10 11:40:27 Heartbeat sent: CPU=11.5%, Memory=60.6%, Storage=75.3%, Tasks=0
2026/04/10 11:40:32 Heartbeat sent: CPU=12.4%, Memory=60.5%, Storage=75.3%, Tasks=0
2026/04/10 11:40:37 Heartbeat sent: CPU=11.0%, Memory=60.6%, Storage=75.3%, Tasks=0
2026/04/10 11:40:42 Heartbeat sent: CPU=11.1%, Memory=60.8%, Storage=75.3%, Tasks=0
2026/04/10 11:40:47 Heartbeat sent: CPU=23.1%, Memory=60.7%, Storage=75.3%, Tasks=0
2026/04/10 11:40:52 Heartbeat sent: CPU=18.9%, Memory=60.8%, Storage=75.3%, Tasks=0
2026/04/10 11:40:57 Heartbeat sent: CPU=15.6%, Memory=61.2%, Storage=75.3%, Tasks=0
2026/04/10 11:41:02 Heartbeat sent: CPU=19.4%, Memory=61.7%, Storage=75.3%, Tasks=0
2026/04/10 11:41:07 Heartbeat sent: CPU=24.0%, Memory=61.4%, Storage=75.3%, Tasks=0
2026/04/10 11:41:12 Heartbeat sent: CPU=14.0%, Memory=61.2%, Storage=75.3%, Tasks=0
2026/04/10 11:41:17 Heartbeat sent: CPU=20.3%, Memory=61.4%, Storage=75.3%, Tasks=0
2026/04/10 11:41:22 Heartbeat sent: CPU=15.7%, Memory=60.1%, Storage=75.3%, Tasks=0
2026/04/10 11:41:27 Heartbeat sent: CPU=21.1%, Memory=60.0%, Storage=75.3%, Tasks=0
2026/04/10 11:41:32 Heartbeat sent: CPU=17.0%, Memory=61.4%, Storage=75.3%, Tasks=0
2026/04/10 11:41:37 Heartbeat sent: CPU=15.0%, Memory=62.0%, Storage=75.3%, Tasks=0
2026/04/10 11:41:42 Heartbeat sent: CPU=14.2%, Memory=61.8%, Storage=75.3%, Tasks=0
2026/04/10 11:41:47 Heartbeat sent: CPU=21.2%, Memory=62.6%, Storage=75.3%, Tasks=0
2026/04/10 11:41:52 Heartbeat sent: CPU=19.2%, Memory=62.8%, Storage=75.3%, Tasks=0
2026/04/10 11:41:57 Heartbeat sent: CPU=10.6%, Memory=60.5%, Storage=75.3%, Tasks=0
2026/04/10 11:42:02 Heartbeat sent: CPU=9.0%, Memory=60.4%, Storage=75.3%, Tasks=0
2026/04/10 11:42:07 Heartbeat sent: CPU=17.0%, Memory=62.6%, Storage=75.3%, Tasks=0
2026/04/10 11:42:12 Heartbeat sent: CPU=27.0%, Memory=62.3%, Storage=75.3%, Tasks=0
2026/04/10 11:42:17 Heartbeat sent: CPU=17.8%, Memory=61.4%, Storage=75.3%, Tasks=0
2026/04/10 11:42:22 Heartbeat sent: CPU=19.2%, Memory=58.5%, Storage=75.3%, Tasks=0
2026/04/10 11:42:27 Heartbeat sent: CPU=44.5%, Memory=62.2%, Storage=75.3%, Tasks=0
2026/04/10 11:42:32 Heartbeat sent: CPU=12.0%, Memory=60.6%, Storage=75.3%, Tasks=0
2026/04/10 11:42:37 Heartbeat sent: CPU=14.6%, Memory=60.2%, Storage=75.3%, Tasks=0
2026/04/10 11:42:42 Heartbeat sent: CPU=15.9%, Memory=60.4%, Storage=75.3%, Tasks=0
2026/04/10 11:42:47 Heartbeat sent: CPU=29.2%, Memory=63.2%, Storage=75.3%, Tasks=0
2026/04/10 11:42:52 Heartbeat sent: CPU=11.5%, Memory=60.5%, Storage=75.3%, Tasks=0
2026/04/10 11:42:57 Heartbeat sent: CPU=13.4%, Memory=61.3%, Storage=75.3%, Tasks=0
2026/04/10 11:43:02 Heartbeat sent: CPU=19.2%, Memory=62.0%, Storage=75.3%, Tasks=0
2026/04/10 11:43:07 Heartbeat sent: CPU=18.6%, Memory=61.4%, Storage=75.3%, Tasks=0
2026/04/10 11:43:12 Heartbeat sent: CPU=15.6%, Memory=61.2%, Storage=75.3%, Tasks=0
2026/04/10 11:43:17 Heartbeat sent: CPU=15.0%, Memory=60.8%, Storage=75.3%, Tasks=0
2026/04/10 11:43:22 Heartbeat sent: CPU=15.1%, Memory=60.9%, Storage=75.3%, Tasks=0
2026/04/10 11:43:27 Heartbeat sent: CPU=11.2%, Memory=59.9%, Storage=75.3%, Tasks=0
2026/04/10 11:43:32 Heartbeat sent: CPU=9.9%, Memory=58.9%, Storage=75.3%, Tasks=0
2026/04/10 11:43:37 Heartbeat sent: CPU=9.4%, Memory=59.6%, Storage=75.3%, Tasks=0
2026/04/10 11:43:42 Heartbeat sent: CPU=9.1%, Memory=59.2%, Storage=75.3%, Tasks=0
2026/04/10 11:43:47 Heartbeat sent: CPU=12.5%, Memory=59.0%, Storage=75.3%, Tasks=0
2026/04/10 11:43:52 Heartbeat sent: CPU=10.1%, Memory=59.0%, Storage=75.3%, Tasks=0
2026/04/10 11:43:57 Heartbeat sent: CPU=9.0%, Memory=59.1%, Storage=75.3%, Tasks=0
2026/04/10 11:44:02 Heartbeat sent: CPU=14.5%, Memory=60.7%, Storage=75.3%, Tasks=0
2026/04/10 11:44:07 Heartbeat sent: CPU=17.5%, Memory=60.5%, Storage=75.3%, Tasks=0
2026/04/10 11:44:12 Heartbeat sent: CPU=15.1%, Memory=60.5%, Storage=75.3%, Tasks=0
2026/04/10 11:44:17 Heartbeat sent: CPU=15.6%, Memory=60.2%, Storage=75.3%, Tasks=0
2026/04/10 11:44:22 Heartbeat sent: CPU=9.9%, Memory=59.9%, Storage=75.3%, Tasks=0
2026/04/10 11:44:27 Heartbeat sent: CPU=9.0%, Memory=59.6%, Storage=75.3%, Tasks=0
2026/04/10 11:44:32 Heartbeat sent: CPU=11.7%, Memory=60.3%, Storage=75.3%, Tasks=0
2026/04/10 11:44:37 Heartbeat sent: CPU=9.2%, Memory=60.4%, Storage=75.3%, Tasks=0
2026/04/10 11:44:42 Heartbeat sent: CPU=16.3%, Memory=59.7%, Storage=75.3%, Tasks=0
2026/04/10 11:44:47 Heartbeat sent: CPU=15.1%, Memory=59.4%, Storage=75.3%, Tasks=0
2026/04/10 11:44:52 Heartbeat sent: CPU=12.0%, Memory=59.5%, Storage=75.3%, Tasks=0
2026/04/10 11:44:57 Heartbeat sent: CPU=8.6%, Memory=59.6%, Storage=75.3%, Tasks=0
2026/04/10 11:45:02 Heartbeat sent: CPU=11.7%, Memory=61.2%, Storage=75.3%, Tasks=0
2026/04/10 11:45:07 Heartbeat sent: CPU=12.0%, Memory=62.0%, Storage=75.3%, Tasks=0
2026/04/10 11:45:12 Heartbeat sent: CPU=11.1%, Memory=61.2%, Storage=75.3%, Tasks=0
2026/04/10 11:45:17 Heartbeat sent: CPU=14.5%, Memory=60.8%, Storage=75.3%, Tasks=0
2026/04/10 11:45:22 Heartbeat sent: CPU=11.6%, Memory=60.9%, Storage=75.3%, Tasks=0
2026/04/10 11:45:27 Heartbeat sent: CPU=21.7%, Memory=62.0%, Storage=75.3%, Tasks=0
2026/04/10 11:45:32 Heartbeat sent: CPU=15.6%, Memory=61.5%, Storage=75.3%, Tasks=0
2026/04/10 11:45:37 Heartbeat sent: CPU=14.2%, Memory=61.5%, Storage=75.3%, Tasks=0
2026/04/10 11:45:42 Heartbeat sent: CPU=11.5%, Memory=61.3%, Storage=75.3%, Tasks=0
2026/04/10 11:45:47 Heartbeat sent: CPU=12.4%, Memory=60.8%, Storage=75.3%, Tasks=0
2026/04/10 11:45:52 Heartbeat sent: CPU=20.0%, Memory=61.7%, Storage=75.3%, Tasks=0
2026/04/10 11:45:57 Heartbeat sent: CPU=14.8%, Memory=61.8%, Storage=75.3%, Tasks=0
2026/04/10 11:46:02 Heartbeat sent: CPU=11.8%, Memory=61.7%, Storage=75.3%, Tasks=0
2026/04/10 11:46:07 Heartbeat sent: CPU=10.1%, Memory=60.4%, Storage=75.3%, Tasks=0
2026/04/10 11:46:12 Heartbeat sent: CPU=9.1%, Memory=59.7%, Storage=75.3%, Tasks=0
2026/04/10 11:46:17 Heartbeat sent: CPU=11.0%, Memory=59.7%, Storage=75.3%, Tasks=0
2026/04/10 11:46:22 Heartbeat sent: CPU=20.3%, Memory=63.1%, Storage=75.3%, Tasks=0
2026/04/10 11:46:27 Heartbeat sent: CPU=24.6%, Memory=62.9%, Storage=75.3%, Tasks=0
2026/04/10 11:46:32 Heartbeat sent: CPU=10.3%, Memory=61.6%, Storage=75.3%, Tasks=0
2026/04/10 11:46:37 Heartbeat sent: CPU=14.1%, Memory=61.5%, Storage=75.3%, Tasks=0
2026/04/10 11:46:42 Heartbeat sent: CPU=13.5%, Memory=61.4%, Storage=75.3%, Tasks=0
2026/04/10 11:46:47 Heartbeat sent: CPU=12.4%, Memory=61.2%, Storage=75.3%, Tasks=0
2026/04/10 11:46:52 Heartbeat sent: CPU=17.8%, Memory=61.7%, Storage=75.3%, Tasks=0
2026/04/10 11:46:57 Heartbeat sent: CPU=10.0%, Memory=61.1%, Storage=75.3%, Tasks=0
2026/04/10 11:47:02 Heartbeat sent: CPU=24.4%, Memory=63.7%, Storage=75.3%, Tasks=0
2026/04/10 11:47:07 Heartbeat sent: CPU=13.2%, Memory=61.8%, Storage=75.3%, Tasks=0
2026/04/10 11:47:12 Heartbeat sent: CPU=13.3%, Memory=61.4%, Storage=75.3%, Tasks=0
2026/04/10 11:47:17 Heartbeat sent: CPU=17.1%, Memory=62.5%, Storage=75.3%, Tasks=0
2026/04/10 11:47:22 Heartbeat sent: CPU=17.3%, Memory=62.3%, Storage=75.3%, Tasks=0
2026/04/10 11:47:27 Heartbeat sent: CPU=18.3%, Memory=62.3%, Storage=75.3%, Tasks=0
2026/04/10 11:47:32 Heartbeat sent: CPU=15.3%, Memory=62.5%, Storage=75.3%, Tasks=0
2026/04/10 11:47:37 Heartbeat sent: CPU=16.2%, Memory=62.6%, Storage=75.3%, Tasks=0
2026/04/10 11:47:42 Heartbeat sent: CPU=11.3%, Memory=61.9%, Storage=75.3%, Tasks=0
2026/04/10 11:47:47 Heartbeat sent: CPU=19.5%, Memory=62.1%, Storage=75.3%, Tasks=0
2026/04/10 11:47:52 Heartbeat sent: CPU=15.7%, Memory=61.9%, Storage=75.3%, Tasks=0
2026/04/10 11:47:57 Heartbeat sent: CPU=11.3%, Memory=61.8%, Storage=75.3%, Tasks=0
2026/04/10 11:48:02 Heartbeat sent: CPU=10.4%, Memory=60.0%, Storage=75.3%, Tasks=0
2026/04/10 11:48:07 Heartbeat sent: CPU=8.8%, Memory=59.6%, Storage=75.3%, Tasks=0
2026/04/10 11:48:12 Heartbeat sent: CPU=10.5%, Memory=59.6%, Storage=75.3%, Tasks=0
2026/04/10 11:48:17 Heartbeat sent: CPU=11.2%, Memory=59.6%, Storage=75.3%, Tasks=0
2026/04/10 11:48:22 Heartbeat sent: CPU=22.0%, Memory=64.1%, Storage=75.3%, Tasks=0
2026/04/10 11:48:27 Heartbeat sent: CPU=16.2%, Memory=61.6%, Storage=75.3%, Tasks=0
2026/04/10 11:48:32 Heartbeat sent: CPU=11.6%, Memory=60.5%, Storage=75.3%, Tasks=0
2026/04/10 11:48:37 Heartbeat sent: CPU=11.5%, Memory=60.6%, Storage=75.3%, Tasks=0
2026/04/10 11:48:42 Heartbeat sent: CPU=13.5%, Memory=61.2%, Storage=75.3%, Tasks=0
2026/04/10 11:48:47 Heartbeat sent: CPU=26.8%, Memory=61.5%, Storage=75.3%, Tasks=0
2026/04/10 11:48:52 Heartbeat sent: CPU=13.2%, Memory=60.6%, Storage=75.3%, Tasks=0
2026/04/10 11:48:57 Heartbeat sent: CPU=10.4%, Memory=59.7%, Storage=75.3%, Tasks=0
2026/04/10 11:49:02 Heartbeat sent: CPU=12.3%, Memory=61.0%, Storage=75.3%, Tasks=0
2026/04/10 11:49:07 Heartbeat sent: CPU=13.9%, Memory=61.5%, Storage=75.3%, Tasks=0
2026/04/10 11:49:12 Heartbeat sent: CPU=8.9%, Memory=61.6%, Storage=75.4%, Tasks=0
2026/04/10 11:49:17 Heartbeat sent: CPU=12.5%, Memory=61.6%, Storage=75.4%, Tasks=0
2026/04/10 11:49:22 Heartbeat sent: CPU=11.2%, Memory=59.5%, Storage=75.4%, Tasks=0
2026/04/10 11:49:27 Heartbeat sent: CPU=10.7%, Memory=60.8%, Storage=75.4%, Tasks=0
2026/04/10 11:49:32 Heartbeat sent: CPU=10.3%, Memory=60.8%, Storage=75.4%, Tasks=0
2026/04/10 11:49:37 Heartbeat sent: CPU=10.2%, Memory=61.1%, Storage=75.4%, Tasks=0
2026/04/10 11:49:42 Heartbeat sent: CPU=10.1%, Memory=60.0%, Storage=75.4%, Tasks=0
2026/04/10 11:49:47 Heartbeat sent: CPU=11.5%, Memory=59.9%, Storage=75.4%, Tasks=0
2026/04/10 11:49:52 Heartbeat sent: CPU=25.6%, Memory=64.2%, Storage=75.4%, Tasks=0
2026/04/10 11:49:57 Heartbeat sent: CPU=12.2%, Memory=60.4%, Storage=75.4%, Tasks=0
2026/04/10 11:50:02 Heartbeat sent: CPU=26.7%, Memory=62.9%, Storage=75.4%, Tasks=0
2026/04/10 11:50:07 Heartbeat sent: CPU=15.8%, Memory=61.1%, Storage=75.4%, Tasks=0
2026/04/10 11:50:12 Heartbeat sent: CPU=9.5%, Memory=59.9%, Storage=75.4%, Tasks=0
2026/04/10 11:50:17 Heartbeat sent: CPU=14.9%, Memory=61.2%, Storage=75.4%, Tasks=0
2026/04/10 11:50:22 Heartbeat sent: CPU=14.1%, Memory=61.1%, Storage=75.4%, Tasks=0
2026/04/10 11:50:27 Heartbeat sent: CPU=19.0%, Memory=62.0%, Storage=75.4%, Tasks=0
2026/04/10 11:50:32 Heartbeat sent: CPU=12.1%, Memory=61.5%, Storage=75.4%, Tasks=0
2026/04/10 11:50:37 Heartbeat sent: CPU=11.3%, Memory=60.5%, Storage=75.4%, Tasks=0
2026/04/10 11:50:42 Heartbeat sent: CPU=11.0%, Memory=59.7%, Storage=75.4%, Tasks=0
2026/04/10 11:50:47 Heartbeat sent: CPU=13.9%, Memory=59.8%, Storage=75.4%, Tasks=0
2026/04/10 11:50:52 Heartbeat sent: CPU=12.7%, Memory=60.6%, Storage=75.4%, Tasks=0
2026/04/10 11:50:57 Heartbeat sent: CPU=10.5%, Memory=60.9%, Storage=75.4%, Tasks=0
2026/04/10 11:51:02 Heartbeat sent: CPU=27.5%, Memory=64.3%, Storage=75.4%, Tasks=0
2026/04/10 11:51:07 Heartbeat sent: CPU=11.0%, Memory=60.6%, Storage=75.4%, Tasks=0
2026/04/10 11:51:12 Heartbeat sent: CPU=12.1%, Memory=59.9%, Storage=75.4%, Tasks=0
2026/04/10 11:51:17 Heartbeat sent: CPU=16.5%, Memory=61.9%, Storage=75.4%, Tasks=0
2026/04/10 11:51:22 Heartbeat sent: CPU=10.8%, Memory=59.8%, Storage=75.4%, Tasks=0
2026/04/10 11:51:27 Heartbeat sent: CPU=9.6%, Memory=59.1%, Storage=75.4%, Tasks=0
2026/04/10 11:51:32 Heartbeat sent: CPU=13.2%, Memory=59.1%, Storage=75.4%, Tasks=0
2026/04/10 11:51:37 Heartbeat sent: CPU=20.6%, Memory=63.1%, Storage=75.4%, Tasks=0
2026/04/10 11:51:42 Heartbeat sent: CPU=17.0%, Memory=60.5%, Storage=75.4%, Tasks=0
2026/04/10 11:51:47 Heartbeat sent: CPU=12.6%, Memory=59.9%, Storage=75.4%, Tasks=0
2026/04/10 11:51:52 Heartbeat sent: CPU=11.7%, Memory=59.5%, Storage=75.4%, Tasks=0
2026/04/10 11:51:57 Heartbeat sent: CPU=11.0%, Memory=59.6%, Storage=75.4%, Tasks=0
2026/04/10 11:52:02 Heartbeat sent: CPU=13.0%, Memory=60.2%, Storage=75.4%, Tasks=0
2026/04/10 11:52:07 Heartbeat sent: CPU=15.5%, Memory=64.2%, Storage=75.4%, Tasks=0
2026/04/10 11:52:12 Heartbeat sent: CPU=15.5%, Memory=62.3%, Storage=75.4%, Tasks=0
2026/04/10 11:52:17 Heartbeat sent: CPU=18.0%, Memory=62.3%, Storage=75.4%, Tasks=0
2026/04/10 11:52:22 Heartbeat sent: CPU=13.9%, Memory=62.4%, Storage=75.4%, Tasks=0
2026/04/10 11:52:27 Heartbeat sent: CPU=18.0%, Memory=62.7%, Storage=75.4%, Tasks=0
2026/04/10 11:52:32 Heartbeat sent: CPU=18.4%, Memory=62.2%, Storage=75.4%, Tasks=0
2026/04/10 11:52:37 Heartbeat sent: CPU=10.9%, Memory=62.1%, Storage=75.4%, Tasks=0
2026/04/10 11:52:42 Heartbeat sent: CPU=12.8%, Memory=62.0%, Storage=75.4%, Tasks=0
2026/04/10 11:52:47 Heartbeat sent: CPU=20.1%, Memory=62.7%, Storage=75.4%, Tasks=0
2026/04/10 11:52:52 Heartbeat sent: CPU=15.5%, Memory=61.0%, Storage=75.4%, Tasks=0
2026/04/10 11:52:57 Heartbeat sent: CPU=13.8%, Memory=60.9%, Storage=75.4%, Tasks=0
2026/04/10 11:53:02 Heartbeat sent: CPU=13.9%, Memory=60.5%, Storage=75.4%, Tasks=0
2026/04/10 11:53:07 Heartbeat sent: CPU=10.0%, Memory=60.7%, Storage=75.4%, Tasks=0
2026/04/10 11:53:12 Heartbeat sent: CPU=12.1%, Memory=60.6%, Storage=75.4%, Tasks=0
2026/04/10 11:53:17 Heartbeat sent: CPU=20.5%, Memory=63.0%, Storage=75.4%, Tasks=0
2026/04/10 11:53:22 Heartbeat sent: CPU=26.5%, Memory=64.5%, Storage=75.4%, Tasks=0
2026/04/10 11:53:27 Heartbeat sent: CPU=19.5%, Memory=62.3%, Storage=75.4%, Tasks=0
2026/04/10 11:53:32 Heartbeat sent: CPU=15.3%, Memory=62.0%, Storage=75.4%, Tasks=0
2026/04/10 11:53:37 Heartbeat sent: CPU=10.6%, Memory=61.0%, Storage=75.4%, Tasks=0
2026/04/10 11:53:42 Heartbeat sent: CPU=14.4%, Memory=60.5%, Storage=75.4%, Tasks=0
2026/04/10 11:53:47 Heartbeat sent: CPU=14.6%, Memory=60.5%, Storage=75.4%, Tasks=0
2026/04/10 11:53:52 Heartbeat sent: CPU=11.8%, Memory=60.4%, Storage=75.4%, Tasks=0
2026/04/10 11:53:57 Heartbeat sent: CPU=12.2%, Memory=61.4%, Storage=75.4%, Tasks=0
2026/04/10 11:54:02 Heartbeat sent: CPU=12.1%, Memory=61.3%, Storage=75.4%, Tasks=0
2026/04/10 11:54:07 Heartbeat sent: CPU=13.2%, Memory=61.0%, Storage=75.4%, Tasks=0
2026/04/10 11:54:12 Heartbeat sent: CPU=14.1%, Memory=60.9%, Storage=75.4%, Tasks=0
2026/04/10 11:54:17 Heartbeat sent: CPU=12.3%, Memory=61.0%, Storage=75.4%, Tasks=0
2026/04/10 11:54:22 Heartbeat sent: CPU=10.8%, Memory=61.4%, Storage=75.4%, Tasks=0
2026/04/10 11:54:27 Heartbeat sent: CPU=11.6%, Memory=61.2%, Storage=75.4%, Tasks=0
2026/04/10 11:54:32 Heartbeat sent: CPU=14.4%, Memory=62.3%, Storage=75.4%, Tasks=0
2026/04/10 11:54:37 Heartbeat sent: CPU=14.4%, Memory=62.0%, Storage=75.4%, Tasks=0
2026/04/10 11:54:42 Heartbeat sent: CPU=22.3%, Memory=61.8%, Storage=75.4%, Tasks=0
2026/04/10 11:54:47 Heartbeat sent: CPU=12.6%, Memory=61.1%, Storage=75.4%, Tasks=0
2026/04/10 11:54:52 Heartbeat sent: CPU=11.1%, Memory=60.8%, Storage=75.4%, Tasks=0
2026/04/10 11:54:57 Heartbeat sent: CPU=12.1%, Memory=61.7%, Storage=75.4%, Tasks=0
2026/04/10 11:55:02 Heartbeat sent: CPU=18.3%, Memory=62.0%, Storage=75.4%, Tasks=0
2026/04/10 11:55:07 Heartbeat sent: CPU=20.2%, Memory=63.2%, Storage=75.4%, Tasks=0
2026/04/10 11:55:12 Heartbeat sent: CPU=16.5%, Memory=62.3%, Storage=75.4%, Tasks=0
2026/04/10 11:55:17 Heartbeat sent: CPU=18.1%, Memory=62.9%, Storage=75.4%, Tasks=0
2026/04/10 11:55:22 Heartbeat sent: CPU=12.3%, Memory=62.7%, Storage=75.4%, Tasks=0
2026/04/10 11:55:27 Heartbeat sent: CPU=11.7%, Memory=62.8%, Storage=75.4%, Tasks=0
2026/04/10 11:55:32 Heartbeat sent: CPU=9.7%, Memory=62.7%, Storage=75.4%, Tasks=0
2026/04/10 11:55:37 Heartbeat sent: CPU=11.4%, Memory=62.7%, Storage=75.4%, Tasks=0
2026/04/10 11:55:42 Heartbeat sent: CPU=10.5%, Memory=62.6%, Storage=75.4%, Tasks=0
2026/04/10 11:55:47 Heartbeat sent: CPU=12.2%, Memory=62.8%, Storage=75.4%, Tasks=0
2026/04/10 11:55:52 Heartbeat sent: CPU=18.5%, Memory=63.1%, Storage=75.4%, Tasks=0
2026/04/10 11:55:57 Heartbeat sent: CPU=18.9%, Memory=62.8%, Storage=75.4%, Tasks=0
2026/04/10 11:56:02 Heartbeat sent: CPU=10.9%, Memory=62.6%, Storage=75.4%, Tasks=0
2026/04/10 11:56:07 Heartbeat sent: CPU=11.3%, Memory=62.8%, Storage=75.4%, Tasks=0
2026/04/10 11:56:12 Heartbeat sent: CPU=10.9%, Memory=62.6%, Storage=75.4%, Tasks=0
2026/04/10 11:56:17 Heartbeat sent: CPU=13.9%, Memory=62.2%, Storage=75.4%, Tasks=0
2026/04/10 11:56:22 Heartbeat sent: CPU=10.4%, Memory=62.2%, Storage=75.4%, Tasks=0
2026/04/10 11:56:27 Heartbeat sent: CPU=10.6%, Memory=62.1%, Storage=75.4%, Tasks=0
2026/04/10 11:56:32 Heartbeat sent: CPU=9.7%, Memory=62.1%, Storage=75.4%, Tasks=0
2026/04/10 11:56:37 Heartbeat sent: CPU=12.2%, Memory=62.1%, Storage=75.4%, Tasks=0
2026/04/10 11:56:42 Heartbeat sent: CPU=10.3%, Memory=62.1%, Storage=75.4%, Tasks=0
2026/04/10 11:56:47 Heartbeat sent: CPU=35.8%, Memory=62.9%, Storage=75.4%, Tasks=0
2026/04/10 11:56:52 Heartbeat sent: CPU=10.9%, Memory=61.9%, Storage=75.4%, Tasks=0
2026/04/10 11:56:57 Heartbeat sent: CPU=12.2%, Memory=61.9%, Storage=75.4%, Tasks=0
2026/04/10 11:57:02 Heartbeat sent: CPU=11.4%, Memory=61.5%, Storage=75.4%, Tasks=0
2026/04/10 11:57:07 Heartbeat sent: CPU=12.9%, Memory=62.2%, Storage=75.4%, Tasks=0
2026/04/10 11:57:12 Heartbeat sent: CPU=19.4%, Memory=62.6%, Storage=75.4%, Tasks=0
2026/04/10 11:57:17 Heartbeat sent: CPU=16.3%, Memory=62.6%, Storage=75.4%, Tasks=0
2026/04/10 11:57:22 Heartbeat sent: CPU=18.8%, Memory=62.9%, Storage=75.4%, Tasks=0
2026/04/10 11:57:27 Heartbeat sent: CPU=19.3%, Memory=62.9%, Storage=75.4%, Tasks=0
2026/04/10 11:57:32 Heartbeat sent: CPU=16.4%, Memory=64.6%, Storage=75.4%, Tasks=0
2026/04/10 11:57:37 Heartbeat sent: CPU=13.9%, Memory=62.1%, Storage=75.4%, Tasks=0
2026/04/10 11:57:42 Heartbeat sent: CPU=10.8%, Memory=61.5%, Storage=75.4%, Tasks=0
2026/04/10 11:57:47 Heartbeat sent: CPU=15.3%, Memory=61.5%, Storage=75.4%, Tasks=0
2026/04/10 11:57:52 Heartbeat sent: CPU=13.0%, Memory=61.5%, Storage=75.4%, Tasks=0
2026/04/10 11:57:57 Heartbeat sent: CPU=11.1%, Memory=61.5%, Storage=75.4%, Tasks=0
2026/04/10 11:58:02 Heartbeat sent: CPU=17.3%, Memory=65.5%, Storage=75.4%, Tasks=0
2026/04/10 11:58:07 Heartbeat sent: CPU=12.1%, Memory=62.3%, Storage=75.4%, Tasks=0
2026/04/10 11:58:12 Heartbeat sent: CPU=11.8%, Memory=61.4%, Storage=75.4%, Tasks=0
2026/04/10 11:58:17 Heartbeat sent: CPU=11.8%, Memory=61.1%, Storage=75.4%, Tasks=0
2026/04/10 11:58:22 Heartbeat sent: CPU=13.2%, Memory=62.5%, Storage=75.4%, Tasks=0
2026/04/10 11:58:27 Heartbeat sent: CPU=10.1%, Memory=62.6%, Storage=75.4%, Tasks=0
2026/04/10 11:58:32 Heartbeat sent: CPU=10.2%, Memory=62.0%, Storage=75.4%, Tasks=0
2026/04/10 11:58:37 Heartbeat sent: CPU=17.4%, Memory=62.9%, Storage=75.4%, Tasks=0
2026/04/10 11:58:42 Heartbeat sent: CPU=13.3%, Memory=62.3%, Storage=75.4%, Tasks=0
2026/04/10 11:58:47 Heartbeat sent: CPU=18.7%, Memory=62.2%, Storage=75.4%, Tasks=0
2026/04/10 11:58:52 Heartbeat sent: CPU=17.7%, Memory=64.1%, Storage=75.4%, Tasks=0
2026/04/10 11:58:57 Heartbeat sent: CPU=11.2%, Memory=61.5%, Storage=75.4%, Tasks=0
2026/04/10 11:59:02 Heartbeat sent: CPU=18.3%, Memory=63.5%, Storage=75.4%, Tasks=0
2026/04/10 11:59:07 Heartbeat sent: CPU=13.4%, Memory=62.7%, Storage=75.4%, Tasks=0
2026/04/10 11:59:12 Heartbeat sent: CPU=9.0%, Memory=60.9%, Storage=75.4%, Tasks=0
2026/04/10 11:59:17 Heartbeat sent: CPU=11.9%, Memory=60.6%, Storage=75.4%, Tasks=0
2026/04/10 11:59:22 Heartbeat sent: CPU=9.0%, Memory=60.4%, Storage=75.4%, Tasks=0
2026/04/10 11:59:27 Heartbeat sent: CPU=18.7%, Memory=64.2%, Storage=75.4%, Tasks=0
2026/04/10 11:59:32 Heartbeat sent: CPU=13.0%, Memory=63.6%, Storage=75.4%, Tasks=0
2026/04/10 11:59:37 Heartbeat sent: CPU=16.6%, Memory=64.9%, Storage=75.4%, Tasks=0
2026/04/10 11:59:42 Heartbeat sent: CPU=13.5%, Memory=62.1%, Storage=75.4%, Tasks=0
2026/04/10 11:59:47 Heartbeat sent: CPU=14.9%, Memory=63.4%, Storage=75.4%, Tasks=0
2026/04/10 11:59:52 Heartbeat sent: CPU=8.5%, Memory=61.5%, Storage=75.4%, Tasks=0
2026/04/10 11:59:57 Heartbeat sent: CPU=13.2%, Memory=63.5%, Storage=75.4%, Tasks=0
2026/04/10 12:00:02 Heartbeat sent: CPU=12.3%, Memory=63.1%, Storage=75.4%, Tasks=0
2026/04/10 12:00:07 Heartbeat sent: CPU=11.3%, Memory=63.1%, Storage=75.4%, Tasks=0
2026/04/10 12:00:12 Heartbeat sent: CPU=9.7%, Memory=61.8%, Storage=75.4%, Tasks=0
2026/04/10 12:00:17 Heartbeat sent: CPU=21.3%, Memory=64.2%, Storage=75.4%, Tasks=0
2026/04/10 12:00:22 Heartbeat sent: CPU=12.9%, Memory=62.2%, Storage=75.4%, Tasks=0
2026/04/10 12:00:27 Heartbeat sent: CPU=17.3%, Memory=63.4%, Storage=75.4%, Tasks=0
2026/04/10 12:00:32 Heartbeat sent: CPU=16.5%, Memory=63.0%, Storage=75.4%, Tasks=0
2026/04/10 12:00:37 Heartbeat sent: CPU=16.6%, Memory=62.7%, Storage=75.4%, Tasks=0
2026/04/10 12:00:42 Heartbeat sent: CPU=29.9%, Memory=65.0%, Storage=75.4%, Tasks=0
2026/04/10 12:00:47 Heartbeat sent: CPU=29.4%, Memory=64.5%, Storage=75.4%, Tasks=0
2026/04/10 12:00:52 Heartbeat sent: CPU=20.8%, Memory=64.4%, Storage=75.4%, Tasks=0
2026/04/10 12:00:57 Heartbeat sent: CPU=24.0%, Memory=64.8%, Storage=75.4%, Tasks=0
2026/04/10 12:01:02 Heartbeat sent: CPU=18.7%, Memory=64.7%, Storage=75.4%, Tasks=0
2026/04/10 12:01:07 Heartbeat sent: CPU=20.9%, Memory=63.8%, Storage=75.4%, Tasks=0
2026/04/10 12:01:12 Heartbeat sent: CPU=14.6%, Memory=64.3%, Storage=75.4%, Tasks=0
2026/04/10 12:01:17 Heartbeat sent: CPU=16.3%, Memory=63.9%, Storage=75.4%, Tasks=0
2026/04/10 12:01:22 Heartbeat sent: CPU=23.5%, Memory=64.6%, Storage=75.4%, Tasks=0
2026/04/10 12:01:27 Heartbeat sent: CPU=16.2%, Memory=64.2%, Storage=75.4%, Tasks=0
2026/04/10 12:01:32 Heartbeat sent: CPU=16.3%, Memory=64.4%, Storage=75.4%, Tasks=0
2026/04/10 12:01:37 Heartbeat sent: CPU=24.4%, Memory=64.3%, Storage=75.4%, Tasks=0
2026/04/10 12:01:42 Heartbeat sent: CPU=18.4%, Memory=64.4%, Storage=75.4%, Tasks=0
2026/04/10 12:01:47 Heartbeat sent: CPU=15.8%, Memory=64.5%, Storage=75.4%, Tasks=0
2026/04/10 12:01:52 Heartbeat sent: CPU=22.4%, Memory=64.1%, Storage=75.4%, Tasks=0
2026/04/10 12:01:57 Heartbeat sent: CPU=16.0%, Memory=64.3%, Storage=75.4%, Tasks=0
2026/04/10 12:02:02 Heartbeat sent: CPU=17.0%, Memory=64.1%, Storage=75.4%, Tasks=0
2026/04/10 12:02:07 Heartbeat sent: CPU=14.2%, Memory=64.4%, Storage=75.4%, Tasks=0
2026/04/10 12:02:12 Heartbeat sent: CPU=17.3%, Memory=64.3%, Storage=75.4%, Tasks=0
2026/04/10 12:02:17 Heartbeat sent: CPU=23.0%, Memory=64.1%, Storage=75.4%, Tasks=0
2026/04/10 12:02:22 Heartbeat sent: CPU=12.8%, Memory=64.0%, Storage=75.4%, Tasks=0
2026/04/10 12:02:27 Heartbeat sent: CPU=16.4%, Memory=63.9%, Storage=75.4%, Tasks=0
2026/04/10 12:02:32 Heartbeat sent: CPU=21.9%, Memory=63.0%, Storage=75.4%, Tasks=0
2026/04/10 12:02:37 Heartbeat sent: CPU=20.2%, Memory=62.7%, Storage=75.4%, Tasks=0
2026/04/10 12:02:42 Heartbeat sent: CPU=17.1%, Memory=63.0%, Storage=75.4%, Tasks=0
2026/04/10 12:02:47 Heartbeat sent: CPU=23.1%, Memory=63.6%, Storage=75.4%, Tasks=0
2026/04/10 12:02:52 Heartbeat sent: CPU=14.6%, Memory=62.9%, Storage=75.4%, Tasks=0
2026/04/10 12:02:57 Heartbeat sent: CPU=13.6%, Memory=62.7%, Storage=75.4%, Tasks=0
2026/04/10 12:03:02 Heartbeat sent: CPU=12.9%, Memory=62.8%, Storage=75.4%, Tasks=0
2026/04/10 12:03:07 Heartbeat sent: CPU=13.5%, Memory=62.8%, Storage=75.4%, Tasks=0
2026/04/10 12:03:12 Heartbeat sent: CPU=14.5%, Memory=62.8%, Storage=75.4%, Tasks=0
2026/04/10 12:03:17 Heartbeat sent: CPU=21.2%, Memory=62.9%, Storage=75.4%, Tasks=0
2026/04/10 12:03:22 Heartbeat sent: CPU=21.0%, Memory=64.4%, Storage=75.4%, Tasks=0
2026/04/10 12:03:27 Heartbeat sent: CPU=16.9%, Memory=65.4%, Storage=75.4%, Tasks=0
2026/04/10 12:03:32 Heartbeat sent: CPU=26.2%, Memory=64.4%, Storage=75.4%, Tasks=0
2026/04/10 12:03:37 Heartbeat sent: CPU=19.1%, Memory=63.1%, Storage=75.4%, Tasks=0
2026/04/10 12:03:42 Heartbeat sent: CPU=21.2%, Memory=63.7%, Storage=75.4%, Tasks=0
2026/04/10 12:03:47 Heartbeat sent: CPU=23.0%, Memory=64.3%, Storage=75.4%, Tasks=0
2026/04/10 12:03:52 Heartbeat sent: CPU=15.2%, Memory=64.7%, Storage=75.4%, Tasks=0
2026/04/10 12:03:57 Heartbeat sent: CPU=13.7%, Memory=63.9%, Storage=75.4%, Tasks=0
2026/04/10 12:04:02 Heartbeat sent: CPU=22.5%, Memory=63.7%, Storage=75.4%, Tasks=0
2026/04/10 12:04:07 Heartbeat sent: CPU=20.9%, Memory=64.1%, Storage=75.4%, Tasks=0
2026/04/10 12:04:12 Heartbeat sent: CPU=16.7%, Memory=64.5%, Storage=75.4%, Tasks=0
2026/04/10 12:04:17 Heartbeat sent: CPU=13.1%, Memory=63.9%, Storage=75.4%, Tasks=0
2026/04/10 12:04:22 Heartbeat sent: CPU=13.4%, Memory=63.5%, Storage=75.4%, Tasks=0
2026/04/10 12:04:27 Heartbeat sent: CPU=22.5%, Memory=63.7%, Storage=75.4%, Tasks=0
2026/04/10 12:04:32 Heartbeat sent: CPU=15.5%, Memory=63.6%, Storage=75.4%, Tasks=0
2026/04/10 12:04:37 Heartbeat sent: CPU=13.1%, Memory=64.0%, Storage=75.4%, Tasks=0
2026/04/10 12:04:42 Heartbeat sent: CPU=21.5%, Memory=63.7%, Storage=75.4%, Tasks=0
2026/04/10 12:04:47 Heartbeat sent: CPU=18.7%, Memory=64.9%, Storage=75.4%, Tasks=0
2026/04/10 12:04:52 Heartbeat sent: CPU=28.4%, Memory=65.3%, Storage=75.4%, Tasks=0
2026/04/10 12:04:57 Heartbeat sent: CPU=20.1%, Memory=64.6%, Storage=75.4%, Tasks=0
2026/04/10 12:05:02 Heartbeat sent: CPU=21.9%, Memory=64.1%, Storage=75.4%, Tasks=0
2026/04/10 12:05:07 Heartbeat sent: CPU=13.6%, Memory=62.8%, Storage=75.4%, Tasks=0
2026/04/10 12:05:12 Heartbeat sent: CPU=16.4%, Memory=62.6%, Storage=75.4%, Tasks=0
2026/04/10 12:05:17 Heartbeat sent: CPU=19.8%, Memory=62.6%, Storage=75.4%, Tasks=0
2026/04/10 12:05:22 Heartbeat sent: CPU=18.1%, Memory=62.6%, Storage=75.4%, Tasks=0
2026/04/10 12:05:27 Heartbeat sent: CPU=20.1%, Memory=62.5%, Storage=75.4%, Tasks=0
2026/04/10 12:05:32 Heartbeat sent: CPU=16.3%, Memory=63.1%, Storage=75.4%, Tasks=0
2026/04/10 12:05:37 Heartbeat sent: CPU=20.0%, Memory=64.4%, Storage=75.4%, Tasks=0
2026/04/10 12:05:42 Heartbeat sent: CPU=22.6%, Memory=64.5%, Storage=75.4%, Tasks=0
2026/04/10 12:05:47 Heartbeat sent: CPU=18.5%, Memory=64.4%, Storage=75.4%, Tasks=0
2026/04/10 12:05:52 Heartbeat sent: CPU=31.3%, Memory=64.6%, Storage=75.4%, Tasks=0
2026/04/10 12:05:57 Heartbeat sent: CPU=18.6%, Memory=65.2%, Storage=75.4%, Tasks=0
2026/04/10 12:06:02 Heartbeat sent: CPU=10.8%, Memory=63.5%, Storage=75.4%, Tasks=0
2026/04/10 12:06:07 Heartbeat sent: CPU=10.9%, Memory=63.0%, Storage=75.4%, Tasks=0
2026/04/10 12:06:12 Heartbeat sent: CPU=12.0%, Memory=61.5%, Storage=75.4%, Tasks=0
2026/04/10 12:06:17 Heartbeat sent: CPU=11.9%, Memory=60.9%, Storage=75.4%, Tasks=0
2026/04/10 12:06:22 Heartbeat sent: CPU=18.5%, Memory=64.3%, Storage=75.4%, Tasks=0
2026/04/10 12:06:27 Heartbeat sent: CPU=14.9%, Memory=62.5%, Storage=75.4%, Tasks=0
2026/04/10 12:06:32 Heartbeat sent: CPU=10.2%, Memory=61.7%, Storage=75.4%, Tasks=0
2026/04/10 12:06:37 Heartbeat sent: CPU=10.2%, Memory=61.7%, Storage=75.4%, Tasks=0
2026/04/10 12:06:42 Heartbeat sent: CPU=10.0%, Memory=61.4%, Storage=75.4%, Tasks=0
2026/04/10 12:06:47 Heartbeat sent: CPU=12.9%, Memory=61.4%, Storage=75.4%, Tasks=0
2026/04/10 12:06:52 Heartbeat sent: CPU=16.9%, Memory=62.4%, Storage=75.4%, Tasks=0
2026/04/10 12:06:57 Heartbeat sent: CPU=14.7%, Memory=62.4%, Storage=75.4%, Tasks=0
2026/04/10 12:07:02 Heartbeat sent: CPU=16.0%, Memory=65.1%, Storage=75.4%, Tasks=0
2026/04/10 12:07:07 Heartbeat sent: CPU=16.9%, Memory=64.4%, Storage=75.4%, Tasks=0
2026/04/10 12:07:12 Heartbeat sent: CPU=9.8%, Memory=63.1%, Storage=75.4%, Tasks=0
2026/04/10 12:07:17 Heartbeat sent: CPU=11.6%, Memory=62.9%, Storage=75.4%, Tasks=0
2026/04/10 12:07:22 Heartbeat sent: CPU=9.8%, Memory=62.8%, Storage=75.4%, Tasks=0
2026/04/10 12:07:27 Heartbeat sent: CPU=17.1%, Memory=63.2%, Storage=75.4%, Tasks=0
2026/04/10 12:07:32 Heartbeat sent: CPU=14.6%, Memory=63.6%, Storage=75.4%, Tasks=0
2026/04/10 12:07:37 Heartbeat sent: CPU=15.6%, Memory=63.4%, Storage=75.4%, Tasks=0
2026/04/10 12:07:42 Heartbeat sent: CPU=16.3%, Memory=63.2%, Storage=75.4%, Tasks=0
2026/04/10 12:07:47 Heartbeat sent: CPU=19.1%, Memory=63.3%, Storage=75.4%, Tasks=0
2026/04/10 12:07:52 Heartbeat sent: CPU=19.2%, Memory=63.3%, Storage=75.4%, Tasks=0
2026/04/10 12:07:57 Heartbeat sent: CPU=15.4%, Memory=63.3%, Storage=75.4%, Tasks=0
2026/04/10 12:08:02 Heartbeat sent: CPU=22.7%, Memory=64.5%, Storage=75.4%, Tasks=0
2026/04/10 12:08:07 Heartbeat sent: CPU=10.9%, Memory=63.7%, Storage=75.4%, Tasks=0
2026/04/10 12:08:12 Heartbeat sent: CPU=16.8%, Memory=63.3%, Storage=75.4%, Tasks=0
2026/04/10 12:08:17 Heartbeat sent: CPU=18.9%, Memory=63.0%, Storage=75.4%, Tasks=0
2026/04/10 12:08:22 Heartbeat sent: CPU=19.9%, Memory=63.0%, Storage=75.4%, Tasks=0
2026/04/10 12:08:27 Heartbeat sent: CPU=14.2%, Memory=63.7%, Storage=75.4%, Tasks=0
2026/04/10 12:08:32 Heartbeat sent: CPU=18.8%, Memory=63.4%, Storage=75.4%, Tasks=0
2026/04/10 12:08:37 Heartbeat sent: CPU=12.7%, Memory=63.5%, Storage=75.4%, Tasks=0
2026/04/10 12:08:42 Heartbeat sent: CPU=16.5%, Memory=63.5%, Storage=75.4%, Tasks=0
2026/04/10 12:08:47 Heartbeat sent: CPU=16.4%, Memory=63.7%, Storage=75.4%, Tasks=0
2026/04/10 12:08:52 Heartbeat sent: CPU=11.5%, Memory=63.6%, Storage=75.4%, Tasks=0
2026/04/10 12:08:57 Heartbeat sent: CPU=12.9%, Memory=63.7%, Storage=75.4%, Tasks=0
2026/04/10 12:09:02 Heartbeat sent: CPU=17.4%, Memory=64.8%, Storage=75.4%, Tasks=0
2026/04/10 12:09:07 Heartbeat sent: CPU=13.4%, Memory=63.9%, Storage=75.4%, Tasks=0
2026/04/10 12:09:12 Heartbeat sent: CPU=18.2%, Memory=64.2%, Storage=75.4%, Tasks=0
2026/04/10 12:09:17 Heartbeat sent: CPU=12.7%, Memory=63.7%, Storage=75.4%, Tasks=0
2026/04/10 12:09:22 Heartbeat sent: CPU=16.5%, Memory=63.9%, Storage=75.4%, Tasks=0
2026/04/10 12:09:27 Heartbeat sent: CPU=16.8%, Memory=63.6%, Storage=75.4%, Tasks=0
2026/04/10 12:09:32 Heartbeat sent: CPU=16.5%, Memory=63.7%, Storage=75.4%, Tasks=0
2026/04/10 12:09:37 Heartbeat sent: CPU=18.8%, Memory=63.5%, Storage=75.4%, Tasks=0
2026/04/10 12:09:42 Heartbeat sent: CPU=13.3%, Memory=64.0%, Storage=75.4%, Tasks=0
2026/04/10 12:09:47 Heartbeat sent: CPU=26.3%, Memory=52.0%, Storage=75.3%, Tasks=0
2026/04/10 12:09:52 Heartbeat sent: CPU=16.6%, Memory=56.5%, Storage=75.4%, Tasks=0
2026/04/10 12:09:57 Heartbeat sent: CPU=17.6%, Memory=57.8%, Storage=75.4%, Tasks=0
2026/04/10 12:10:02 Heartbeat sent: CPU=21.3%, Memory=56.6%, Storage=75.4%, Tasks=0
2026/04/10 12:10:07 Heartbeat sent: CPU=22.9%, Memory=57.8%, Storage=75.4%, Tasks=0
2026/04/10 12:10:12 Heartbeat sent: CPU=17.8%, Memory=57.2%, Storage=75.4%, Tasks=0
2026/04/10 12:10:17 Heartbeat sent: CPU=14.1%, Memory=57.4%, Storage=75.4%, Tasks=0
2026/04/10 12:10:22 Heartbeat sent: CPU=12.4%, Memory=56.8%, Storage=75.4%, Tasks=0
2026/04/10 12:10:27 Heartbeat sent: CPU=11.5%, Memory=56.4%, Storage=75.4%, Tasks=0
2026/04/10 12:10:32 Heartbeat sent: CPU=9.2%, Memory=56.3%, Storage=75.4%, Tasks=0
2026/04/10 12:10:37 Heartbeat sent: CPU=9.2%, Memory=56.3%, Storage=75.4%, Tasks=0
2026/04/10 12:10:42 Heartbeat sent: CPU=13.9%, Memory=56.6%, Storage=75.4%, Tasks=0
2026/04/10 12:10:47 Heartbeat sent: CPU=16.9%, Memory=56.9%, Storage=75.4%, Tasks=0
2026/04/10 12:10:52 Heartbeat sent: CPU=16.7%, Memory=56.7%, Storage=75.4%, Tasks=0
2026/04/10 12:10:57 Heartbeat sent: CPU=13.6%, Memory=57.1%, Storage=75.4%, Tasks=0
2026/04/10 12:11:02 Heartbeat sent: CPU=18.5%, Memory=57.8%, Storage=75.4%, Tasks=0
2026/04/10 12:11:07 Heartbeat sent: CPU=18.0%, Memory=57.0%, Storage=75.4%, Tasks=0
2026/04/10 12:11:12 Heartbeat sent: CPU=16.4%, Memory=57.0%, Storage=75.4%, Tasks=0
2026/04/10 12:11:17 Heartbeat sent: CPU=10.9%, Memory=57.8%, Storage=75.4%, Tasks=0
2026/04/10 12:11:22 Heartbeat sent: CPU=9.1%, Memory=57.1%, Storage=75.4%, Tasks=0
2026/04/10 12:11:27 Heartbeat sent: CPU=15.4%, Memory=57.3%, Storage=75.4%, Tasks=0
2026/04/10 12:11:32 Heartbeat sent: CPU=11.9%, Memory=56.8%, Storage=75.4%, Tasks=0
2026/04/10 12:11:37 Heartbeat sent: CPU=13.2%, Memory=56.8%, Storage=75.4%, Tasks=0
2026/04/10 12:11:42 Heartbeat sent: CPU=8.8%, Memory=57.2%, Storage=75.4%, Tasks=0
2026/04/10 12:11:47 Heartbeat sent: CPU=12.9%, Memory=56.2%, Storage=75.4%, Tasks=0
2026/04/10 12:11:52 Heartbeat sent: CPU=11.7%, Memory=58.0%, Storage=75.4%, Tasks=0
2026/04/10 12:11:57 Heartbeat sent: CPU=9.7%, Memory=56.8%, Storage=75.4%, Tasks=0
2026/04/10 12:12:02 Heartbeat sent: CPU=12.8%, Memory=57.5%, Storage=75.4%, Tasks=0
2026/04/10 12:12:07 Heartbeat sent: CPU=15.7%, Memory=57.2%, Storage=75.4%, Tasks=0
2026/04/10 12:12:12 Heartbeat sent: CPU=8.8%, Memory=55.9%, Storage=75.4%, Tasks=0
2026/04/10 12:12:17 Heartbeat sent: CPU=11.3%, Memory=57.1%, Storage=75.4%, Tasks=0
2026/04/10 12:12:22 Heartbeat sent: CPU=10.8%, Memory=56.2%, Storage=75.4%, Tasks=0
2026/04/10 12:12:27 Heartbeat sent: CPU=10.8%, Memory=57.6%, Storage=75.4%, Tasks=0
2026/04/10 12:12:32 Heartbeat sent: CPU=12.5%, Memory=57.3%, Storage=75.4%, Tasks=0
2026/04/10 12:12:37 Heartbeat sent: CPU=18.5%, Memory=56.8%, Storage=75.4%, Tasks=0
2026/04/10 12:12:42 Heartbeat sent: CPU=11.4%, Memory=56.1%, Storage=75.4%, Tasks=0
2026/04/10 12:12:47 Heartbeat sent: CPU=16.7%, Memory=57.9%, Storage=75.4%, Tasks=0
2026/04/10 12:12:52 Heartbeat sent: CPU=18.0%, Memory=57.6%, Storage=75.4%, Tasks=0
2026/04/10 12:12:57 Heartbeat sent: CPU=16.6%, Memory=59.0%, Storage=75.4%, Tasks=0
2026/04/10 12:13:02 Heartbeat sent: CPU=14.7%, Memory=58.7%, Storage=75.4%, Tasks=0
2026/04/10 12:13:07 Heartbeat sent: CPU=15.0%, Memory=57.9%, Storage=75.4%, Tasks=0
2026/04/10 12:13:12 Heartbeat sent: CPU=15.8%, Memory=59.4%, Storage=75.4%, Tasks=0
2026/04/10 12:13:17 Heartbeat sent: CPU=11.6%, Memory=57.8%, Storage=75.4%, Tasks=0
2026/04/10 12:13:22 Heartbeat sent: CPU=10.5%, Memory=58.5%, Storage=75.4%, Tasks=0
2026/04/10 12:13:27 Heartbeat sent: CPU=10.7%, Memory=58.3%, Storage=75.4%, Tasks=0
2026/04/10 12:13:32 Heartbeat sent: CPU=18.3%, Memory=59.5%, Storage=75.4%, Tasks=0
2026/04/10 12:13:37 Heartbeat sent: CPU=10.2%, Memory=57.1%, Storage=75.4%, Tasks=0
2026/04/10 12:13:42 Heartbeat sent: CPU=14.5%, Memory=59.2%, Storage=75.4%, Tasks=0
2026/04/10 12:13:47 Heartbeat sent: CPU=13.7%, Memory=58.3%, Storage=75.4%, Tasks=0
2026/04/10 12:13:52 Heartbeat sent: CPU=17.0%, Memory=57.7%, Storage=75.4%, Tasks=0
2026/04/10 12:13:57 Heartbeat sent: CPU=12.1%, Memory=57.8%, Storage=75.4%, Tasks=0
2026/04/10 12:14:02 Heartbeat sent: CPU=12.9%, Memory=58.5%, Storage=75.4%, Tasks=0
2026/04/10 12:14:07 Heartbeat sent: CPU=13.9%, Memory=59.0%, Storage=75.4%, Tasks=0
2026/04/10 12:14:12 Heartbeat sent: CPU=17.7%, Memory=59.8%, Storage=75.4%, Tasks=0
2026/04/10 12:14:17 Heartbeat sent: CPU=22.7%, Memory=59.5%, Storage=75.4%, Tasks=0
2026/04/10 12:14:22 Heartbeat sent: CPU=13.1%, Memory=58.0%, Storage=75.4%, Tasks=0
2026/04/10 12:14:27 Heartbeat sent: CPU=12.4%, Memory=57.5%, Storage=75.4%, Tasks=0
2026/04/10 12:14:32 Heartbeat sent: CPU=10.6%, Memory=57.4%, Storage=75.4%, Tasks=0
2026/04/10 12:14:37 Heartbeat sent: CPU=10.3%, Memory=57.4%, Storage=75.4%, Tasks=0
2026/04/10 12:14:42 Heartbeat sent: CPU=10.1%, Memory=57.4%, Storage=75.4%, Tasks=0
2026/04/10 12:14:47 Heartbeat sent: CPU=13.7%, Memory=57.2%, Storage=75.4%, Tasks=0
2026/04/10 12:14:52 Heartbeat sent: CPU=9.0%, Memory=57.2%, Storage=75.4%, Tasks=0
2026/04/10 12:14:57 Heartbeat sent: CPU=9.8%, Memory=57.2%, Storage=75.4%, Tasks=0
2026/04/10 12:15:02 Heartbeat sent: CPU=9.8%, Memory=57.8%, Storage=75.4%, Tasks=0
2026/04/10 12:15:07 Heartbeat sent: CPU=9.5%, Memory=57.5%, Storage=75.4%, Tasks=0
2026/04/10 12:15:12 Heartbeat sent: CPU=10.1%, Memory=57.2%, Storage=75.4%, Tasks=0
2026/04/10 12:15:17 Heartbeat sent: CPU=9.6%, Memory=57.3%, Storage=75.4%, Tasks=0
2026/04/10 12:15:22 Heartbeat sent: CPU=17.0%, Memory=57.3%, Storage=75.4%, Tasks=0
2026/04/10 12:15:27 Heartbeat sent: CPU=25.2%, Memory=60.4%, Storage=75.4%, Tasks=0
2026/04/10 12:15:32 Heartbeat sent: CPU=17.8%, Memory=58.3%, Storage=75.4%, Tasks=0
2026/04/10 12:15:37 Heartbeat sent: CPU=13.7%, Memory=57.2%, Storage=75.4%, Tasks=0
2026/04/10 12:15:42 Heartbeat sent: CPU=9.6%, Memory=57.1%, Storage=75.4%, Tasks=0
2026/04/10 12:15:47 Heartbeat sent: CPU=16.4%, Memory=57.0%, Storage=75.4%, Tasks=0
2026/04/10 12:15:52 Heartbeat sent: CPU=9.6%, Memory=56.9%, Storage=75.4%, Tasks=0
2026/04/10 12:15:57 Heartbeat sent: CPU=9.7%, Memory=56.9%, Storage=75.4%, Tasks=0
2026/04/10 12:16:02 Heartbeat sent: CPU=19.9%, Memory=57.0%, Storage=75.4%, Tasks=0
2026/04/10 12:16:07 Heartbeat sent: CPU=12.0%, Memory=57.1%, Storage=75.4%, Tasks=0
2026/04/10 12:16:12 Heartbeat sent: CPU=15.4%, Memory=57.0%, Storage=75.4%, Tasks=0
2026/04/10 12:16:17 Heartbeat sent: CPU=17.7%, Memory=58.9%, Storage=75.4%, Tasks=0
2026/04/10 12:16:22 Heartbeat sent: CPU=15.6%, Memory=59.0%, Storage=75.4%, Tasks=0
2026/04/10 12:16:27 Heartbeat sent: CPU=8.7%, Memory=57.1%, Storage=75.4%, Tasks=0
2026/04/10 12:16:32 Heartbeat sent: CPU=15.5%, Memory=59.3%, Storage=75.4%, Tasks=0
2026/04/10 12:16:37 Heartbeat sent: CPU=10.5%, Memory=58.3%, Storage=75.4%, Tasks=0
2026/04/10 12:16:42 Heartbeat sent: CPU=16.6%, Memory=58.2%, Storage=75.4%, Tasks=0
2026/04/10 12:16:47 Heartbeat sent: CPU=19.6%, Memory=59.0%, Storage=75.4%, Tasks=0
2026/04/10 12:16:52 Heartbeat sent: CPU=14.0%, Memory=58.8%, Storage=75.4%, Tasks=0
2026/04/10 12:16:57 Heartbeat sent: CPU=12.3%, Memory=58.2%, Storage=75.4%, Tasks=0
2026/04/10 12:17:02 Heartbeat sent: CPU=16.2%, Memory=59.1%, Storage=75.4%, Tasks=0
2026/04/10 12:17:07 Heartbeat sent: CPU=16.8%, Memory=59.0%, Storage=75.4%, Tasks=0
2026/04/10 12:17:12 Heartbeat sent: CPU=8.0%, Memory=59.7%, Storage=75.4%, Tasks=0
2026/04/10 12:17:17 Heartbeat sent: CPU=18.4%, Memory=59.4%, Storage=75.4%, Tasks=0
2026/04/10 12:17:22 Heartbeat sent: CPU=16.4%, Memory=59.2%, Storage=75.4%, Tasks=0
2026/04/10 12:17:27 Heartbeat sent: CPU=17.4%, Memory=59.3%, Storage=75.4%, Tasks=0
2026/04/10 12:17:32 Heartbeat sent: CPU=9.7%, Memory=59.3%, Storage=75.4%, Tasks=0
2026/04/10 12:17:37 Heartbeat sent: CPU=9.0%, Memory=59.4%, Storage=75.4%, Tasks=0
2026/04/10 12:17:42 Heartbeat sent: CPU=13.1%, Memory=59.3%, Storage=75.4%, Tasks=0
2026/04/10 12:17:47 Heartbeat sent: CPU=17.4%, Memory=58.9%, Storage=75.4%, Tasks=0
2026/04/10 12:17:52 Heartbeat sent: CPU=14.8%, Memory=59.2%, Storage=75.4%, Tasks=0
2026/04/10 12:17:57 Heartbeat sent: CPU=16.6%, Memory=59.1%, Storage=75.4%, Tasks=0
2026/04/10 12:18:02 Heartbeat sent: CPU=11.2%, Memory=58.4%, Storage=75.4%, Tasks=0
2026/04/10 12:18:07 Heartbeat sent: CPU=10.9%, Memory=59.4%, Storage=75.4%, Tasks=0
2026/04/10 12:18:12 Heartbeat sent: CPU=13.7%, Memory=59.4%, Storage=75.4%, Tasks=0
2026/04/10 12:18:17 Heartbeat sent: CPU=10.3%, Memory=58.8%, Storage=75.4%, Tasks=0
2026/04/10 12:18:22 Heartbeat sent: CPU=15.6%, Memory=59.4%, Storage=75.4%, Tasks=0
2026/04/10 12:18:27 Heartbeat sent: CPU=11.0%, Memory=59.3%, Storage=75.4%, Tasks=0
2026/04/10 12:18:32 Heartbeat sent: CPU=12.2%, Memory=58.3%, Storage=75.4%, Tasks=0
2026/04/10 12:18:37 Heartbeat sent: CPU=15.1%, Memory=59.3%, Storage=75.4%, Tasks=0
2026/04/10 12:18:42 Heartbeat sent: CPU=13.5%, Memory=59.6%, Storage=75.4%, Tasks=0
2026/04/10 12:18:47 Heartbeat sent: CPU=17.6%, Memory=59.5%, Storage=75.4%, Tasks=0
2026/04/10 12:18:52 Heartbeat sent: CPU=9.2%, Memory=59.4%, Storage=75.4%, Tasks=0
2026/04/10 12:18:57 Heartbeat sent: CPU=21.1%, Memory=59.5%, Storage=75.4%, Tasks=0
2026/04/10 12:19:02 Heartbeat sent: CPU=15.4%, Memory=59.7%, Storage=75.4%, Tasks=0
2026/04/10 12:19:07 Heartbeat sent: CPU=16.8%, Memory=59.3%, Storage=75.4%, Tasks=0
2026/04/10 12:19:12 Heartbeat sent: CPU=18.0%, Memory=59.2%, Storage=75.4%, Tasks=0
2026/04/10 12:19:17 Heartbeat sent: CPU=12.4%, Memory=59.7%, Storage=75.4%, Tasks=0
2026/04/10 12:19:22 Heartbeat sent: CPU=16.1%, Memory=59.6%, Storage=75.4%, Tasks=0
2026/04/10 12:19:27 Heartbeat sent: CPU=12.4%, Memory=59.1%, Storage=75.4%, Tasks=0
2026/04/10 12:19:32 Heartbeat sent: CPU=12.6%, Memory=59.7%, Storage=75.4%, Tasks=0
2026/04/10 12:19:37 Heartbeat sent: CPU=18.9%, Memory=61.3%, Storage=75.4%, Tasks=0
2026/04/10 12:19:42 Heartbeat sent: CPU=23.0%, Memory=60.4%, Storage=75.4%, Tasks=0
2026/04/10 12:19:47 Heartbeat sent: CPU=16.3%, Memory=60.0%, Storage=75.4%, Tasks=0
2026/04/10 12:19:52 Heartbeat sent: CPU=13.7%, Memory=60.3%, Storage=75.4%, Tasks=0
2026/04/10 12:19:57 Heartbeat sent: CPU=13.9%, Memory=60.7%, Storage=75.4%, Tasks=0
2026/04/10 12:20:02 Heartbeat sent: CPU=16.8%, Memory=59.2%, Storage=75.4%, Tasks=0
2026/04/10 12:20:07 Heartbeat sent: CPU=16.0%, Memory=58.4%, Storage=75.4%, Tasks=0
2026/04/10 12:20:12 Heartbeat sent: CPU=12.8%, Memory=61.0%, Storage=75.4%, Tasks=0
2026/04/10 12:20:17 Heartbeat sent: CPU=15.9%, Memory=62.1%, Storage=75.4%, Tasks=0
2026/04/10 12:20:22 Heartbeat sent: CPU=20.1%, Memory=60.0%, Storage=75.4%, Tasks=0
2026/04/10 12:20:27 Heartbeat sent: CPU=9.8%, Memory=59.7%, Storage=75.4%, Tasks=0
2026/04/10 12:20:32 Heartbeat sent: CPU=10.0%, Memory=59.4%, Storage=75.4%, Tasks=0
2026/04/10 12:20:37 Heartbeat sent: CPU=18.6%, Memory=60.9%, Storage=75.4%, Tasks=0
2026/04/10 12:20:42 Heartbeat sent: CPU=11.6%, Memory=59.7%, Storage=75.4%, Tasks=0
2026/04/10 12:20:47 Heartbeat sent: CPU=22.8%, Memory=60.6%, Storage=75.4%, Tasks=0
2026/04/10 12:20:52 Heartbeat sent: CPU=16.3%, Memory=60.2%, Storage=75.4%, Tasks=0
2026/04/10 12:20:57 Heartbeat sent: CPU=12.2%, Memory=60.0%, Storage=75.4%, Tasks=0
2026/04/10 12:21:02 Heartbeat sent: CPU=8.7%, Memory=59.1%, Storage=75.4%, Tasks=0
2026/04/10 12:21:07 Heartbeat sent: CPU=9.9%, Memory=58.5%, Storage=75.4%, Tasks=0
2026/04/10 12:21:12 Heartbeat sent: CPU=8.1%, Memory=58.2%, Storage=75.4%, Tasks=0
2026/04/10 12:21:17 Heartbeat sent: CPU=16.1%, Memory=61.7%, Storage=75.4%, Tasks=0
2026/04/10 12:21:22 Heartbeat sent: CPU=13.7%, Memory=61.3%, Storage=75.4%, Tasks=0
2026/04/10 12:21:27 Heartbeat sent: CPU=12.3%, Memory=60.2%, Storage=75.4%, Tasks=0
2026/04/10 12:21:32 Heartbeat sent: CPU=12.0%, Memory=59.6%, Storage=75.4%, Tasks=0
2026/04/10 12:21:37 Heartbeat sent: CPU=9.8%, Memory=59.5%, Storage=75.4%, Tasks=0
2026/04/10 12:21:42 Heartbeat sent: CPU=17.0%, Memory=62.2%, Storage=75.4%, Tasks=0
2026/04/10 12:21:47 Heartbeat sent: CPU=15.4%, Memory=60.6%, Storage=75.4%, Tasks=0
2026/04/10 12:21:52 Heartbeat sent: CPU=15.4%, Memory=59.8%, Storage=75.4%, Tasks=0
2026/04/10 12:21:57 Heartbeat sent: CPU=11.1%, Memory=59.5%, Storage=75.4%, Tasks=0
2026/04/10 12:22:02 Heartbeat sent: CPU=16.3%, Memory=62.2%, Storage=75.4%, Tasks=0
2026/04/10 12:22:07 Heartbeat sent: CPU=20.2%, Memory=61.5%, Storage=75.4%, Tasks=0
2026/04/10 12:22:12 Heartbeat sent: CPU=16.3%, Memory=60.4%, Storage=75.4%, Tasks=0
2026/04/10 12:22:17 Heartbeat sent: CPU=9.9%, Memory=59.6%, Storage=75.4%, Tasks=0
2026/04/10 12:22:22 Heartbeat sent: CPU=11.2%, Memory=59.5%, Storage=75.4%, Tasks=0
2026/04/10 12:22:27 Heartbeat sent: CPU=13.6%, Memory=59.6%, Storage=75.4%, Tasks=0
2026/04/10 12:22:32 Heartbeat sent: CPU=12.2%, Memory=59.6%, Storage=75.4%, Tasks=0
2026/04/10 12:22:37 Heartbeat sent: CPU=12.8%, Memory=60.8%, Storage=75.4%, Tasks=0
2026/04/10 12:22:42 Heartbeat sent: CPU=9.4%, Memory=59.9%, Storage=75.4%, Tasks=0
2026/04/10 12:22:47 Heartbeat sent: CPU=10.3%, Memory=60.0%, Storage=75.4%, Tasks=0
2026/04/10 12:22:52 Heartbeat sent: CPU=8.8%, Memory=58.7%, Storage=75.4%, Tasks=0
2026/04/10 12:22:57 Heartbeat sent: CPU=8.8%, Memory=58.2%, Storage=75.4%, Tasks=0
2026/04/10 12:23:02 Heartbeat sent: CPU=15.0%, Memory=60.1%, Storage=75.4%, Tasks=0
2026/04/10 12:23:07 Heartbeat sent: CPU=15.0%, Memory=60.2%, Storage=75.4%, Tasks=0
2026/04/10 12:23:12 Heartbeat sent: CPU=13.8%, Memory=60.1%, Storage=75.4%, Tasks=0
2026/04/10 12:23:17 Heartbeat sent: CPU=13.9%, Memory=60.1%, Storage=75.4%, Tasks=0
2026/04/10 12:23:22 Heartbeat sent: CPU=14.0%, Memory=60.3%, Storage=75.4%, Tasks=0
2026/04/10 12:23:27 Heartbeat sent: CPU=15.6%, Memory=59.6%, Storage=75.4%, Tasks=0
2026/04/10 12:23:32 Heartbeat sent: CPU=11.9%, Memory=60.2%, Storage=75.4%, Tasks=0
2026/04/10 12:23:37 Heartbeat sent: CPU=11.9%, Memory=60.4%, Storage=75.4%, Tasks=0
2026/04/10 12:23:42 Heartbeat sent: CPU=12.3%, Memory=60.0%, Storage=75.4%, Tasks=0
2026/04/10 12:23:47 Heartbeat sent: CPU=14.6%, Memory=59.6%, Storage=75.4%, Tasks=0
2026/04/10 12:23:52 Heartbeat sent: CPU=21.2%, Memory=63.7%, Storage=75.4%, Tasks=0
2026/04/10 12:23:57 Heartbeat sent: CPU=14.6%, Memory=61.7%, Storage=75.4%, Tasks=0
2026/04/10 12:24:02 Heartbeat sent: CPU=11.0%, Memory=59.6%, Storage=75.4%, Tasks=0
2026/04/10 12:24:07 Heartbeat sent: CPU=9.9%, Memory=60.6%, Storage=75.4%, Tasks=0
2026/04/10 12:24:12 Heartbeat sent: CPU=22.4%, Memory=63.6%, Storage=75.4%, Tasks=0
2026/04/10 12:24:17 Heartbeat sent: CPU=15.2%, Memory=61.8%, Storage=75.4%, Tasks=0
2026/04/10 12:24:22 Heartbeat sent: CPU=13.9%, Memory=61.4%, Storage=75.4%, Tasks=0
2026/04/10 12:24:27 Heartbeat sent: CPU=11.6%, Memory=60.2%, Storage=75.4%, Tasks=0
2026/04/10 12:24:32 Heartbeat sent: CPU=10.3%, Memory=59.7%, Storage=75.4%, Tasks=0
2026/04/10 12:24:37 Heartbeat sent: CPU=11.4%, Memory=59.7%, Storage=75.4%, Tasks=0
2026/04/10 12:24:42 Heartbeat sent: CPU=12.2%, Memory=59.7%, Storage=75.4%, Tasks=0
2026/04/10 12:24:47 Heartbeat sent: CPU=16.8%, Memory=59.8%, Storage=75.4%, Tasks=0
2026/04/10 12:24:52 Heartbeat sent: CPU=13.9%, Memory=59.8%, Storage=75.4%, Tasks=0
2026/04/10 12:24:57 Heartbeat sent: CPU=15.0%, Memory=59.8%, Storage=75.4%, Tasks=0
2026/04/10 12:25:02 Heartbeat sent: CPU=11.0%, Memory=59.8%, Storage=75.4%, Tasks=0
2026/04/10 12:25:07 Heartbeat sent: CPU=18.7%, Memory=60.2%, Storage=75.4%, Tasks=0
2026/04/10 12:25:12 Heartbeat sent: CPU=11.7%, Memory=59.9%, Storage=75.4%, Tasks=0
2026/04/10 12:25:17 Heartbeat sent: CPU=15.6%, Memory=61.0%, Storage=75.4%, Tasks=0
2026/04/10 12:25:22 Heartbeat sent: CPU=11.7%, Memory=60.4%, Storage=75.4%, Tasks=0
2026/04/10 12:25:27 Heartbeat sent: CPU=12.4%, Memory=60.0%, Storage=75.4%, Tasks=0
2026/04/10 12:25:32 Heartbeat sent: CPU=12.8%, Memory=59.6%, Storage=75.4%, Tasks=0
2026/04/10 12:25:37 Heartbeat sent: CPU=13.7%, Memory=59.7%, Storage=75.4%, Tasks=0
2026/04/10 12:25:42 Heartbeat sent: CPU=14.5%, Memory=61.9%, Storage=75.4%, Tasks=0
2026/04/10 12:25:47 Heartbeat sent: CPU=34.3%, Memory=60.1%, Storage=75.4%, Tasks=0
2026/04/10 12:25:52 Heartbeat sent: CPU=12.3%, Memory=59.4%, Storage=75.4%, Tasks=0
2026/04/10 12:25:57 Heartbeat sent: CPU=9.7%, Memory=59.4%, Storage=75.4%, Tasks=0
2026/04/10 12:26:02 Heartbeat sent: CPU=10.6%, Memory=59.5%, Storage=75.4%, Tasks=0
2026/04/10 12:26:07 Heartbeat sent: CPU=11.6%, Memory=59.6%, Storage=75.4%, Tasks=0
2026/04/10 12:26:12 Heartbeat sent: CPU=14.4%, Memory=59.6%, Storage=75.4%, Tasks=0
2026/04/10 12:26:17 Heartbeat sent: CPU=19.6%, Memory=63.0%, Storage=75.4%, Tasks=0
2026/04/10 12:26:22 Heartbeat sent: CPU=15.0%, Memory=59.6%, Storage=75.4%, Tasks=0
2026/04/10 12:26:27 Heartbeat sent: CPU=11.2%, Memory=60.3%, Storage=75.4%, Tasks=0
2026/04/10 12:26:32 Heartbeat sent: CPU=10.3%, Memory=60.4%, Storage=75.4%, Tasks=0
2026/04/10 12:26:37 Heartbeat sent: CPU=8.9%, Memory=60.1%, Storage=75.4%, Tasks=0
2026/04/10 12:26:42 Heartbeat sent: CPU=17.2%, Memory=60.0%, Storage=75.4%, Tasks=0
2026/04/10 12:26:47 Heartbeat sent: CPU=12.4%, Memory=60.0%, Storage=75.4%, Tasks=0
2026/04/10 12:26:52 Heartbeat sent: CPU=11.5%, Memory=60.3%, Storage=75.4%, Tasks=0
2026/04/10 12:26:57 Heartbeat sent: CPU=10.6%, Memory=60.8%, Storage=75.4%, Tasks=0
2026/04/10 12:27:02 Heartbeat sent: CPU=13.4%, Memory=61.2%, Storage=75.4%, Tasks=0
2026/04/10 12:27:07 Heartbeat sent: CPU=14.2%, Memory=59.5%, Storage=75.4%, Tasks=0
2026/04/10 12:27:12 Heartbeat sent: CPU=9.0%, Memory=58.6%, Storage=75.4%, Tasks=0
2026/04/10 12:27:17 Heartbeat sent: CPU=10.4%, Memory=59.6%, Storage=75.4%, Tasks=0
2026/04/10 12:27:22 Heartbeat sent: CPU=16.9%, Memory=60.7%, Storage=75.4%, Tasks=0
2026/04/10 12:27:27 Heartbeat sent: CPU=25.5%, Memory=60.2%, Storage=75.4%, Tasks=0
2026/04/10 12:27:32 Heartbeat sent: CPU=15.7%, Memory=60.1%, Storage=75.4%, Tasks=0
2026/04/10 12:27:37 Heartbeat sent: CPU=13.6%, Memory=59.9%, Storage=75.4%, Tasks=0
2026/04/10 12:27:42 Heartbeat sent: CPU=15.3%, Memory=59.7%, Storage=75.4%, Tasks=0
2026/04/10 12:27:47 Heartbeat sent: CPU=16.0%, Memory=59.8%, Storage=75.4%, Tasks=0
2026/04/10 12:27:52 Heartbeat sent: CPU=22.7%, Memory=59.9%, Storage=75.4%, Tasks=0
2026/04/10 12:27:57 Heartbeat sent: CPU=12.9%, Memory=60.1%, Storage=75.4%, Tasks=0
2026/04/10 12:28:02 Heartbeat sent: CPU=11.4%, Memory=60.1%, Storage=75.4%, Tasks=0
2026/04/10 12:28:07 Heartbeat sent: CPU=11.8%, Memory=60.0%, Storage=75.4%, Tasks=0
2026/04/10 12:28:12 Heartbeat sent: CPU=10.8%, Memory=60.1%, Storage=75.4%, Tasks=0
2026/04/10 12:28:17 Heartbeat sent: CPU=13.3%, Memory=59.8%, Storage=75.4%, Tasks=0
2026/04/10 12:28:22 Heartbeat sent: CPU=9.9%, Memory=59.7%, Storage=75.4%, Tasks=0
2026/04/10 12:28:27 Heartbeat sent: CPU=16.3%, Memory=61.5%, Storage=75.4%, Tasks=0
2026/04/10 12:28:32 Heartbeat sent: CPU=12.2%, Memory=61.2%, Storage=75.4%, Tasks=0
2026/04/10 12:28:37 Heartbeat sent: CPU=20.1%, Memory=61.3%, Storage=75.4%, Tasks=0
2026/04/10 12:28:42 Heartbeat sent: CPU=12.5%, Memory=61.2%, Storage=75.4%, Tasks=0
2026/04/10 12:28:47 Heartbeat sent: CPU=16.7%, Memory=60.5%, Storage=75.4%, Tasks=0
2026/04/10 12:28:52 Heartbeat sent: CPU=11.6%, Memory=60.4%, Storage=75.4%, Tasks=0
2026/04/10 12:28:57 Heartbeat sent: CPU=12.1%, Memory=60.2%, Storage=75.4%, Tasks=0
2026/04/10 12:29:02 Heartbeat sent: CPU=11.5%, Memory=59.6%, Storage=75.4%, Tasks=0
2026/04/10 12:29:07 Heartbeat sent: CPU=18.7%, Memory=60.3%, Storage=75.4%, Tasks=0
2026/04/10 12:29:12 Heartbeat sent: CPU=12.6%, Memory=61.5%, Storage=75.4%, Tasks=0
2026/04/10 12:29:17 Heartbeat sent: CPU=13.8%, Memory=60.3%, Storage=75.4%, Tasks=0
2026/04/10 12:29:22 Heartbeat sent: CPU=15.2%, Memory=63.2%, Storage=75.4%, Tasks=0
2026/04/10 12:29:27 Heartbeat sent: CPU=9.8%, Memory=60.6%, Storage=75.4%, Tasks=0
2026/04/10 12:29:32 Heartbeat sent: CPU=11.7%, Memory=60.0%, Storage=75.4%, Tasks=0
2026/04/10 12:29:37 Heartbeat sent: CPU=14.0%, Memory=59.7%, Storage=75.4%, Tasks=0
2026/04/10 12:29:42 Heartbeat sent: CPU=11.5%, Memory=60.6%, Storage=75.4%, Tasks=0
2026/04/10 12:29:47 Heartbeat sent: CPU=11.5%, Memory=60.1%, Storage=75.4%, Tasks=0
2026/04/10 12:29:52 Heartbeat sent: CPU=13.2%, Memory=59.7%, Storage=75.4%, Tasks=0
2026/04/10 12:29:57 Heartbeat sent: CPU=15.5%, Memory=60.4%, Storage=75.4%, Tasks=0
2026/04/10 12:30:02 Heartbeat sent: CPU=12.9%, Memory=60.3%, Storage=75.4%, Tasks=0
2026/04/10 12:30:07 Heartbeat sent: CPU=14.9%, Memory=60.2%, Storage=75.4%, Tasks=0
2026/04/10 12:30:12 Heartbeat sent: CPU=15.7%, Memory=60.2%, Storage=75.4%, Tasks=0
2026/04/10 12:30:17 Heartbeat sent: CPU=16.9%, Memory=60.2%, Storage=75.4%, Tasks=0
2026/04/10 12:30:22 Heartbeat sent: CPU=13.8%, Memory=60.2%, Storage=75.4%, Tasks=0
2026/04/10 12:30:27 Heartbeat sent: CPU=12.4%, Memory=60.5%, Storage=75.4%, Tasks=0
2026/04/10 12:30:32 Heartbeat sent: CPU=16.2%, Memory=60.4%, Storage=75.4%, Tasks=0
2026/04/10 12:30:37 Heartbeat sent: CPU=14.1%, Memory=60.3%, Storage=75.4%, Tasks=0
2026/04/10 12:30:42 Heartbeat sent: CPU=13.4%, Memory=60.4%, Storage=75.4%, Tasks=0
2026/04/10 12:30:47 Heartbeat sent: CPU=16.4%, Memory=60.1%, Storage=75.4%, Tasks=0
2026/04/10 12:30:52 Heartbeat sent: CPU=9.0%, Memory=60.0%, Storage=75.4%, Tasks=0
2026/04/10 12:30:57 Heartbeat sent: CPU=17.8%, Memory=60.1%, Storage=75.4%, Tasks=0
2026/04/10 12:31:02 Heartbeat sent: CPU=11.7%, Memory=60.1%, Storage=75.4%, Tasks=0
2026/04/10 12:31:07 Heartbeat sent: CPU=14.6%, Memory=60.1%, Storage=75.4%, Tasks=0
2026/04/10 12:31:12 Heartbeat sent: CPU=14.2%, Memory=60.0%, Storage=75.4%, Tasks=0
2026/04/10 12:31:17 Heartbeat sent: CPU=14.3%, Memory=60.0%, Storage=75.4%, Tasks=0
2026/04/10 12:31:22 Heartbeat sent: CPU=11.9%, Memory=60.0%, Storage=75.4%, Tasks=0
2026/04/10 12:31:27 Heartbeat sent: CPU=10.3%, Memory=60.0%, Storage=75.4%, Tasks=0
2026/04/10 12:31:32 Heartbeat sent: CPU=11.0%, Memory=60.2%, Storage=75.4%, Tasks=0
2026/04/10 12:31:37 Heartbeat sent: CPU=16.2%, Memory=60.4%, Storage=75.4%, Tasks=0
2026/04/10 12:31:42 Heartbeat sent: CPU=11.0%, Memory=60.1%, Storage=75.4%, Tasks=0
2026/04/10 12:31:47 Heartbeat sent: CPU=12.3%, Memory=60.3%, Storage=75.4%, Tasks=0
2026/04/10 12:31:52 Heartbeat sent: CPU=14.5%, Memory=61.4%, Storage=75.4%, Tasks=0
2026/04/10 12:31:57 Heartbeat sent: CPU=15.2%, Memory=62.2%, Storage=75.4%, Tasks=0
2026/04/10 12:32:02 Heartbeat sent: CPU=10.9%, Memory=61.2%, Storage=75.4%, Tasks=0
2026/04/10 12:32:07 Heartbeat sent: CPU=11.6%, Memory=61.4%, Storage=75.4%, Tasks=0
2026/04/10 12:32:12 Heartbeat sent: CPU=10.8%, Memory=60.9%, Storage=75.4%, Tasks=0
2026/04/10 12:32:17 Heartbeat sent: CPU=16.3%, Memory=63.6%, Storage=75.4%, Tasks=0
2026/04/10 12:32:22 Heartbeat sent: CPU=15.3%, Memory=61.9%, Storage=75.4%, Tasks=0
2026/04/10 12:32:27 Heartbeat sent: CPU=19.6%, Memory=61.3%, Storage=75.4%, Tasks=0
2026/04/10 12:32:32 Heartbeat sent: CPU=15.4%, Memory=62.2%, Storage=75.4%, Tasks=0
2026/04/10 12:32:37 Heartbeat sent: CPU=14.5%, Memory=62.2%, Storage=75.4%, Tasks=0
2026/04/10 12:32:42 Heartbeat sent: CPU=18.3%, Memory=63.2%, Storage=75.4%, Tasks=0
2026/04/10 12:32:47 Heartbeat sent: CPU=14.8%, Memory=61.8%, Storage=75.4%, Tasks=0
2026/04/10 12:32:52 Heartbeat sent: CPU=11.5%, Memory=61.1%, Storage=75.4%, Tasks=0
2026/04/10 12:32:57 Heartbeat sent: CPU=10.5%, Memory=60.4%, Storage=75.4%, Tasks=0
2026/04/10 12:33:02 Heartbeat sent: CPU=15.3%, Memory=60.4%, Storage=75.4%, Tasks=0
2026/04/10 12:33:07 Heartbeat sent: CPU=15.7%, Memory=60.4%, Storage=75.4%, Tasks=0
2026/04/10 12:33:12 Heartbeat sent: CPU=12.7%, Memory=60.4%, Storage=75.4%, Tasks=0
2026/04/10 12:33:17 Heartbeat sent: CPU=14.2%, Memory=61.0%, Storage=75.4%, Tasks=0
2026/04/10 12:33:22 Heartbeat sent: CPU=12.3%, Memory=60.5%, Storage=75.4%, Tasks=0
2026/04/10 12:33:27 Heartbeat sent: CPU=12.5%, Memory=60.3%, Storage=75.4%, Tasks=0
2026/04/10 12:33:32 Heartbeat sent: CPU=11.9%, Memory=60.4%, Storage=75.4%, Tasks=0
2026/04/10 12:33:37 Heartbeat sent: CPU=10.6%, Memory=60.5%, Storage=75.4%, Tasks=0
2026/04/10 12:33:42 Heartbeat sent: CPU=12.5%, Memory=60.4%, Storage=75.4%, Tasks=0
2026/04/10 12:33:47 Heartbeat sent: CPU=15.5%, Memory=60.4%, Storage=75.4%, Tasks=0
2026/04/10 12:33:52 Heartbeat sent: CPU=13.9%, Memory=60.3%, Storage=75.4%, Tasks=0
2026/04/10 12:33:57 Heartbeat sent: CPU=16.5%, Memory=60.4%, Storage=75.4%, Tasks=0
2026/04/10 12:34:02 Heartbeat sent: CPU=13.4%, Memory=60.6%, Storage=75.4%, Tasks=0
2026/04/10 12:34:07 Heartbeat sent: CPU=17.6%, Memory=60.9%, Storage=75.4%, Tasks=0
2026/04/10 12:34:12 Heartbeat sent: CPU=11.9%, Memory=60.6%, Storage=75.4%, Tasks=0
2026/04/10 12:34:17 Heartbeat sent: CPU=13.9%, Memory=60.6%, Storage=75.4%, Tasks=0
2026/04/10 12:34:22 Heartbeat sent: CPU=15.2%, Memory=60.6%, Storage=75.4%, Tasks=0
2026/04/10 12:34:27 Heartbeat sent: CPU=11.2%, Memory=60.7%, Storage=75.4%, Tasks=0
2026/04/10 12:34:32 Heartbeat sent: CPU=13.1%, Memory=60.7%, Storage=75.4%, Tasks=0
2026/04/10 12:34:37 Heartbeat sent: CPU=18.8%, Memory=60.8%, Storage=75.4%, Tasks=0
2026/04/10 12:34:42 Heartbeat sent: CPU=13.7%, Memory=60.6%, Storage=75.4%, Tasks=0
2026/04/10 12:34:47 Heartbeat sent: CPU=19.6%, Memory=60.6%, Storage=75.4%, Tasks=0
2026/04/10 12:34:52 Heartbeat sent: CPU=14.3%, Memory=61.0%, Storage=75.4%, Tasks=0
2026/04/10 12:34:57 Heartbeat sent: CPU=16.1%, Memory=60.7%, Storage=75.4%, Tasks=0
2026/04/10 12:35:02 Heartbeat sent: CPU=14.1%, Memory=60.6%, Storage=75.4%, Tasks=0
2026/04/10 12:35:07 Heartbeat sent: CPU=12.3%, Memory=60.7%, Storage=75.4%, Tasks=0
2026/04/10 12:35:12 Heartbeat sent: CPU=16.0%, Memory=61.0%, Storage=75.4%, Tasks=0
2026/04/10 12:35:17 Heartbeat sent: CPU=12.7%, Memory=61.0%, Storage=75.4%, Tasks=0
2026/04/10 12:35:22 Heartbeat sent: CPU=10.1%, Memory=60.8%, Storage=75.4%, Tasks=0
2026/04/10 12:35:27 Heartbeat sent: CPU=15.4%, Memory=62.1%, Storage=75.4%, Tasks=0
2026/04/10 12:35:32 Heartbeat sent: CPU=18.0%, Memory=61.7%, Storage=75.4%, Tasks=0
2026/04/10 12:35:37 Heartbeat sent: CPU=13.1%, Memory=60.8%, Storage=75.4%, Tasks=0
2026/04/10 12:35:42 Heartbeat sent: CPU=9.0%, Memory=59.8%, Storage=75.4%, Tasks=0
2026/04/10 12:35:47 Heartbeat sent: CPU=14.2%, Memory=60.9%, Storage=75.4%, Tasks=0
2026/04/10 12:35:52 Heartbeat sent: CPU=11.5%, Memory=61.1%, Storage=75.4%, Tasks=0
2026/04/10 12:35:57 Heartbeat sent: CPU=11.6%, Memory=61.1%, Storage=75.4%, Tasks=0
2026/04/10 12:36:02 Heartbeat sent: CPU=12.4%, Memory=60.1%, Storage=75.4%, Tasks=0
2026/04/10 12:36:07 Heartbeat sent: CPU=11.2%, Memory=61.3%, Storage=75.4%, Tasks=0
2026/04/10 12:36:12 Heartbeat sent: CPU=11.8%, Memory=61.5%, Storage=75.4%, Tasks=0
2026/04/10 12:36:17 Heartbeat sent: CPU=15.4%, Memory=60.3%, Storage=75.4%, Tasks=0
2026/04/10 12:36:22 Heartbeat sent: CPU=16.0%, Memory=63.3%, Storage=75.4%, Tasks=0
2026/04/10 12:36:27 Heartbeat sent: CPU=17.6%, Memory=61.0%, Storage=75.4%, Tasks=0
2026/04/10 12:36:32 Heartbeat sent: CPU=28.5%, Memory=60.6%, Storage=75.4%, Tasks=0
2026/04/10 12:36:37 Heartbeat sent: CPU=11.8%, Memory=60.3%, Storage=75.4%, Tasks=0
2026/04/10 12:36:42 Heartbeat sent: CPU=12.7%, Memory=60.3%, Storage=75.4%, Tasks=0
2026/04/10 12:36:47 Heartbeat sent: CPU=16.1%, Memory=60.4%, Storage=75.4%, Tasks=0
2026/04/10 12:36:52 Heartbeat sent: CPU=13.6%, Memory=60.5%, Storage=75.4%, Tasks=0
2026/04/10 12:36:57 Heartbeat sent: CPU=15.8%, Memory=60.5%, Storage=75.4%, Tasks=0
2026/04/10 12:37:02 Heartbeat sent: CPU=15.4%, Memory=60.6%, Storage=75.4%, Tasks=0
2026/04/10 12:37:07 Heartbeat sent: CPU=9.9%, Memory=60.7%, Storage=75.4%, Tasks=0
2026/04/10 12:37:12 Heartbeat sent: CPU=14.5%, Memory=63.1%, Storage=75.4%, Tasks=0
2026/04/10 12:37:17 Heartbeat sent: CPU=14.1%, Memory=61.9%, Storage=75.4%, Tasks=0
2026/04/10 12:37:22 Heartbeat sent: CPU=9.5%, Memory=60.7%, Storage=75.4%, Tasks=0
2026/04/10 12:37:27 Heartbeat sent: CPU=11.7%, Memory=60.5%, Storage=75.4%, Tasks=0
2026/04/10 12:37:32 Heartbeat sent: CPU=12.6%, Memory=60.4%, Storage=75.4%, Tasks=0
2026/04/10 12:37:37 Heartbeat sent: CPU=9.4%, Memory=60.5%, Storage=75.4%, Tasks=0
2026/04/10 12:37:42 Heartbeat sent: CPU=12.8%, Memory=60.4%, Storage=75.4%, Tasks=0
2026/04/10 12:37:47 Heartbeat sent: CPU=15.3%, Memory=60.5%, Storage=75.4%, Tasks=0
2026/04/10 12:37:52 Heartbeat sent: CPU=13.8%, Memory=60.5%, Storage=75.4%, Tasks=0
2026/04/10 12:37:57 Heartbeat sent: CPU=12.9%, Memory=60.4%, Storage=75.4%, Tasks=0
2026/04/10 12:38:02 Heartbeat sent: CPU=16.0%, Memory=60.7%, Storage=75.4%, Tasks=0
2026/04/10 12:38:07 Heartbeat sent: CPU=11.5%, Memory=60.8%, Storage=75.4%, Tasks=0
2026/04/10 12:38:12 Heartbeat sent: CPU=12.1%, Memory=60.6%, Storage=75.4%, Tasks=0
2026/04/10 12:38:17 Heartbeat sent: CPU=11.4%, Memory=61.4%, Storage=75.4%, Tasks=0
2026/04/10 12:38:22 Heartbeat sent: CPU=11.6%, Memory=60.8%, Storage=75.4%, Tasks=0
2026/04/10 12:38:27 Heartbeat sent: CPU=11.9%, Memory=60.7%, Storage=75.4%, Tasks=0
2026/04/10 12:38:32 Heartbeat sent: CPU=11.4%, Memory=60.6%, Storage=75.4%, Tasks=0
2026/04/10 12:38:37 Heartbeat sent: CPU=12.5%, Memory=60.6%, Storage=75.4%, Tasks=0
2026/04/10 12:38:42 Heartbeat sent: CPU=17.7%, Memory=60.6%, Storage=75.4%, Tasks=0
2026/04/10 12:38:47 Heartbeat sent: CPU=16.3%, Memory=60.5%, Storage=75.4%, Tasks=0
2026/04/10 12:38:52 Heartbeat sent: CPU=12.6%, Memory=60.5%, Storage=75.4%, Tasks=0
2026/04/10 12:38:57 Heartbeat sent: CPU=19.1%, Memory=64.2%, Storage=75.4%, Tasks=0
2026/04/10 12:39:02 Heartbeat sent: CPU=17.4%, Memory=62.0%, Storage=75.4%, Tasks=0
2026/04/10 12:39:07 Heartbeat sent: CPU=9.9%, Memory=60.9%, Storage=75.4%, Tasks=0
2026/04/10 12:39:12 Heartbeat sent: CPU=11.3%, Memory=61.1%, Storage=75.4%, Tasks=0
2026/04/10 12:39:17 Heartbeat sent: CPU=14.5%, Memory=60.6%, Storage=75.4%, Tasks=0
2026/04/10 12:39:22 Heartbeat sent: CPU=11.8%, Memory=61.1%, Storage=75.4%, Tasks=0
2026/04/10 12:39:27 Heartbeat sent: CPU=11.4%, Memory=60.5%, Storage=75.4%, Tasks=0
2026/04/10 12:39:32 Heartbeat sent: CPU=9.8%, Memory=60.3%, Storage=75.4%, Tasks=0
2026/04/10 12:39:37 Heartbeat sent: CPU=9.3%, Memory=60.3%, Storage=75.4%, Tasks=0
2026/04/10 12:39:42 Heartbeat sent: CPU=8.7%, Memory=60.9%, Storage=75.4%, Tasks=0
2026/04/10 12:39:47 Heartbeat sent: CPU=11.6%, Memory=60.4%, Storage=75.4%, Tasks=0
2026/04/10 12:39:52 Heartbeat sent: CPU=11.3%, Memory=61.1%, Storage=75.4%, Tasks=0
2026/04/10 12:39:57 Heartbeat sent: CPU=11.5%, Memory=60.7%, Storage=75.4%, Tasks=0
2026/04/10 12:40:02 Heartbeat sent: CPU=9.3%, Memory=59.6%, Storage=75.4%, Tasks=0
2026/04/10 12:40:07 Heartbeat sent: CPU=11.5%, Memory=60.9%, Storage=75.4%, Tasks=0
2026/04/10 12:40:12 Heartbeat sent: CPU=11.0%, Memory=61.3%, Storage=75.4%, Tasks=0
2026/04/10 12:40:17 Heartbeat sent: CPU=11.5%, Memory=61.2%, Storage=75.4%, Tasks=0
2026/04/10 12:40:22 Heartbeat sent: CPU=11.5%, Memory=61.2%, Storage=75.4%, Tasks=0
2026/04/10 12:40:27 Heartbeat sent: CPU=11.4%, Memory=62.1%, Storage=75.4%, Tasks=0
2026/04/10 12:40:32 Heartbeat sent: CPU=18.6%, Memory=61.3%, Storage=75.4%, Tasks=0
2026/04/10 12:40:37 Heartbeat sent: CPU=12.0%, Memory=61.2%, Storage=75.4%, Tasks=0
2026/04/10 12:40:42 Heartbeat sent: CPU=15.4%, Memory=63.2%, Storage=75.4%, Tasks=0
2026/04/10 12:40:47 Heartbeat sent: CPU=14.2%, Memory=61.1%, Storage=75.4%, Tasks=0
2026/04/10 12:40:52 Heartbeat sent: CPU=18.5%, Memory=60.6%, Storage=75.4%, Tasks=0
2026/04/10 12:40:57 Heartbeat sent: CPU=9.3%, Memory=60.6%, Storage=75.4%, Tasks=0
2026/04/10 12:41:02 Heartbeat sent: CPU=9.3%, Memory=60.6%, Storage=75.4%, Tasks=0
2026/04/10 12:41:07 Heartbeat sent: CPU=9.9%, Memory=60.6%, Storage=75.4%, Tasks=0
2026/04/10 12:41:12 Heartbeat sent: CPU=9.9%, Memory=60.6%, Storage=75.4%, Tasks=0
2026/04/10 12:41:17 Heartbeat sent: CPU=12.7%, Memory=60.6%, Storage=75.4%, Tasks=0
2026/04/10 12:41:22 Heartbeat sent: CPU=8.4%, Memory=60.7%, Storage=75.4%, Tasks=0
2026/04/10 12:41:27 Heartbeat sent: CPU=9.3%, Memory=60.7%, Storage=75.4%, Tasks=0
2026/04/10 12:41:32 Heartbeat sent: CPU=20.2%, Memory=64.3%, Storage=75.4%, Tasks=0
2026/04/10 12:41:37 Heartbeat sent: CPU=22.5%, Memory=63.8%, Storage=75.4%, Tasks=0
2026/04/10 12:41:42 Heartbeat sent: CPU=15.9%, Memory=61.6%, Storage=75.4%, Tasks=0
2026/04/10 12:41:47 Heartbeat sent: CPU=17.6%, Memory=61.2%, Storage=75.4%, Tasks=0
2026/04/10 12:41:52 Heartbeat sent: CPU=17.9%, Memory=60.9%, Storage=75.4%, Tasks=0
2026/04/10 12:41:57 Heartbeat sent: CPU=24.6%, Memory=63.8%, Storage=75.4%, Tasks=0
2026/04/10 12:42:02 Heartbeat sent: CPU=19.6%, Memory=62.7%, Storage=75.4%, Tasks=0
2026/04/10 12:42:07 Heartbeat sent: CPU=21.0%, Memory=63.5%, Storage=75.4%, Tasks=0
2026/04/10 12:42:12 Heartbeat sent: CPU=24.1%, Memory=58.6%, Storage=75.4%, Tasks=0
2026/04/10 12:42:17 Heartbeat sent: CPU=16.9%, Memory=59.3%, Storage=75.4%, Tasks=0
2026/04/10 12:42:22 Heartbeat sent: CPU=17.3%, Memory=61.2%, Storage=75.4%, Tasks=0
2026/04/10 12:42:27 Heartbeat sent: CPU=16.8%, Memory=60.3%, Storage=75.4%, Tasks=0
2026/04/10 12:42:32 Heartbeat sent: CPU=17.3%, Memory=59.3%, Storage=75.4%, Tasks=0
2026/04/10 12:42:37 Heartbeat sent: CPU=14.4%, Memory=58.5%, Storage=75.4%, Tasks=0
2026/04/10 12:42:42 Heartbeat sent: CPU=11.6%, Memory=58.3%, Storage=75.4%, Tasks=0
2026/04/10 12:42:47 Heartbeat sent: CPU=13.1%, Memory=58.3%, Storage=75.4%, Tasks=0
2026/04/10 12:42:52 Heartbeat sent: CPU=12.4%, Memory=58.2%, Storage=75.4%, Tasks=0
2026/04/10 12:42:57 Heartbeat sent: CPU=12.5%, Memory=56.9%, Storage=75.4%, Tasks=0
2026/04/10 12:43:02 Heartbeat sent: CPU=12.1%, Memory=57.3%, Storage=75.4%, Tasks=0
2026/04/10 12:43:07 Heartbeat sent: CPU=11.9%, Memory=57.4%, Storage=75.4%, Tasks=0
2026/04/10 12:43:12 Heartbeat sent: CPU=11.3%, Memory=57.4%, Storage=75.4%, Tasks=0
2026/04/10 12:43:17 Heartbeat sent: CPU=11.4%, Memory=57.4%, Storage=75.4%, Tasks=0
2026/04/10 12:43:22 Heartbeat sent: CPU=17.3%, Memory=57.4%, Storage=75.4%, Tasks=0
2026/04/10 12:43:27 Heartbeat sent: CPU=16.2%, Memory=57.7%, Storage=75.4%, Tasks=0
2026/04/10 12:43:32 Heartbeat sent: CPU=10.9%, Memory=57.6%, Storage=75.4%, Tasks=0
2026/04/10 12:43:37 Heartbeat sent: CPU=13.2%, Memory=57.5%, Storage=75.4%, Tasks=0
2026/04/10 12:43:42 Heartbeat sent: CPU=12.7%, Memory=57.2%, Storage=75.4%, Tasks=0
2026/04/10 12:43:47 Heartbeat sent: CPU=9.5%, Memory=56.3%, Storage=75.4%, Tasks=0
2026/04/10 12:43:52 Heartbeat sent: CPU=11.1%, Memory=57.2%, Storage=75.4%, Tasks=0
2026/04/10 12:43:57 Heartbeat sent: CPU=13.4%, Memory=57.5%, Storage=75.4%, Tasks=0
2026/04/10 12:44:02 Heartbeat sent: CPU=12.0%, Memory=57.7%, Storage=75.4%, Tasks=0
2026/04/10 12:44:07 Heartbeat sent: CPU=13.4%, Memory=57.4%, Storage=75.4%, Tasks=0
2026/04/10 12:44:12 Heartbeat sent: CPU=13.1%, Memory=57.5%, Storage=75.4%, Tasks=0
2026/04/10 12:44:17 Heartbeat sent: CPU=12.1%, Memory=57.5%, Storage=75.4%, Tasks=0
2026/04/10 12:44:22 Heartbeat sent: CPU=11.4%, Memory=57.5%, Storage=75.4%, Tasks=0
2026/04/10 12:44:27 Heartbeat sent: CPU=10.4%, Memory=57.3%, Storage=75.4%, Tasks=0
2026/04/10 12:44:32 Heartbeat sent: CPU=12.5%, Memory=56.4%, Storage=75.4%, Tasks=0
2026/04/10 12:44:37 Heartbeat sent: CPU=15.1%, Memory=55.8%, Storage=75.4%, Tasks=0
2026/04/10 12:44:42 Heartbeat sent: CPU=10.8%, Memory=57.1%, Storage=75.4%, Tasks=0
2026/04/10 12:44:47 Heartbeat sent: CPU=17.9%, Memory=58.4%, Storage=75.4%, Tasks=0
2026/04/10 12:44:52 Heartbeat sent: CPU=8.9%, Memory=57.2%, Storage=75.4%, Tasks=0
2026/04/10 12:44:57 Heartbeat sent: CPU=17.5%, Memory=55.6%, Storage=75.4%, Tasks=0
2026/04/10 12:45:02 Heartbeat sent: CPU=18.9%, Memory=55.5%, Storage=75.4%, Tasks=0
2026/04/10 12:45:07 Heartbeat sent: CPU=9.7%, Memory=55.9%, Storage=75.4%, Tasks=0
2026/04/10 12:45:12 Heartbeat sent: CPU=8.3%, Memory=55.4%, Storage=75.4%, Tasks=0
2026/04/10 12:45:17 Heartbeat sent: CPU=8.6%, Memory=55.2%, Storage=75.4%, Tasks=0
2026/04/10 12:45:22 Heartbeat sent: CPU=7.8%, Memory=55.4%, Storage=75.4%, Tasks=0
2026/04/10 12:45:27 Heartbeat sent: CPU=8.6%, Memory=55.3%, Storage=75.4%, Tasks=0
2026/04/10 12:45:32 Heartbeat sent: CPU=8.1%, Memory=55.2%, Storage=75.4%, Tasks=0
2026/04/10 12:45:37 Heartbeat sent: CPU=8.1%, Memory=55.1%, Storage=75.4%, Tasks=0
2026/04/10 12:45:42 Heartbeat sent: CPU=8.3%, Memory=55.1%, Storage=75.4%, Tasks=0
2026/04/10 12:45:47 Heartbeat sent: CPU=16.6%, Memory=55.2%, Storage=75.4%, Tasks=0
2026/04/10 12:45:52 Heartbeat sent: CPU=15.3%, Memory=55.2%, Storage=75.4%, Tasks=0
2026/04/10 12:45:57 Heartbeat sent: CPU=15.1%, Memory=55.8%, Storage=75.4%, Tasks=0
2026/04/10 12:46:02 Heartbeat sent: CPU=14.9%, Memory=55.9%, Storage=75.4%, Tasks=0
2026/04/10 12:46:07 Heartbeat sent: CPU=15.3%, Memory=55.5%, Storage=75.4%, Tasks=0
2026/04/10 12:46:12 Heartbeat sent: CPU=15.1%, Memory=55.2%, Storage=75.4%, Tasks=0
2026/04/10 12:46:17 Heartbeat sent: CPU=9.0%, Memory=56.5%, Storage=75.4%, Tasks=0
2026/04/10 12:46:22 Heartbeat sent: CPU=11.0%, Memory=57.3%, Storage=75.4%, Tasks=0
2026/04/10 12:46:27 Heartbeat sent: CPU=10.8%, Memory=57.4%, Storage=75.4%, Tasks=0
2026/04/10 12:46:32 Heartbeat sent: CPU=12.4%, Memory=57.1%, Storage=75.4%, Tasks=0
2026/04/10 12:46:37 Heartbeat sent: CPU=16.9%, Memory=57.0%, Storage=75.4%, Tasks=0
2026/04/10 12:46:42 Heartbeat sent: CPU=9.7%, Memory=57.0%, Storage=75.4%, Tasks=0
2026/04/10 12:46:47 Heartbeat sent: CPU=13.0%, Memory=56.9%, Storage=75.4%, Tasks=0
2026/04/10 12:46:52 Heartbeat sent: CPU=8.9%, Memory=57.1%, Storage=75.4%, Tasks=0
2026/04/10 12:46:57 Heartbeat sent: CPU=9.0%, Memory=57.1%, Storage=75.4%, Tasks=0
2026/04/10 12:47:02 Heartbeat sent: CPU=10.5%, Memory=57.1%, Storage=75.4%, Tasks=0
2026/04/10 12:47:07 Heartbeat sent: CPU=9.4%, Memory=57.1%, Storage=75.4%, Tasks=0
2026/04/10 12:47:12 Heartbeat sent: CPU=9.4%, Memory=57.1%, Storage=75.4%, Tasks=0
2026/04/10 12:47:17 Heartbeat sent: CPU=9.5%, Memory=57.0%, Storage=75.4%, Tasks=0
2026/04/10 12:47:22 Heartbeat sent: CPU=14.9%, Memory=59.1%, Storage=75.4%, Tasks=0
2026/04/10 12:47:27 Heartbeat sent: CPU=16.8%, Memory=57.8%, Storage=75.4%, Tasks=0
2026/04/10 12:47:32 Heartbeat sent: CPU=12.3%, Memory=57.8%, Storage=75.4%, Tasks=0
2026/04/10 12:47:37 Heartbeat sent: CPU=14.6%, Memory=58.0%, Storage=75.4%, Tasks=0
2026/04/10 12:47:42 Heartbeat sent: CPU=18.1%, Memory=58.7%, Storage=75.4%, Tasks=0
2026/04/10 12:47:47 Heartbeat sent: CPU=15.5%, Memory=58.5%, Storage=75.4%, Tasks=0
2026/04/10 12:47:52 Heartbeat sent: CPU=12.2%, Memory=58.1%, Storage=75.4%, Tasks=0
2026/04/10 12:47:57 Heartbeat sent: CPU=13.1%, Memory=58.3%, Storage=75.4%, Tasks=0
2026/04/10 12:48:02 Heartbeat sent: CPU=14.4%, Memory=58.5%, Storage=75.4%, Tasks=0
2026/04/10 12:48:07 Heartbeat sent: CPU=11.9%, Memory=58.2%, Storage=75.4%, Tasks=0
2026/04/10 12:48:12 Heartbeat sent: CPU=8.3%, Memory=58.0%, Storage=75.4%, Tasks=0
2026/04/10 12:48:17 Heartbeat sent: CPU=15.8%, Memory=58.0%, Storage=75.4%, Tasks=0
2026/04/10 12:48:22 Heartbeat sent: CPU=15.2%, Memory=57.9%, Storage=75.4%, Tasks=0
2026/04/10 12:48:27 Heartbeat sent: CPU=16.0%, Memory=57.9%, Storage=75.4%, Tasks=0
2026/04/10 12:48:32 Heartbeat sent: CPU=15.7%, Memory=57.9%, Storage=75.4%, Tasks=0
2026/04/10 12:48:37 Heartbeat sent: CPU=16.0%, Memory=57.9%, Storage=75.4%, Tasks=0
2026/04/10 12:48:42 Heartbeat sent: CPU=15.2%, Memory=57.9%, Storage=75.4%, Tasks=0
2026/04/10 12:48:47 Heartbeat sent: CPU=15.7%, Memory=57.9%, Storage=75.4%, Tasks=0
2026/04/10 12:48:52 Heartbeat sent: CPU=15.7%, Memory=57.9%, Storage=75.4%, Tasks=0
2026/04/10 12:48:57 Heartbeat sent: CPU=15.4%, Memory=57.9%, Storage=75.4%, Tasks=0
2026/04/10 12:49:02 Heartbeat sent: CPU=21.6%, Memory=58.0%, Storage=75.4%, Tasks=0
2026/04/10 12:49:07 Heartbeat sent: CPU=16.2%, Memory=57.8%, Storage=75.4%, Tasks=0
2026/04/10 12:49:12 Heartbeat sent: CPU=16.3%, Memory=57.7%, Storage=75.4%, Tasks=0
2026/04/10 12:49:17 Heartbeat sent: CPU=15.8%, Memory=57.8%, Storage=75.4%, Tasks=0
2026/04/10 12:49:22 Heartbeat sent: CPU=15.5%, Memory=57.8%, Storage=75.4%, Tasks=0
2026/04/10 12:49:27 Heartbeat sent: CPU=15.8%, Memory=57.7%, Storage=75.4%, Tasks=0
2026/04/10 12:49:32 Heartbeat sent: CPU=16.1%, Memory=57.7%, Storage=75.4%, Tasks=0
2026/04/10 12:49:37 Heartbeat sent: CPU=21.3%, Memory=57.7%, Storage=75.4%, Tasks=0
2026/04/10 12:49:42 Heartbeat sent: CPU=16.6%, Memory=57.8%, Storage=75.4%, Tasks=0
2026/04/10 12:49:47 Heartbeat sent: CPU=15.2%, Memory=57.7%, Storage=75.4%, Tasks=0
2026/04/10 12:49:52 Heartbeat sent: CPU=17.4%, Memory=57.7%, Storage=75.4%, Tasks=0
2026/04/10 12:49:57 Heartbeat sent: CPU=14.4%, Memory=57.7%, Storage=75.4%, Tasks=0
2026/04/10 12:50:02 Heartbeat sent: CPU=16.3%, Memory=57.7%, Storage=75.4%, Tasks=0
2026/04/10 12:50:07 Heartbeat sent: CPU=17.3%, Memory=57.7%, Storage=75.4%, Tasks=0
2026/04/10 12:50:12 Heartbeat sent: CPU=14.9%, Memory=59.8%, Storage=75.4%, Tasks=0
2026/04/10 12:50:17 Heartbeat sent: CPU=9.9%, Memory=58.2%, Storage=75.4%, Tasks=0
2026/04/10 12:50:22 Heartbeat sent: CPU=10.0%, Memory=57.9%, Storage=75.4%, Tasks=0
2026/04/10 12:50:27 Heartbeat sent: CPU=8.9%, Memory=57.7%, Storage=75.4%, Tasks=0
2026/04/10 12:50:32 Heartbeat sent: CPU=11.2%, Memory=57.7%, Storage=75.4%, Tasks=0
2026/04/10 12:50:37 Heartbeat sent: CPU=8.5%, Memory=57.7%, Storage=75.4%, Tasks=0
2026/04/10 12:50:42 Heartbeat sent: CPU=8.3%, Memory=57.8%, Storage=75.4%, Tasks=0
2026/04/10 12:50:47 Heartbeat sent: CPU=20.8%, Memory=60.9%, Storage=75.4%, Tasks=0
2026/04/10 12:50:52 Heartbeat sent: CPU=18.9%, Memory=58.0%, Storage=75.4%, Tasks=0
2026/04/10 12:50:57 Heartbeat sent: CPU=8.4%, Memory=56.6%, Storage=75.4%, Tasks=0
2026/04/10 12:51:02 Heartbeat sent: CPU=8.8%, Memory=56.3%, Storage=75.4%, Tasks=0
2026/04/10 12:51:07 Heartbeat sent: CPU=8.5%, Memory=55.9%, Storage=75.4%, Tasks=0
2026/04/10 12:51:12 Heartbeat sent: CPU=8.4%, Memory=55.7%, Storage=75.4%, Tasks=0
2026/04/10 12:51:17 Heartbeat sent: CPU=17.8%, Memory=57.8%, Storage=75.4%, Tasks=0
2026/04/10 12:51:22 Heartbeat sent: CPU=11.3%, Memory=57.7%, Storage=75.4%, Tasks=0
2026/04/10 12:51:27 Heartbeat sent: CPU=14.7%, Memory=59.7%, Storage=75.4%, Tasks=0
2026/04/10 12:51:32 Heartbeat sent: CPU=9.4%, Memory=57.6%, Storage=75.4%, Tasks=0
2026/04/10 12:51:37 Heartbeat sent: CPU=9.3%, Memory=57.1%, Storage=75.4%, Tasks=0
2026/04/10 12:51:42 Heartbeat sent: CPU=9.9%, Memory=57.5%, Storage=75.4%, Tasks=0
2026/04/10 12:51:47 Heartbeat sent: CPU=15.5%, Memory=58.0%, Storage=75.4%, Tasks=0
2026/04/10 12:51:52 Heartbeat sent: CPU=12.0%, Memory=57.4%, Storage=75.4%, Tasks=0
2026/04/10 12:51:57 Heartbeat sent: CPU=9.9%, Memory=57.3%, Storage=75.4%, Tasks=0
2026/04/10 12:52:02 Heartbeat sent: CPU=9.9%, Memory=57.0%, Storage=75.4%, Tasks=0
2026/04/10 12:52:07 Heartbeat sent: CPU=8.7%, Memory=57.4%, Storage=75.4%, Tasks=0
2026/04/10 12:52:12 Heartbeat sent: CPU=8.8%, Memory=57.1%, Storage=75.4%, Tasks=0
2026/04/10 12:52:17 Heartbeat sent: CPU=8.4%, Memory=56.8%, Storage=75.4%, Tasks=0
2026/04/10 12:52:22 Heartbeat sent: CPU=18.3%, Memory=57.1%, Storage=75.4%, Tasks=0
2026/04/10 12:52:27 Heartbeat sent: CPU=11.0%, Memory=57.0%, Storage=75.4%, Tasks=0
2026/04/10 12:52:32 Heartbeat sent: CPU=10.1%, Memory=57.0%, Storage=75.4%, Tasks=0
2026/04/10 12:52:37 Heartbeat sent: CPU=11.5%, Memory=56.9%, Storage=75.4%, Tasks=0
2026/04/10 12:52:42 Heartbeat sent: CPU=11.2%, Memory=57.4%, Storage=75.4%, Tasks=0
2026/04/10 12:52:47 Heartbeat sent: CPU=12.6%, Memory=57.4%, Storage=75.4%, Tasks=0
2026/04/10 12:52:52 Heartbeat sent: CPU=11.4%, Memory=57.6%, Storage=75.4%, Tasks=0
2026/04/10 12:52:57 Heartbeat sent: CPU=10.4%, Memory=57.5%, Storage=75.4%, Tasks=0
2026/04/10 12:53:02 Heartbeat sent: CPU=10.3%, Memory=57.5%, Storage=75.4%, Tasks=0
2026/04/10 12:53:07 Heartbeat sent: CPU=10.5%, Memory=57.4%, Storage=75.4%, Tasks=0
2026/04/10 12:53:12 Heartbeat sent: CPU=10.0%, Memory=57.5%, Storage=75.4%, Tasks=0
2026/04/10 12:53:17 Heartbeat sent: CPU=10.7%, Memory=57.9%, Storage=75.4%, Tasks=0
2026/04/10 12:53:22 Heartbeat sent: CPU=15.1%, Memory=57.7%, Storage=75.4%, Tasks=0
2026/04/10 12:53:27 Heartbeat sent: CPU=9.1%, Memory=57.7%, Storage=75.4%, Tasks=0
2026/04/10 12:53:32 Heartbeat sent: CPU=13.1%, Memory=57.9%, Storage=75.4%, Tasks=0
2026/04/10 12:53:37 Heartbeat sent: CPU=10.5%, Memory=57.7%, Storage=75.4%, Tasks=0
2026/04/10 12:53:42 Heartbeat sent: CPU=10.1%, Memory=57.6%, Storage=75.4%, Tasks=0
2026/04/10 12:53:47 Heartbeat sent: CPU=13.5%, Memory=57.7%, Storage=75.4%, Tasks=0
2026/04/10 12:53:52 Heartbeat sent: CPU=9.4%, Memory=57.7%, Storage=75.4%, Tasks=0
2026/04/10 12:53:57 Heartbeat sent: CPU=8.3%, Memory=57.7%, Storage=75.4%, Tasks=0
2026/04/10 12:54:02 Heartbeat sent: CPU=10.2%, Memory=58.2%, Storage=75.4%, Tasks=0
2026/04/10 12:54:07 Heartbeat sent: CPU=19.0%, Memory=60.4%, Storage=75.4%, Tasks=0
2026/04/10 12:54:12 Heartbeat sent: CPU=10.2%, Memory=58.0%, Storage=75.4%, Tasks=0
2026/04/10 12:54:17 Heartbeat sent: CPU=9.9%, Memory=57.7%, Storage=75.4%, Tasks=0
2026/04/10 12:54:22 Heartbeat sent: CPU=20.4%, Memory=57.3%, Storage=75.4%, Tasks=0
2026/04/10 12:54:27 Heartbeat sent: CPU=11.0%, Memory=57.2%, Storage=75.4%, Tasks=0
2026/04/10 12:54:32 Heartbeat sent: CPU=10.9%, Memory=57.2%, Storage=75.4%, Tasks=0
2026/04/10 12:54:37 Heartbeat sent: CPU=10.4%, Memory=57.3%, Storage=75.4%, Tasks=0
2026/04/10 12:54:42 Heartbeat sent: CPU=15.0%, Memory=57.5%, Storage=75.4%, Tasks=0
2026/04/10 12:54:47 Heartbeat sent: CPU=14.7%, Memory=57.5%, Storage=75.4%, Tasks=0
2026/04/10 12:54:52 Heartbeat sent: CPU=10.8%, Memory=57.5%, Storage=75.4%, Tasks=0
2026/04/10 12:54:57 Heartbeat sent: CPU=9.4%, Memory=57.5%, Storage=75.4%, Tasks=0
2026/04/10 12:55:02 Heartbeat sent: CPU=10.7%, Memory=57.7%, Storage=75.4%, Tasks=0
2026/04/10 12:55:07 Heartbeat sent: CPU=11.7%, Memory=57.8%, Storage=75.4%, Tasks=0
2026/04/10 12:55:12 Heartbeat sent: CPU=9.0%, Memory=57.5%, Storage=75.4%, Tasks=0
2026/04/10 12:55:17 Heartbeat sent: CPU=11.9%, Memory=58.0%, Storage=75.4%, Tasks=0
2026/04/10 12:55:22 Heartbeat sent: CPU=9.5%, Memory=57.7%, Storage=75.4%, Tasks=0
2026/04/10 12:55:27 Heartbeat sent: CPU=11.4%, Memory=57.7%, Storage=75.4%, Tasks=0
2026/04/10 12:55:32 Heartbeat sent: CPU=11.2%, Memory=57.6%, Storage=75.4%, Tasks=0
2026/04/10 12:55:37 Heartbeat sent: CPU=15.1%, Memory=59.0%, Storage=75.4%, Tasks=0
2026/04/10 12:55:42 Heartbeat sent: CPU=17.5%, Memory=58.9%, Storage=75.4%, Tasks=0
2026/04/10 12:55:47 Heartbeat sent: CPU=18.6%, Memory=59.0%, Storage=75.4%, Tasks=0
2026/04/10 12:55:52 Heartbeat sent: CPU=15.4%, Memory=58.8%, Storage=75.4%, Tasks=0
2026/04/10 12:55:57 Heartbeat sent: CPU=16.8%, Memory=58.9%, Storage=75.4%, Tasks=0
2026/04/10 12:56:02 Heartbeat sent: CPU=12.2%, Memory=58.9%, Storage=75.4%, Tasks=0
2026/04/10 12:56:07 Heartbeat sent: CPU=14.6%, Memory=59.3%, Storage=75.4%, Tasks=0
2026/04/10 12:56:12 Heartbeat sent: CPU=10.4%, Memory=58.9%, Storage=75.4%, Tasks=0
2026/04/10 12:56:17 Heartbeat sent: CPU=22.6%, Memory=59.2%, Storage=75.4%, Tasks=0
2026/04/10 12:56:22 Heartbeat sent: CPU=16.6%, Memory=59.5%, Storage=75.4%, Tasks=0
2026/04/10 12:56:27 Heartbeat sent: CPU=10.0%, Memory=58.2%, Storage=75.4%, Tasks=0
2026/04/10 12:56:32 Heartbeat sent: CPU=15.5%, Memory=58.8%, Storage=75.4%, Tasks=0
2026/04/10 12:56:37 Heartbeat sent: CPU=16.5%, Memory=58.9%, Storage=75.4%, Tasks=0
2026/04/10 12:56:42 Heartbeat sent: CPU=14.3%, Memory=58.9%, Storage=75.4%, Tasks=0
2026/04/10 12:56:47 Heartbeat sent: CPU=11.8%, Memory=58.9%, Storage=75.4%, Tasks=0
2026/04/10 12:56:52 Heartbeat sent: CPU=12.8%, Memory=58.9%, Storage=75.4%, Tasks=0
2026/04/10 12:56:57 Heartbeat sent: CPU=12.4%, Memory=58.1%, Storage=75.4%, Tasks=0
2026/04/10 12:57:02 Heartbeat sent: CPU=15.5%, Memory=57.7%, Storage=75.4%, Tasks=0
2026/04/10 12:57:07 Heartbeat sent: CPU=18.4%, Memory=60.9%, Storage=75.4%, Tasks=0
2026/04/10 12:57:12 Heartbeat sent: CPU=11.0%, Memory=58.3%, Storage=75.4%, Tasks=0
2026/04/10 12:57:17 Heartbeat sent: CPU=13.0%, Memory=57.5%, Storage=75.4%, Tasks=0
2026/04/10 12:57:22 Heartbeat sent: CPU=9.1%, Memory=57.3%, Storage=75.4%, Tasks=0
2026/04/10 12:57:27 Heartbeat sent: CPU=12.4%, Memory=57.4%, Storage=75.4%, Tasks=0
2026/04/10 12:57:32 Heartbeat sent: CPU=19.4%, Memory=60.3%, Storage=75.4%, Tasks=0
2026/04/10 12:57:37 Heartbeat sent: CPU=13.3%, Memory=59.2%, Storage=75.4%, Tasks=0
2026/04/10 12:57:42 Heartbeat sent: CPU=12.7%, Memory=58.8%, Storage=75.4%, Tasks=0
2026/04/10 12:57:47 Heartbeat sent: CPU=13.0%, Memory=58.7%, Storage=75.4%, Tasks=0
2026/04/10 12:57:52 Heartbeat sent: CPU=9.8%, Memory=57.8%, Storage=75.4%, Tasks=0
2026/04/10 12:57:57 Heartbeat sent: CPU=10.9%, Memory=57.5%, Storage=75.4%, Tasks=0
2026/04/10 12:58:02 Heartbeat sent: CPU=12.6%, Memory=57.5%, Storage=75.4%, Tasks=0
2026/04/10 12:58:07 Heartbeat sent: CPU=9.3%, Memory=57.5%, Storage=75.4%, Tasks=0
2026/04/10 12:58:12 Heartbeat sent: CPU=9.9%, Memory=57.5%, Storage=75.4%, Tasks=0
2026/04/10 12:58:17 Heartbeat sent: CPU=10.4%, Memory=57.5%, Storage=75.4%, Tasks=0
2026/04/10 12:58:22 Heartbeat sent: CPU=10.7%, Memory=57.5%, Storage=75.4%, Tasks=0
2026/04/10 12:58:27 Heartbeat sent: CPU=11.3%, Memory=57.9%, Storage=75.4%, Tasks=0
2026/04/10 12:58:32 Heartbeat sent: CPU=11.0%, Memory=57.9%, Storage=75.4%, Tasks=0
2026/04/10 12:58:37 Heartbeat sent: CPU=11.2%, Memory=57.6%, Storage=75.4%, Tasks=0
2026/04/10 12:58:42 Heartbeat sent: CPU=10.5%, Memory=57.5%, Storage=75.4%, Tasks=0
2026/04/10 12:58:47 Heartbeat sent: CPU=13.0%, Memory=57.5%, Storage=75.4%, Tasks=0
2026/04/10 12:58:52 Heartbeat sent: CPU=10.4%, Memory=57.5%, Storage=75.4%, Tasks=0
2026/04/10 12:58:57 Heartbeat sent: CPU=14.4%, Memory=57.8%, Storage=75.4%, Tasks=0
2026/04/10 12:59:02 Heartbeat sent: CPU=11.6%, Memory=57.6%, Storage=75.4%, Tasks=0
2026/04/10 12:59:07 Heartbeat sent: CPU=9.9%, Memory=57.5%, Storage=75.4%, Tasks=0
2026/04/10 12:59:12 Heartbeat sent: CPU=10.4%, Memory=57.5%, Storage=75.4%, Tasks=0
2026/04/10 12:59:17 Heartbeat sent: CPU=9.6%, Memory=57.8%, Storage=75.4%, Tasks=0
2026/04/10 12:59:22 Heartbeat sent: CPU=12.9%, Memory=57.6%, Storage=75.4%, Tasks=0
2026/04/10 12:59:27 Heartbeat sent: CPU=16.8%, Memory=60.6%, Storage=75.4%, Tasks=0
2026/04/10 12:59:32 Heartbeat sent: CPU=16.6%, Memory=59.7%, Storage=75.4%, Tasks=0
2026/04/10 12:59:37 Heartbeat sent: CPU=10.9%, Memory=59.1%, Storage=75.4%, Tasks=0
2026/04/10 12:59:42 Heartbeat sent: CPU=13.6%, Memory=58.7%, Storage=75.4%, Tasks=0
2026/04/10 12:59:47 Heartbeat sent: CPU=13.2%, Memory=58.5%, Storage=75.4%, Tasks=0
2026/04/10 12:59:52 Heartbeat sent: CPU=15.9%, Memory=58.6%, Storage=75.4%, Tasks=0
2026/04/10 12:59:57 Heartbeat sent: CPU=13.8%, Memory=58.6%, Storage=75.4%, Tasks=0
2026/04/10 13:00:02 Heartbeat sent: CPU=18.1%, Memory=61.3%, Storage=75.4%, Tasks=0
2026/04/10 13:00:07 Heartbeat sent: CPU=13.3%, Memory=59.5%, Storage=75.4%, Tasks=0
2026/04/10 13:00:12 Heartbeat sent: CPU=10.0%, Memory=58.9%, Storage=75.4%, Tasks=0
2026/04/10 13:00:17 Heartbeat sent: CPU=10.1%, Memory=58.6%, Storage=75.4%, Tasks=0
2026/04/10 13:00:22 Heartbeat sent: CPU=11.9%, Memory=58.6%, Storage=75.4%, Tasks=0
2026/04/10 13:00:27 Heartbeat sent: CPU=12.1%, Memory=59.0%, Storage=75.4%, Tasks=0
2026/04/10 13:00:32 Heartbeat sent: CPU=15.6%, Memory=58.9%, Storage=75.4%, Tasks=0
2026/04/10 13:00:37 Heartbeat sent: CPU=13.3%, Memory=58.9%, Storage=75.4%, Tasks=0
2026/04/10 13:00:42 Heartbeat sent: CPU=19.7%, Memory=59.0%, Storage=75.4%, Tasks=0
2026/04/10 13:00:47 Heartbeat sent: CPU=16.2%, Memory=60.7%, Storage=75.4%, Tasks=0
2026/04/10 13:00:52 Heartbeat sent: CPU=13.8%, Memory=60.1%, Storage=75.4%, Tasks=0
2026/04/10 13:00:57 Heartbeat sent: CPU=17.6%, Memory=60.5%, Storage=75.4%, Tasks=0
2026/04/10 13:01:02 Heartbeat sent: CPU=18.1%, Memory=60.1%, Storage=75.4%, Tasks=0
2026/04/10 13:01:07 Heartbeat sent: CPU=21.8%, Memory=60.8%, Storage=75.4%, Tasks=0
2026/04/10 13:01:12 Heartbeat sent: CPU=18.0%, Memory=60.4%, Storage=75.4%, Tasks=0
2026/04/10 13:01:17 Heartbeat sent: CPU=17.4%, Memory=60.3%, Storage=75.4%, Tasks=0
2026/04/10 13:01:22 Heartbeat sent: CPU=16.3%, Memory=60.1%, Storage=75.4%, Tasks=0
2026/04/10 13:01:27 Heartbeat sent: CPU=17.6%, Memory=60.1%, Storage=75.4%, Tasks=0
2026/04/10 13:01:32 Heartbeat sent: CPU=15.8%, Memory=59.4%, Storage=75.4%, Tasks=0
2026/04/10 13:01:37 Heartbeat sent: CPU=11.9%, Memory=59.7%, Storage=75.4%, Tasks=0
2026/04/10 13:01:42 Heartbeat sent: CPU=16.4%, Memory=59.9%, Storage=75.4%, Tasks=0
2026/04/10 13:01:47 Heartbeat sent: CPU=12.2%, Memory=60.2%, Storage=75.4%, Tasks=0
2026/04/10 13:01:52 Heartbeat sent: CPU=15.5%, Memory=60.0%, Storage=75.4%, Tasks=0
2026/04/10 13:01:57 Heartbeat sent: CPU=15.7%, Memory=58.6%, Storage=75.4%, Tasks=0
2026/04/10 13:02:02 Heartbeat sent: CPU=15.9%, Memory=58.2%, Storage=75.4%, Tasks=0
2026/04/10 13:02:07 Heartbeat sent: CPU=15.5%, Memory=58.0%, Storage=75.4%, Tasks=0
2026/04/10 13:02:12 Heartbeat sent: CPU=15.2%, Memory=58.2%, Storage=75.4%, Tasks=0
2026/04/10 13:02:17 Heartbeat sent: CPU=15.2%, Memory=57.8%, Storage=75.4%, Tasks=0
2026/04/10 13:02:22 Heartbeat sent: CPU=16.9%, Memory=57.6%, Storage=75.4%, Tasks=0
2026/04/10 13:02:27 Heartbeat sent: CPU=15.2%, Memory=57.6%, Storage=75.4%, Tasks=0
2026/04/10 13:02:32 Heartbeat sent: CPU=15.9%, Memory=57.6%, Storage=75.4%, Tasks=0
2026/04/10 13:02:37 Heartbeat sent: CPU=14.4%, Memory=60.6%, Storage=75.4%, Tasks=0
2026/04/10 13:02:42 Heartbeat sent: CPU=30.4%, Memory=61.4%, Storage=75.4%, Tasks=0
2026/04/10 13:02:47 Heartbeat sent: CPU=21.8%, Memory=61.4%, Storage=75.4%, Tasks=0
2026/04/10 13:02:52 Heartbeat sent: CPU=55.1%, Memory=63.1%, Storage=75.4%, Tasks=0
2026/04/10 13:02:57 Heartbeat sent: CPU=31.3%, Memory=62.6%, Storage=75.4%, Tasks=0
2026/04/10 13:03:02 Heartbeat sent: CPU=16.3%, Memory=62.1%, Storage=75.4%, Tasks=0
2026/04/10 13:03:07 Heartbeat sent: CPU=22.0%, Memory=62.1%, Storage=75.4%, Tasks=0
2026/04/10 13:03:12 Heartbeat sent: CPU=24.2%, Memory=62.4%, Storage=75.4%, Tasks=0
2026/04/10 13:03:17 Heartbeat sent: CPU=20.6%, Memory=62.1%, Storage=75.4%, Tasks=0
2026/04/10 13:03:22 Heartbeat sent: CPU=17.3%, Memory=61.8%, Storage=75.4%, Tasks=0
2026/04/10 13:03:27 Heartbeat sent: CPU=17.7%, Memory=62.5%, Storage=75.4%, Tasks=0
2026/04/10 13:03:32 Heartbeat sent: CPU=17.2%, Memory=61.9%, Storage=75.4%, Tasks=0
2026/04/10 13:03:37 Heartbeat sent: CPU=15.9%, Memory=61.4%, Storage=75.4%, Tasks=0
2026/04/10 13:03:42 Heartbeat sent: CPU=13.8%, Memory=62.9%, Storage=75.4%, Tasks=0
2026/04/10 13:03:47 Heartbeat sent: CPU=25.2%, Memory=63.5%, Storage=75.4%, Tasks=0
2026/04/10 13:03:52 Heartbeat sent: CPU=10.4%, Memory=61.7%, Storage=75.4%, Tasks=0
2026/04/10 13:03:57 Heartbeat sent: CPU=10.2%, Memory=60.8%, Storage=75.4%, Tasks=0
2026/04/10 13:04:02 Heartbeat sent: CPU=10.4%, Memory=61.4%, Storage=75.4%, Tasks=0
2026/04/10 13:04:07 Heartbeat sent: CPU=25.9%, Memory=64.2%, Storage=75.4%, Tasks=0
2026/04/10 13:04:12 Heartbeat sent: CPU=17.3%, Memory=62.6%, Storage=75.4%, Tasks=0
2026/04/10 13:04:17 Heartbeat sent: CPU=18.2%, Memory=62.2%, Storage=75.4%, Tasks=0
2026/04/10 13:04:22 Heartbeat sent: CPU=17.5%, Memory=62.4%, Storage=75.4%, Tasks=0
2026/04/10 13:04:27 Heartbeat sent: CPU=10.7%, Memory=61.3%, Storage=75.4%, Tasks=0
2026/04/10 13:04:32 Heartbeat sent: CPU=19.0%, Memory=62.4%, Storage=75.4%, Tasks=0
2026/04/10 13:04:37 Heartbeat sent: CPU=7.8%, Memory=60.4%, Storage=75.4%, Tasks=0
2026/04/10 13:04:42 Heartbeat sent: CPU=9.8%, Memory=59.8%, Storage=75.4%, Tasks=0
2026/04/10 13:04:47 Heartbeat sent: CPU=16.8%, Memory=60.2%, Storage=75.4%, Tasks=0
2026/04/10 13:04:52 Heartbeat sent: CPU=10.1%, Memory=60.6%, Storage=75.4%, Tasks=0
2026/04/10 13:04:57 Heartbeat sent: CPU=9.7%, Memory=60.3%, Storage=75.4%, Tasks=0
2026/04/10 13:05:02 Heartbeat sent: CPU=10.0%, Memory=62.1%, Storage=75.4%, Tasks=0
2026/04/10 13:05:07 Heartbeat sent: CPU=9.0%, Memory=60.9%, Storage=75.4%, Tasks=0
2026/04/10 13:05:12 Heartbeat sent: CPU=8.3%, Memory=60.0%, Storage=75.4%, Tasks=0
2026/04/10 13:05:17 Heartbeat sent: CPU=14.4%, Memory=59.7%, Storage=75.4%, Tasks=0
2026/04/10 13:05:22 Heartbeat sent: CPU=16.1%, Memory=61.8%, Storage=75.4%, Tasks=0
2026/04/10 13:05:27 Heartbeat sent: CPU=17.4%, Memory=64.1%, Storage=75.4%, Tasks=0
2026/04/10 13:05:32 Heartbeat sent: CPU=10.0%, Memory=60.9%, Storage=75.4%, Tasks=0
2026/04/10 13:05:37 Heartbeat sent: CPU=9.2%, Memory=59.6%, Storage=75.4%, Tasks=0
2026/04/10 13:05:42 Heartbeat sent: CPU=8.5%, Memory=59.1%, Storage=75.4%, Tasks=0
2026/04/10 13:05:47 Heartbeat sent: CPU=17.6%, Memory=62.2%, Storage=75.4%, Tasks=0
2026/04/10 13:05:52 Heartbeat sent: CPU=18.3%, Memory=63.1%, Storage=75.4%, Tasks=0
2026/04/10 13:05:57 Heartbeat sent: CPU=19.9%, Memory=63.8%, Storage=75.4%, Tasks=0
2026/04/10 13:06:02 Heartbeat sent: CPU=18.4%, Memory=62.6%, Storage=75.4%, Tasks=0
2026/04/10 13:06:07 Heartbeat sent: CPU=16.3%, Memory=61.8%, Storage=75.4%, Tasks=0
2026/04/10 13:06:12 Heartbeat sent: CPU=9.8%, Memory=61.9%, Storage=75.4%, Tasks=0
2026/04/10 13:06:17 Heartbeat sent: CPU=9.7%, Memory=60.7%, Storage=75.4%, Tasks=0
2026/04/10 13:06:22 Heartbeat sent: CPU=9.1%, Memory=60.1%, Storage=75.4%, Tasks=0
2026/04/10 13:06:27 Heartbeat sent: CPU=8.9%, Memory=59.9%, Storage=75.4%, Tasks=0
2026/04/10 13:06:32 Heartbeat sent: CPU=13.9%, Memory=61.7%, Storage=75.4%, Tasks=0
2026/04/10 13:06:37 Heartbeat sent: CPU=15.2%, Memory=61.7%, Storage=75.4%, Tasks=0
2026/04/10 13:06:42 Heartbeat sent: CPU=9.6%, Memory=60.8%, Storage=75.4%, Tasks=0
2026/04/10 13:06:47 Heartbeat sent: CPU=33.3%, Memory=62.5%, Storage=75.4%, Tasks=0
2026/04/10 13:06:52 Heartbeat sent: CPU=20.3%, Memory=62.7%, Storage=75.4%, Tasks=0
2026/04/10 13:06:57 Heartbeat sent: CPU=18.7%, Memory=62.5%, Storage=75.4%, Tasks=0
2026/04/10 13:07:02 Heartbeat sent: CPU=26.0%, Memory=62.4%, Storage=75.4%, Tasks=0
2026/04/10 13:07:07 Heartbeat sent: CPU=28.8%, Memory=65.5%, Storage=75.4%, Tasks=0
2026/04/10 13:07:12 Heartbeat sent: CPU=25.1%, Memory=63.8%, Storage=75.4%, Tasks=0
2026/04/10 13:07:17 Heartbeat sent: CPU=10.6%, Memory=61.3%, Storage=75.4%, Tasks=0
2026/04/10 13:07:22 Heartbeat sent: CPU=11.4%, Memory=61.3%, Storage=75.4%, Tasks=0
2026/04/10 13:07:27 Heartbeat sent: CPU=9.3%, Memory=60.9%, Storage=75.4%, Tasks=0
2026/04/10 13:07:32 Heartbeat sent: CPU=17.3%, Memory=60.9%, Storage=75.4%, Tasks=0
2026/04/10 13:07:37 Heartbeat sent: CPU=10.3%, Memory=61.3%, Storage=75.4%, Tasks=0
2026/04/10 13:07:42 Heartbeat sent: CPU=9.5%, Memory=61.1%, Storage=75.4%, Tasks=0
2026/04/10 13:07:47 Heartbeat sent: CPU=17.4%, Memory=61.0%, Storage=75.4%, Tasks=0
2026/04/10 13:07:52 Heartbeat sent: CPU=17.2%, Memory=61.3%, Storage=75.4%, Tasks=0
2026/04/10 13:07:57 Heartbeat sent: CPU=16.1%, Memory=61.2%, Storage=75.4%, Tasks=0
2026/04/10 13:08:02 Heartbeat sent: CPU=16.3%, Memory=61.2%, Storage=75.4%, Tasks=0
2026/04/10 13:08:07 Heartbeat sent: CPU=17.5%, Memory=61.2%, Storage=75.4%, Tasks=0
2026/04/10 13:08:12 Heartbeat sent: CPU=16.3%, Memory=61.1%, Storage=75.4%, Tasks=0
2026/04/10 13:08:17 Heartbeat sent: CPU=15.5%, Memory=61.3%, Storage=75.4%, Tasks=0
2026/04/10 13:08:22 Heartbeat sent: CPU=15.9%, Memory=61.0%, Storage=75.4%, Tasks=0
2026/04/10 13:08:27 Heartbeat sent: CPU=16.0%, Memory=60.9%, Storage=75.4%, Tasks=0
2026/04/10 13:08:32 Heartbeat sent: CPU=16.5%, Memory=60.9%, Storage=75.4%, Tasks=0
2026/04/10 13:08:37 Heartbeat sent: CPU=16.0%, Memory=60.8%, Storage=75.4%, Tasks=0
2026/04/10 13:08:42 Heartbeat sent: CPU=15.8%, Memory=60.9%, Storage=75.4%, Tasks=0
2026/04/10 13:08:47 Heartbeat sent: CPU=15.6%, Memory=60.9%, Storage=75.4%, Tasks=0
2026/04/10 13:08:52 Heartbeat sent: CPU=15.9%, Memory=60.9%, Storage=75.4%, Tasks=0
2026/04/10 13:08:57 Heartbeat sent: CPU=16.9%, Memory=60.8%, Storage=75.4%, Tasks=0
2026/04/10 13:09:02 Heartbeat sent: CPU=18.1%, Memory=61.1%, Storage=75.4%, Tasks=0
2026/04/10 13:09:07 Heartbeat sent: CPU=16.8%, Memory=61.1%, Storage=75.4%, Tasks=0
2026/04/10 13:09:12 Heartbeat sent: CPU=15.4%, Memory=61.1%, Storage=75.4%, Tasks=0
2026/04/10 13:09:17 Heartbeat sent: CPU=16.4%, Memory=61.1%, Storage=75.4%, Tasks=0
2026/04/10 13:09:22 Heartbeat sent: CPU=16.3%, Memory=61.1%, Storage=75.4%, Tasks=0
2026/04/10 13:09:27 Heartbeat sent: CPU=16.4%, Memory=61.9%, Storage=75.4%, Tasks=0
2026/04/10 13:09:32 Heartbeat sent: CPU=16.0%, Memory=61.2%, Storage=75.4%, Tasks=0
2026/04/10 13:09:37 Heartbeat sent: CPU=16.0%, Memory=60.8%, Storage=75.4%, Tasks=0
2026/04/10 13:09:42 Heartbeat sent: CPU=17.9%, Memory=61.1%, Storage=75.4%, Tasks=0
2026/04/10 13:09:47 Heartbeat sent: CPU=16.3%, Memory=61.0%, Storage=75.4%, Tasks=0
2026/04/10 13:09:52 Heartbeat sent: CPU=12.4%, Memory=61.8%, Storage=75.4%, Tasks=0
2026/04/10 13:09:57 Heartbeat sent: CPU=16.9%, Memory=62.2%, Storage=75.4%, Tasks=0
2026/04/10 13:10:02 Heartbeat sent: CPU=19.1%, Memory=62.1%, Storage=75.4%, Tasks=0
2026/04/10 13:10:07 Heartbeat sent: CPU=24.6%, Memory=63.6%, Storage=75.4%, Tasks=0
2026/04/10 13:10:12 Heartbeat sent: CPU=27.5%, Memory=64.3%, Storage=75.4%, Tasks=0
2026/04/10 13:10:17 Heartbeat sent: CPU=23.9%, Memory=63.0%, Storage=75.4%, Tasks=0
2026/04/10 13:10:22 Heartbeat sent: CPU=28.7%, Memory=62.1%, Storage=75.4%, Tasks=0
2026/04/10 13:10:27 Heartbeat sent: CPU=22.4%, Memory=61.9%, Storage=75.4%, Tasks=0
2026/04/10 13:10:32 Heartbeat sent: CPU=25.5%, Memory=61.9%, Storage=75.4%, Tasks=0
2026/04/10 13:10:37 Heartbeat sent: CPU=23.1%, Memory=64.1%, Storage=75.4%, Tasks=0
2026/04/10 13:10:42 Heartbeat sent: CPU=21.6%, Memory=61.4%, Storage=75.4%, Tasks=0
2026/04/10 13:10:47 Heartbeat sent: CPU=32.5%, Memory=61.2%, Storage=75.4%, Tasks=0
2026/04/10 13:10:52 Heartbeat sent: CPU=14.9%, Memory=61.7%, Storage=75.4%, Tasks=0
2026/04/10 13:10:57 Heartbeat sent: CPU=15.3%, Memory=61.0%, Storage=75.4%, Tasks=0
2026/04/10 13:11:02 Heartbeat sent: CPU=18.5%, Memory=61.6%, Storage=75.4%, Tasks=0
2026/04/10 13:11:07 Heartbeat sent: CPU=27.0%, Memory=61.1%, Storage=75.4%, Tasks=0
2026/04/10 13:11:12 Heartbeat sent: CPU=14.9%, Memory=60.7%, Storage=75.4%, Tasks=0
2026/04/10 13:11:17 Heartbeat sent: CPU=14.2%, Memory=60.7%, Storage=75.4%, Tasks=0
2026/04/10 13:11:22 Heartbeat sent: CPU=16.0%, Memory=60.9%, Storage=75.4%, Tasks=0
2026/04/10 13:11:27 Heartbeat sent: CPU=14.9%, Memory=60.9%, Storage=75.4%, Tasks=0
2026/04/10 13:11:32 Heartbeat sent: CPU=16.1%, Memory=60.9%, Storage=75.4%, Tasks=0
2026/04/10 13:11:37 Heartbeat sent: CPU=22.6%, Memory=61.2%, Storage=75.4%, Tasks=0
2026/04/10 13:11:42 Heartbeat sent: CPU=23.4%, Memory=61.2%, Storage=75.4%, Tasks=0
2026/04/10 13:11:47 Heartbeat sent: CPU=14.8%, Memory=60.8%, Storage=75.4%, Tasks=0
2026/04/10 13:11:52 Heartbeat sent: CPU=24.9%, Memory=60.9%, Storage=75.4%, Tasks=0
2026/04/10 13:11:57 Heartbeat sent: CPU=33.8%, Memory=61.3%, Storage=75.4%, Tasks=0
2026/04/10 13:12:02 Heartbeat sent: CPU=15.2%, Memory=61.9%, Storage=75.4%, Tasks=0
2026/04/10 13:12:07 Heartbeat sent: CPU=15.4%, Memory=61.3%, Storage=75.4%, Tasks=0
2026/04/10 13:12:12 Heartbeat sent: CPU=17.6%, Memory=61.3%, Storage=75.4%, Tasks=0
2026/04/10 13:12:17 Heartbeat sent: CPU=17.8%, Memory=61.2%, Storage=75.4%, Tasks=0
2026/04/10 13:12:22 Heartbeat sent: CPU=18.3%, Memory=61.4%, Storage=75.4%, Tasks=0
2026/04/10 13:27:25 Heartbeat sent: CPU=14.4%, Memory=61.7%, Storage=75.4%, Tasks=0
2026/04/10 13:27:29 Heartbeat sent: CPU=30.9%, Memory=62.6%, Storage=75.4%, Tasks=0
2026/04/10 13:27:34 Heartbeat sent: CPU=18.6%, Memory=62.2%, Storage=75.4%, Tasks=0
2026/04/10 13:27:39 Heartbeat sent: CPU=23.8%, Memory=61.5%, Storage=75.4%, Tasks=0
2026/04/10 13:27:44 Heartbeat sent: CPU=20.3%, Memory=61.5%, Storage=75.4%, Tasks=0
2026/04/10 13:27:49 Heartbeat sent: CPU=18.9%, Memory=62.0%, Storage=75.4%, Tasks=0
2026/04/10 13:27:54 Heartbeat sent: CPU=17.7%, Memory=62.3%, Storage=75.4%, Tasks=0
2026/04/10 13:27:59 Heartbeat sent: CPU=19.8%, Memory=61.6%, Storage=75.4%, Tasks=0
2026/04/10 13:28:04 Heartbeat sent: CPU=18.2%, Memory=61.7%, Storage=75.4%, Tasks=0
2026/04/10 13:28:09 Heartbeat sent: CPU=17.7%, Memory=62.0%, Storage=75.4%, Tasks=0
2026/04/10 13:28:30 Heartbeat sent: CPU=18.7%, Memory=62.2%, Storage=75.4%, Tasks=0
2026/04/10 13:28:35 Heartbeat sent: CPU=18.3%, Memory=62.3%, Storage=75.4%, Tasks=0
2026/04/10 13:28:40 Heartbeat sent: CPU=32.7%, Memory=62.4%, Storage=75.4%, Tasks=0
2026/04/10 13:28:45 Heartbeat sent: CPU=17.9%, Memory=62.2%, Storage=75.4%, Tasks=0
2026/04/10 13:28:50 Heartbeat sent: CPU=19.7%, Memory=62.0%, Storage=75.4%, Tasks=0
2026/04/10 13:28:55 Heartbeat sent: CPU=18.4%, Memory=61.9%, Storage=75.4%, Tasks=0
2026/04/10 13:29:00 Heartbeat sent: CPU=19.3%, Memory=62.3%, Storage=75.4%, Tasks=0
2026/04/10 13:29:05 Heartbeat sent: CPU=18.4%, Memory=62.2%, Storage=75.4%, Tasks=0
2026/04/10 13:29:10 Heartbeat sent: CPU=18.2%, Memory=62.0%, Storage=75.4%, Tasks=0
2026/04/10 13:29:32 Heartbeat sent: CPU=22.8%, Memory=62.0%, Storage=75.4%, Tasks=0
2026/04/10 13:29:37 Heartbeat sent: CPU=26.5%, Memory=62.0%, Storage=75.4%, Tasks=0
2026/04/10 13:29:43 Heartbeat sent: CPU=28.3%, Memory=62.0%, Storage=75.4%, Tasks=0
2026/04/10 13:29:48 Heartbeat sent: CPU=29.8%, Memory=62.1%, Storage=75.4%, Tasks=0
2026/04/10 13:29:52 Heartbeat sent: CPU=30.8%, Memory=61.9%, Storage=75.4%, Tasks=0
2026/04/10 13:29:57 Heartbeat sent: CPU=31.6%, Memory=61.7%, Storage=75.4%, Tasks=0
2026/04/10 13:30:03 Heartbeat sent: CPU=30.9%, Memory=63.2%, Storage=75.4%, Tasks=0
2026/04/10 13:30:08 Heartbeat sent: CPU=33.2%, Memory=62.4%, Storage=75.4%, Tasks=0
2026/04/10 13:30:12 Heartbeat sent: CPU=30.2%, Memory=62.5%, Storage=75.4%, Tasks=0
2026/04/10 13:30:17 Heartbeat sent: CPU=29.8%, Memory=62.6%, Storage=75.4%, Tasks=0
2026/04/10 13:30:23 Heartbeat sent: CPU=30.3%, Memory=62.6%, Storage=75.4%, Tasks=0
2026/04/10 13:30:28 Heartbeat sent: CPU=28.6%, Memory=62.5%, Storage=75.4%, Tasks=0
2026/04/10 13:30:32 Heartbeat sent: CPU=31.2%, Memory=62.5%, Storage=75.4%, Tasks=0
2026/04/10 13:30:38 Heartbeat sent: CPU=29.0%, Memory=62.6%, Storage=75.4%, Tasks=0
2026/04/10 13:30:43 Heartbeat sent: CPU=30.2%, Memory=62.8%, Storage=75.4%, Tasks=0
2026/04/10 13:30:48 Heartbeat sent: CPU=28.5%, Memory=62.7%, Storage=75.4%, Tasks=0
2026/04/10 13:30:53 Heartbeat sent: CPU=29.7%, Memory=62.8%, Storage=75.4%, Tasks=0
2026/04/10 13:30:58 Heartbeat sent: CPU=21.9%, Memory=62.8%, Storage=75.4%, Tasks=0
2026/04/10 13:31:03 Heartbeat sent: CPU=29.2%, Memory=62.1%, Storage=75.4%, Tasks=0
2026/04/10 13:31:08 Heartbeat sent: CPU=29.2%, Memory=62.6%, Storage=75.4%, Tasks=0
2026/04/10 13:31:13 Heartbeat sent: CPU=30.8%, Memory=62.6%, Storage=75.4%, Tasks=0
2026/04/10 13:31:18 Heartbeat sent: CPU=29.6%, Memory=62.4%, Storage=75.4%, Tasks=0
2026/04/10 13:31:23 Heartbeat sent: CPU=30.0%, Memory=62.6%, Storage=75.4%, Tasks=0
2026/04/10 13:31:28 Heartbeat sent: CPU=27.7%, Memory=62.7%, Storage=75.4%, Tasks=0
2026/04/10 13:31:33 Heartbeat sent: CPU=32.4%, Memory=62.5%, Storage=75.4%, Tasks=0
2026/04/10 13:31:38 Heartbeat sent: CPU=29.8%, Memory=62.3%, Storage=75.4%, Tasks=0
2026/04/10 13:31:43 Heartbeat sent: CPU=31.0%, Memory=62.2%, Storage=75.4%, Tasks=0
2026/04/10 13:31:48 Heartbeat sent: CPU=29.5%, Memory=61.8%, Storage=75.4%, Tasks=0
2026/04/10 13:31:53 Heartbeat sent: CPU=29.0%, Memory=60.5%, Storage=75.4%, Tasks=0
2026/04/10 13:31:58 Heartbeat sent: CPU=29.6%, Memory=61.5%, Storage=75.4%, Tasks=0
2026/04/10 13:32:03 Heartbeat sent: CPU=29.9%, Memory=61.8%, Storage=75.4%, Tasks=0
2026/04/10 13:32:08 Heartbeat sent: CPU=29.4%, Memory=62.2%, Storage=75.4%, Tasks=0
2026/04/10 13:32:13 Heartbeat sent: CPU=29.7%, Memory=62.4%, Storage=75.4%, Tasks=0
2026/04/10 13:32:18 Heartbeat sent: CPU=29.1%, Memory=62.1%, Storage=75.4%, Tasks=0
2026/04/10 13:32:23 Heartbeat sent: CPU=29.9%, Memory=62.5%, Storage=75.4%, Tasks=0
2026/04/10 13:32:28 Heartbeat sent: CPU=29.1%, Memory=61.2%, Storage=75.4%, Tasks=0
2026/04/10 13:32:33 Heartbeat sent: CPU=25.7%, Memory=62.0%, Storage=75.4%, Tasks=0
2026/04/10 13:32:38 Heartbeat sent: CPU=26.2%, Memory=62.6%, Storage=75.4%, Tasks=0
2026/04/10 13:32:43 Heartbeat sent: CPU=26.6%, Memory=62.8%, Storage=75.4%, Tasks=0
2026/04/10 13:32:48 Heartbeat sent: CPU=25.0%, Memory=62.7%, Storage=75.4%, Tasks=0
2026/04/10 13:32:53 Heartbeat sent: CPU=26.4%, Memory=62.6%, Storage=75.4%, Tasks=0
2026/04/10 13:32:58 Heartbeat sent: CPU=25.2%, Memory=62.7%, Storage=75.4%, Tasks=0
2026/04/10 13:33:03 Heartbeat sent: CPU=26.9%, Memory=63.0%, Storage=75.4%, Tasks=0
2026/04/10 13:33:08 Heartbeat sent: CPU=33.6%, Memory=62.7%, Storage=75.4%, Tasks=0
2026/04/10 13:33:13 Heartbeat sent: CPU=25.9%, Memory=62.6%, Storage=75.4%, Tasks=0
2026/04/10 13:33:18 Heartbeat sent: CPU=32.5%, Memory=62.6%, Storage=75.4%, Tasks=0
2026/04/10 13:33:23 Heartbeat sent: CPU=17.9%, Memory=62.6%, Storage=75.4%, Tasks=0
2026/04/10 13:33:28 Heartbeat sent: CPU=17.7%, Memory=62.5%, Storage=75.4%, Tasks=0
2026/04/10 13:33:33 Heartbeat sent: CPU=20.5%, Memory=62.6%, Storage=75.4%, Tasks=0
2026/04/10 13:33:38 Heartbeat sent: CPU=33.9%, Memory=62.3%, Storage=75.4%, Tasks=0
2026/04/10 13:33:43 Heartbeat sent: CPU=34.3%, Memory=62.2%, Storage=75.4%, Tasks=0
2026/04/10 13:33:48 Heartbeat sent: CPU=33.9%, Memory=62.1%, Storage=75.4%, Tasks=0
2026/04/10 13:33:53 Heartbeat sent: CPU=34.2%, Memory=62.4%, Storage=75.4%, Tasks=0
2026/04/10 13:33:58 Heartbeat sent: CPU=29.1%, Memory=62.6%, Storage=75.4%, Tasks=0
2026/04/10 13:34:03 Heartbeat sent: CPU=18.9%, Memory=63.1%, Storage=75.4%, Tasks=0
2026/04/10 13:34:08 Heartbeat sent: CPU=25.1%, Memory=62.8%, Storage=75.4%, Tasks=0
2026/04/10 13:34:13 Heartbeat sent: CPU=18.0%, Memory=62.8%, Storage=75.4%, Tasks=0
2026/04/10 13:34:18 Heartbeat sent: CPU=18.7%, Memory=62.8%, Storage=75.4%, Tasks=0
2026/04/10 13:34:23 Heartbeat sent: CPU=18.5%, Memory=62.9%, Storage=75.4%, Tasks=0
2026/04/10 13:34:28 Heartbeat sent: CPU=17.6%, Memory=62.9%, Storage=75.4%, Tasks=0
2026/04/10 13:34:33 Heartbeat sent: CPU=20.1%, Memory=62.9%, Storage=75.4%, Tasks=0
2026/04/10 13:34:38 Heartbeat sent: CPU=17.2%, Memory=62.7%, Storage=75.4%, Tasks=0
2026/04/10 13:34:43 Heartbeat sent: CPU=18.0%, Memory=62.8%, Storage=75.4%, Tasks=0
2026/04/10 13:34:48 Heartbeat sent: CPU=17.2%, Memory=62.7%, Storage=75.4%, Tasks=0
2026/04/10 13:34:53 Heartbeat sent: CPU=18.9%, Memory=62.7%, Storage=75.4%, Tasks=0
2026/04/10 13:34:58 Heartbeat sent: CPU=25.7%, Memory=63.2%, Storage=75.4%, Tasks=0
2026/04/10 13:35:03 Heartbeat sent: CPU=19.2%, Memory=62.8%, Storage=75.4%, Tasks=0
2026/04/10 13:35:08 Heartbeat sent: CPU=17.8%, Memory=62.0%, Storage=75.4%, Tasks=0
2026/04/10 13:35:13 Heartbeat sent: CPU=17.8%, Memory=61.7%, Storage=75.4%, Tasks=0
2026/04/10 13:35:18 Heartbeat sent: CPU=26.6%, Memory=63.7%, Storage=75.4%, Tasks=0
2026/04/10 13:35:23 Heartbeat sent: CPU=25.5%, Memory=67.0%, Storage=75.4%, Tasks=0
2026/04/10 13:35:28 Heartbeat sent: CPU=18.4%, Memory=66.8%, Storage=75.4%, Tasks=0
2026/04/10 13:35:33 Heartbeat sent: CPU=22.7%, Memory=63.6%, Storage=75.4%, Tasks=0
2026/04/10 13:35:38 Heartbeat sent: CPU=19.2%, Memory=63.8%, Storage=75.4%, Tasks=0
2026/04/10 13:35:43 Heartbeat sent: CPU=19.8%, Memory=63.7%, Storage=75.4%, Tasks=0
2026/04/10 13:35:48 Heartbeat sent: CPU=19.7%, Memory=63.6%, Storage=75.4%, Tasks=0
2026/04/10 13:35:53 Heartbeat sent: CPU=17.9%, Memory=66.8%, Storage=75.4%, Tasks=0
2026/04/10 13:35:58 Heartbeat sent: CPU=18.8%, Memory=66.7%, Storage=75.4%, Tasks=0
2026/04/10 13:36:03 Heartbeat sent: CPU=16.0%, Memory=66.9%, Storage=75.4%, Tasks=0
2026/04/10 13:36:08 Heartbeat sent: CPU=20.0%, Memory=66.7%, Storage=75.4%, Tasks=0
2026/04/10 13:36:13 Heartbeat sent: CPU=19.4%, Memory=66.6%, Storage=75.4%, Tasks=0
2026/04/10 13:36:18 Heartbeat sent: CPU=19.6%, Memory=67.4%, Storage=75.4%, Tasks=0
2026/04/10 13:36:23 Heartbeat sent: CPU=11.9%, Memory=65.3%, Storage=75.4%, Tasks=0
2026/04/10 13:36:31 Heartbeat sent: CPU=14.5%, Memory=63.1%, Storage=75.4%, Tasks=0
2026/04/10 13:36:36 Heartbeat sent: CPU=16.9%, Memory=62.7%, Storage=75.4%, Tasks=0
2026/04/10 13:36:41 Heartbeat sent: CPU=27.0%, Memory=62.3%, Storage=75.4%, Tasks=0
2026/04/10 13:36:46 Heartbeat sent: CPU=13.7%, Memory=62.3%, Storage=75.4%, Tasks=0
2026/04/10 13:36:51 Heartbeat sent: CPU=15.1%, Memory=62.4%, Storage=75.4%, Tasks=0
2026/04/10 13:36:56 Heartbeat sent: CPU=13.6%, Memory=62.4%, Storage=75.4%, Tasks=0
2026/04/10 13:37:01 Heartbeat sent: CPU=15.2%, Memory=62.9%, Storage=75.4%, Tasks=0
2026/04/10 13:37:06 Heartbeat sent: CPU=18.2%, Memory=62.5%, Storage=75.4%, Tasks=0
2026/04/10 13:37:11 Heartbeat sent: CPU=14.1%, Memory=62.4%, Storage=75.4%, Tasks=0
2026/04/10 13:37:28 Heartbeat sent: CPU=17.2%, Memory=62.5%, Storage=75.4%, Tasks=0
2026/04/10 13:37:33 Heartbeat sent: CPU=18.9%, Memory=62.5%, Storage=75.4%, Tasks=0
2026/04/10 13:37:38 Heartbeat sent: CPU=17.1%, Memory=62.6%, Storage=75.4%, Tasks=0
2026/04/10 13:37:43 Heartbeat sent: CPU=16.9%, Memory=62.6%, Storage=75.4%, Tasks=0
2026/04/10 13:37:48 Heartbeat sent: CPU=20.1%, Memory=62.6%, Storage=75.4%, Tasks=0
2026/04/10 13:37:53 Heartbeat sent: CPU=14.0%, Memory=62.6%, Storage=75.4%, Tasks=0
2026/04/10 13:37:58 Heartbeat sent: CPU=15.2%, Memory=62.6%, Storage=75.4%, Tasks=0
2026/04/10 13:38:03 Heartbeat sent: CPU=13.8%, Memory=62.8%, Storage=75.4%, Tasks=0
2026/04/10 13:38:08 Heartbeat sent: CPU=14.1%, Memory=62.6%, Storage=75.4%, Tasks=0
2026/04/10 13:38:13 Heartbeat sent: CPU=14.1%, Memory=62.5%, Storage=75.4%, Tasks=0
2026/04/10 13:38:36 Heartbeat sent: CPU=14.1%, Memory=62.6%, Storage=75.4%, Tasks=0
2026/04/10 13:38:41 Heartbeat sent: CPU=19.7%, Memory=62.9%, Storage=75.4%, Tasks=0
2026/04/10 13:38:46 Heartbeat sent: CPU=14.7%, Memory=62.9%, Storage=75.4%, Tasks=0
2026/04/10 13:38:51 Heartbeat sent: CPU=15.4%, Memory=62.6%, Storage=75.4%, Tasks=0
2026/04/10 13:38:56 Heartbeat sent: CPU=15.1%, Memory=62.3%, Storage=75.4%, Tasks=0
2026/04/10 13:39:01 Heartbeat sent: CPU=15.6%, Memory=62.9%, Storage=75.4%, Tasks=0
2026/04/10 13:39:06 Heartbeat sent: CPU=14.6%, Memory=62.6%, Storage=75.4%, Tasks=0
2026/04/10 13:39:11 Heartbeat sent: CPU=13.5%, Memory=62.5%, Storage=75.4%, Tasks=0
2026/04/10 13:39:16 Heartbeat sent: CPU=16.1%, Memory=62.4%, Storage=75.4%, Tasks=0
2026/04/10 13:39:40 Heartbeat sent: CPU=14.2%, Memory=62.6%, Storage=75.4%, Tasks=0
2026/04/10 13:39:45 Heartbeat sent: CPU=14.5%, Memory=62.9%, Storage=75.4%, Tasks=0
2026/04/10 13:39:50 Heartbeat sent: CPU=18.5%, Memory=63.0%, Storage=75.4%, Tasks=0
2026/04/10 13:39:55 Heartbeat sent: CPU=13.9%, Memory=62.6%, Storage=75.4%, Tasks=0
2026/04/10 13:40:00 Heartbeat sent: CPU=16.7%, Memory=62.9%, Storage=75.4%, Tasks=0
2026/04/10 13:40:05 Heartbeat sent: CPU=13.6%, Memory=62.7%, Storage=75.4%, Tasks=0
2026/04/10 13:40:10 Heartbeat sent: CPU=14.1%, Memory=62.6%, Storage=75.4%, Tasks=0
2026/04/10 13:40:15 Heartbeat sent: CPU=13.4%, Memory=62.5%, Storage=75.4%, Tasks=0
2026/04/10 13:40:20 Heartbeat sent: CPU=22.0%, Memory=62.7%, Storage=75.4%, Tasks=0
2026/04/10 13:40:42 Heartbeat sent: CPU=24.8%, Memory=62.8%, Storage=75.4%, Tasks=0
2026/04/10 13:40:47 Heartbeat sent: CPU=14.2%, Memory=62.7%, Storage=75.4%, Tasks=0
2026/04/10 13:40:52 Heartbeat sent: CPU=17.2%, Memory=63.0%, Storage=75.4%, Tasks=0
2026/04/10 13:40:57 Heartbeat sent: CPU=14.5%, Memory=63.0%, Storage=75.4%, Tasks=0
2026/04/10 13:41:02 Heartbeat sent: CPU=17.2%, Memory=64.1%, Storage=75.4%, Tasks=0
2026/04/10 13:41:07 Heartbeat sent: CPU=14.1%, Memory=62.6%, Storage=75.4%, Tasks=0
2026/04/10 13:41:12 Heartbeat sent: CPU=15.9%, Memory=62.4%, Storage=75.4%, Tasks=0
2026/04/10 13:41:17 Heartbeat sent: CPU=15.0%, Memory=62.4%, Storage=75.4%, Tasks=0
2026/04/10 13:41:22 Heartbeat sent: CPU=14.8%, Memory=62.5%, Storage=75.4%, Tasks=0
2026/04/10 13:41:27 Heartbeat sent: CPU=15.3%, Memory=62.5%, Storage=75.4%, Tasks=0
2026/04/10 13:41:51 Heartbeat sent: CPU=14.8%, Memory=63.1%, Storage=75.4%, Tasks=0
2026/04/10 13:41:56 Heartbeat sent: CPU=15.1%, Memory=63.1%, Storage=75.4%, Tasks=0
2026/04/10 13:42:01 Heartbeat sent: CPU=17.9%, Memory=63.4%, Storage=75.4%, Tasks=0
2026/04/10 13:42:06 Heartbeat sent: CPU=14.6%, Memory=63.3%, Storage=75.4%, Tasks=0
2026/04/10 13:42:11 Heartbeat sent: CPU=15.5%, Memory=63.3%, Storage=75.4%, Tasks=0
2026/04/10 13:42:16 Heartbeat sent: CPU=14.4%, Memory=62.8%, Storage=75.4%, Tasks=0
2026/04/10 13:42:21 Heartbeat sent: CPU=14.1%, Memory=62.7%, Storage=75.4%, Tasks=0
2026/04/10 13:42:26 Heartbeat sent: CPU=15.6%, Memory=62.6%, Storage=75.4%, Tasks=0
2026/04/10 13:42:31 Heartbeat sent: CPU=17.9%, Memory=62.6%, Storage=75.4%, Tasks=0
2026/04/10 13:42:58 Heartbeat sent: CPU=24.1%, Memory=62.9%, Storage=75.4%, Tasks=0
2026/04/10 13:43:03 Heartbeat sent: CPU=18.0%, Memory=63.3%, Storage=75.4%, Tasks=0
2026/04/10 13:43:08 Heartbeat sent: CPU=19.0%, Memory=63.3%, Storage=75.4%, Tasks=0
2026/04/10 13:43:13 Heartbeat sent: CPU=15.7%, Memory=63.4%, Storage=75.4%, Tasks=0
2026/04/10 13:43:18 Heartbeat sent: CPU=17.2%, Memory=62.9%, Storage=75.4%, Tasks=0
2026/04/10 13:43:23 Heartbeat sent: CPU=14.1%, Memory=62.6%, Storage=75.4%, Tasks=0
2026/04/10 13:43:28 Heartbeat sent: CPU=14.8%, Memory=62.5%, Storage=75.4%, Tasks=0
2026/04/10 13:43:33 Heartbeat sent: CPU=27.9%, Memory=64.1%, Storage=75.4%, Tasks=0
2026/04/10 13:43:38 Heartbeat sent: CPU=21.8%, Memory=66.8%, Storage=75.4%, Tasks=0
2026/04/10 13:43:43 Heartbeat sent: CPU=20.5%, Memory=67.5%, Storage=75.4%, Tasks=0
2026/04/10 13:43:48 Heartbeat sent: CPU=24.9%, Memory=65.4%, Storage=75.4%, Tasks=0
2026/04/10 13:43:53 Heartbeat sent: CPU=22.2%, Memory=64.5%, Storage=75.4%, Tasks=0
2026/04/10 13:43:58 Heartbeat sent: CPU=11.1%, Memory=64.4%, Storage=75.4%, Tasks=0
2026/04/10 13:44:03 Heartbeat sent: CPU=13.1%, Memory=64.7%, Storage=75.4%, Tasks=0
2026/04/10 13:44:08 Heartbeat sent: CPU=11.9%, Memory=64.6%, Storage=75.4%, Tasks=0
2026/04/10 13:44:13 Heartbeat sent: CPU=15.9%, Memory=65.1%, Storage=75.4%, Tasks=0
2026/04/10 13:44:18 Heartbeat sent: CPU=12.6%, Memory=65.1%, Storage=75.4%, Tasks=0
2026/04/10 13:44:23 Heartbeat sent: CPU=12.6%, Memory=65.0%, Storage=75.4%, Tasks=0
2026/04/10 13:44:28 Heartbeat sent: CPU=13.7%, Memory=64.9%, Storage=75.4%, Tasks=0
2026/04/10 13:44:33 Heartbeat sent: CPU=19.7%, Memory=64.8%, Storage=75.4%, Tasks=0
2026/04/10 13:44:38 Heartbeat sent: CPU=18.0%, Memory=64.6%, Storage=75.4%, Tasks=0
2026/04/10 13:44:43 Heartbeat sent: CPU=14.4%, Memory=64.6%, Storage=75.4%, Tasks=0
2026/04/10 13:44:48 Heartbeat sent: CPU=13.3%, Memory=64.1%, Storage=75.4%, Tasks=0
2026/04/10 13:44:53 Heartbeat sent: CPU=18.4%, Memory=66.6%, Storage=75.4%, Tasks=0
2026/04/10 13:44:58 Heartbeat sent: CPU=21.7%, Memory=65.6%, Storage=75.4%, Tasks=0
2026/04/10 13:45:03 Heartbeat sent: CPU=15.8%, Memory=64.9%, Storage=75.4%, Tasks=0
2026/04/10 13:45:08 Heartbeat sent: CPU=15.5%, Memory=65.8%, Storage=75.4%, Tasks=0
2026/04/10 13:45:13 Heartbeat sent: CPU=32.8%, Memory=67.2%, Storage=75.4%, Tasks=0
2026/04/10 13:45:18 Heartbeat sent: CPU=16.2%, Memory=66.3%, Storage=75.4%, Tasks=0
2026/04/10 13:45:23 Heartbeat sent: CPU=14.9%, Memory=65.8%, Storage=75.4%, Tasks=0
2026/04/10 13:45:28 Heartbeat sent: CPU=12.4%, Memory=65.7%, Storage=75.4%, Tasks=0
2026/04/10 13:45:33 Heartbeat sent: CPU=19.5%, Memory=66.1%, Storage=75.4%, Tasks=0
2026/04/10 13:45:38 Heartbeat sent: CPU=21.8%, Memory=66.0%, Storage=75.4%, Tasks=0
2026/04/10 13:45:43 Heartbeat sent: CPU=20.3%, Memory=66.4%, Storage=75.4%, Tasks=0
2026/04/10 13:45:48 Heartbeat sent: CPU=15.2%, Memory=67.1%, Storage=75.4%, Tasks=0
2026/04/10 13:45:53 Heartbeat sent: CPU=20.8%, Memory=64.9%, Storage=75.4%, Tasks=0
2026/04/10 13:45:58 Heartbeat sent: CPU=22.6%, Memory=65.8%, Storage=75.4%, Tasks=0
2026/04/10 13:46:03 Heartbeat sent: CPU=21.4%, Memory=66.3%, Storage=75.4%, Tasks=0
2026/04/10 13:46:08 Heartbeat sent: CPU=13.7%, Memory=65.4%, Storage=75.4%, Tasks=0
2026/04/10 13:46:13 Heartbeat sent: CPU=12.3%, Memory=65.7%, Storage=75.4%, Tasks=0
2026/04/10 13:46:18 Heartbeat sent: CPU=21.9%, Memory=65.6%, Storage=75.4%, Tasks=0
2026/04/10 13:46:23 Heartbeat sent: CPU=18.2%, Memory=64.3%, Storage=75.4%, Tasks=0
2026/04/10 13:46:28 Heartbeat sent: CPU=10.2%, Memory=64.0%, Storage=75.4%, Tasks=0
2026/04/10 13:46:33 Heartbeat sent: CPU=26.5%, Memory=68.3%, Storage=75.4%, Tasks=0
2026/04/10 13:46:38 Heartbeat sent: CPU=15.7%, Memory=65.9%, Storage=75.4%, Tasks=0
2026/04/10 13:46:43 Heartbeat sent: CPU=8.7%, Memory=64.6%, Storage=75.4%, Tasks=0
2026/04/10 13:46:48 Heartbeat sent: CPU=14.9%, Memory=65.9%, Storage=75.4%, Tasks=0
2026/04/10 13:46:53 Heartbeat sent: CPU=18.2%, Memory=65.6%, Storage=75.4%, Tasks=0
2026/04/10 13:46:58 Heartbeat sent: CPU=13.1%, Memory=65.5%, Storage=75.4%, Tasks=0
2026/04/10 13:47:03 Heartbeat sent: CPU=12.5%, Memory=65.5%, Storage=75.4%, Tasks=0
2026/04/10 13:47:08 Heartbeat sent: CPU=26.3%, Memory=66.3%, Storage=75.4%, Tasks=0
2026/04/10 13:47:13 Heartbeat sent: CPU=11.9%, Memory=66.1%, Storage=75.4%, Tasks=0
2026/04/10 13:47:18 Heartbeat sent: CPU=14.4%, Memory=66.1%, Storage=75.4%, Tasks=0
2026/04/10 13:47:23 Heartbeat sent: CPU=11.8%, Memory=66.1%, Storage=75.4%, Tasks=0
2026/04/10 13:47:28 Heartbeat sent: CPU=19.6%, Memory=66.3%, Storage=75.4%, Tasks=0
2026/04/10 13:47:33 Heartbeat sent: CPU=17.5%, Memory=66.2%, Storage=75.4%, Tasks=0
2026/04/10 13:47:38 Heartbeat sent: CPU=20.5%, Memory=66.0%, Storage=75.4%, Tasks=0
2026/04/10 13:47:43 Heartbeat sent: CPU=16.8%, Memory=66.1%, Storage=75.4%, Tasks=0
2026/04/10 13:47:48 Heartbeat sent: CPU=21.2%, Memory=66.2%, Storage=75.4%, Tasks=0
2026/04/10 13:47:53 Heartbeat sent: CPU=10.2%, Memory=64.9%, Storage=75.4%, Tasks=0
2026/04/10 13:47:58 Heartbeat sent: CPU=14.0%, Memory=65.9%, Storage=75.4%, Tasks=0
2026/04/10 13:48:03 Heartbeat sent: CPU=15.8%, Memory=67.0%, Storage=75.4%, Tasks=0
2026/04/10 13:48:08 Heartbeat sent: CPU=14.5%, Memory=66.8%, Storage=75.4%, Tasks=0
2026/04/10 13:48:13 Heartbeat sent: CPU=16.2%, Memory=66.3%, Storage=75.4%, Tasks=0
2026/04/10 13:48:18 Heartbeat sent: CPU=15.8%, Memory=66.7%, Storage=75.4%, Tasks=0
2026/04/10 13:48:23 Heartbeat sent: CPU=13.7%, Memory=65.8%, Storage=75.4%, Tasks=0
2026/04/10 13:48:28 Heartbeat sent: CPU=13.5%, Memory=67.6%, Storage=75.4%, Tasks=0
2026/04/10 13:48:33 Heartbeat sent: CPU=9.9%, Memory=66.2%, Storage=75.4%, Tasks=0
2026/04/10 13:48:38 Heartbeat sent: CPU=12.5%, Memory=66.4%, Storage=75.4%, Tasks=0
2026/04/10 13:48:43 Heartbeat sent: CPU=9.1%, Memory=65.7%, Storage=75.4%, Tasks=0
2026/04/10 13:48:48 Heartbeat sent: CPU=11.8%, Memory=66.4%, Storage=75.4%, Tasks=0
2026/04/10 13:48:53 Heartbeat sent: CPU=12.4%, Memory=66.3%, Storage=75.4%, Tasks=0
2026/04/10 13:48:58 Heartbeat sent: CPU=12.2%, Memory=66.4%, Storage=75.4%, Tasks=0
2026/04/10 13:49:03 Heartbeat sent: CPU=15.5%, Memory=65.5%, Storage=75.4%, Tasks=0
2026/04/10 13:49:08 Heartbeat sent: CPU=17.1%, Memory=66.3%, Storage=75.4%, Tasks=0
2026/04/10 13:49:13 Heartbeat sent: CPU=15.9%, Memory=65.7%, Storage=75.4%, Tasks=0
2026/04/10 13:49:18 Heartbeat sent: CPU=21.4%, Memory=66.5%, Storage=75.4%, Tasks=0
2026/04/10 13:49:23 Heartbeat sent: CPU=20.0%, Memory=66.5%, Storage=75.4%, Tasks=0
2026/04/10 13:49:28 Heartbeat sent: CPU=21.0%, Memory=66.6%, Storage=75.4%, Tasks=0
2026/04/10 13:49:33 Heartbeat sent: CPU=16.2%, Memory=65.7%, Storage=75.4%, Tasks=0
2026/04/10 13:49:38 Heartbeat sent: CPU=28.2%, Memory=69.0%, Storage=75.4%, Tasks=0
2026/04/10 13:49:43 Heartbeat sent: CPU=20.3%, Memory=66.3%, Storage=75.4%, Tasks=0
2026/04/10 13:49:48 Heartbeat sent: CPU=16.9%, Memory=66.5%, Storage=75.4%, Tasks=0
2026/04/10 13:49:53 Heartbeat sent: CPU=17.3%, Memory=65.8%, Storage=75.4%, Tasks=0
2026/04/10 13:49:58 Heartbeat sent: CPU=23.2%, Memory=65.8%, Storage=75.4%, Tasks=0
2026/04/10 13:50:03 Heartbeat sent: CPU=15.9%, Memory=66.1%, Storage=75.4%, Tasks=0
2026/04/10 13:50:08 Heartbeat sent: CPU=17.1%, Memory=67.1%, Storage=75.4%, Tasks=0
2026/04/10 13:50:13 Heartbeat sent: CPU=12.5%, Memory=66.5%, Storage=75.4%, Tasks=0
2026/04/10 13:50:18 Heartbeat sent: CPU=13.9%, Memory=65.7%, Storage=75.4%, Tasks=0
2026/04/10 13:50:23 Heartbeat sent: CPU=11.9%, Memory=65.2%, Storage=75.4%, Tasks=0
2026/04/10 13:50:28 Heartbeat sent: CPU=10.4%, Memory=66.5%, Storage=75.4%, Tasks=0
2026/04/10 13:50:33 Heartbeat sent: CPU=9.9%, Memory=66.0%, Storage=75.4%, Tasks=0
2026/04/10 13:50:38 Heartbeat sent: CPU=11.8%, Memory=65.8%, Storage=75.4%, Tasks=0
2026/04/10 13:50:43 Heartbeat sent: CPU=11.8%, Memory=65.5%, Storage=75.4%, Tasks=0
2026/04/10 13:50:48 Heartbeat sent: CPU=12.9%, Memory=65.8%, Storage=75.4%, Tasks=0
2026/04/10 13:50:53 Heartbeat sent: CPU=9.5%, Memory=65.0%, Storage=75.4%, Tasks=0
2026/04/10 13:50:58 Heartbeat sent: CPU=9.9%, Memory=66.0%, Storage=75.4%, Tasks=0
2026/04/10 13:51:03 Heartbeat sent: CPU=19.2%, Memory=66.9%, Storage=75.4%, Tasks=0
2026/04/10 13:51:08 Heartbeat sent: CPU=17.5%, Memory=66.5%, Storage=75.4%, Tasks=0
2026/04/10 13:51:13 Heartbeat sent: CPU=18.0%, Memory=66.6%, Storage=75.4%, Tasks=0
2026/04/10 13:51:18 Heartbeat sent: CPU=20.0%, Memory=67.2%, Storage=75.4%, Tasks=0
2026/04/10 13:51:23 Heartbeat sent: CPU=18.3%, Memory=67.2%, Storage=75.4%, Tasks=0
2026/04/10 13:51:28 Heartbeat sent: CPU=27.4%, Memory=68.3%, Storage=75.4%, Tasks=0
2026/04/10 13:51:33 Heartbeat sent: CPU=21.2%, Memory=66.9%, Storage=75.4%, Tasks=0
2026/04/10 13:51:38 Heartbeat sent: CPU=13.0%, Memory=66.4%, Storage=75.4%, Tasks=0
2026/04/10 13:51:43 Heartbeat sent: CPU=20.6%, Memory=69.2%, Storage=75.4%, Tasks=0
2026/04/10 13:51:48 Heartbeat sent: CPU=13.0%, Memory=66.5%, Storage=75.4%, Tasks=0
2026/04/10 13:51:53 Heartbeat sent: CPU=13.9%, Memory=66.1%, Storage=75.4%, Tasks=0
2026/04/10 13:51:58 Heartbeat sent: CPU=14.3%, Memory=67.0%, Storage=75.4%, Tasks=0
2026/04/10 13:52:03 Heartbeat sent: CPU=15.0%, Memory=68.5%, Storage=75.4%, Tasks=0
2026/04/10 13:52:08 Heartbeat sent: CPU=21.6%, Memory=68.8%, Storage=75.4%, Tasks=0
2026/04/10 13:52:13 Heartbeat sent: CPU=13.5%, Memory=67.2%, Storage=75.4%, Tasks=0
2026/04/10 13:52:18 Heartbeat sent: CPU=22.5%, Memory=66.0%, Storage=75.4%, Tasks=0
2026/04/10 13:52:23 Heartbeat sent: CPU=17.7%, Memory=65.5%, Storage=75.4%, Tasks=0
2026/04/10 13:52:28 Heartbeat sent: CPU=21.8%, Memory=65.6%, Storage=75.4%, Tasks=0
2026/04/10 13:52:33 Heartbeat sent: CPU=16.9%, Memory=64.9%, Storage=75.4%, Tasks=0
2026/04/10 13:52:38 Heartbeat sent: CPU=20.7%, Memory=65.5%, Storage=75.4%, Tasks=0
2026/04/10 13:52:43 Heartbeat sent: CPU=18.0%, Memory=65.8%, Storage=75.4%, Tasks=0
2026/04/10 13:52:48 Heartbeat sent: CPU=21.8%, Memory=66.2%, Storage=75.4%, Tasks=0
2026/04/10 13:52:53 Heartbeat sent: CPU=18.7%, Memory=65.7%, Storage=75.4%, Tasks=0
2026/04/10 13:52:58 Heartbeat sent: CPU=18.6%, Memory=65.6%, Storage=75.4%, Tasks=0
2026/04/10 13:53:03 Heartbeat sent: CPU=20.2%, Memory=66.2%, Storage=75.4%, Tasks=0
2026/04/10 13:53:08 Heartbeat sent: CPU=17.8%, Memory=65.8%, Storage=75.4%, Tasks=0
2026/04/10 13:53:13 Heartbeat sent: CPU=17.3%, Memory=65.8%, Storage=75.4%, Tasks=0
2026/04/10 13:53:18 Heartbeat sent: CPU=21.3%, Memory=65.9%, Storage=75.4%, Tasks=0
2026/04/10 13:53:23 Heartbeat sent: CPU=17.7%, Memory=66.0%, Storage=75.4%, Tasks=0
2026/04/10 13:53:28 Heartbeat sent: CPU=20.4%, Memory=66.6%, Storage=75.4%, Tasks=0
2026/04/10 13:53:33 Heartbeat sent: CPU=15.9%, Memory=65.3%, Storage=75.4%, Tasks=0
2026/04/10 13:53:38 Heartbeat sent: CPU=16.5%, Memory=65.7%, Storage=75.4%, Tasks=0
2026/04/10 13:53:43 Heartbeat sent: CPU=15.2%, Memory=65.6%, Storage=75.4%, Tasks=0
2026/04/10 13:53:48 Heartbeat sent: CPU=17.4%, Memory=66.4%, Storage=75.4%, Tasks=0
2026/04/10 13:53:53 Heartbeat sent: CPU=19.5%, Memory=66.2%, Storage=75.4%, Tasks=0
2026/04/10 13:53:58 Heartbeat sent: CPU=22.1%, Memory=66.1%, Storage=75.4%, Tasks=0
2026/04/10 13:54:03 Heartbeat sent: CPU=16.1%, Memory=65.3%, Storage=75.4%, Tasks=0
2026/04/10 13:54:08 Heartbeat sent: CPU=18.4%, Memory=65.4%, Storage=75.4%, Tasks=0
2026/04/10 13:54:13 Heartbeat sent: CPU=21.2%, Memory=66.0%, Storage=75.4%, Tasks=0
2026/04/10 13:54:18 Heartbeat sent: CPU=18.1%, Memory=66.3%, Storage=75.4%, Tasks=0
2026/04/10 13:54:23 Heartbeat sent: CPU=19.4%, Memory=66.2%, Storage=75.4%, Tasks=0
2026/04/10 13:54:28 Heartbeat sent: CPU=23.2%, Memory=66.5%, Storage=75.4%, Tasks=0
2026/04/10 13:54:33 Heartbeat sent: CPU=20.7%, Memory=67.9%, Storage=75.4%, Tasks=0
2026/04/10 13:54:38 Heartbeat sent: CPU=22.4%, Memory=66.5%, Storage=75.4%, Tasks=0
2026/04/10 13:54:43 Heartbeat sent: CPU=17.5%, Memory=65.9%, Storage=75.4%, Tasks=0
2026/04/10 13:54:48 Heartbeat sent: CPU=17.9%, Memory=68.9%, Storage=75.4%, Tasks=0
2026/04/10 13:54:53 Heartbeat sent: CPU=23.9%, Memory=67.2%, Storage=75.4%, Tasks=0
2026/04/10 13:54:58 Heartbeat sent: CPU=21.5%, Memory=66.7%, Storage=75.4%, Tasks=0
2026/04/10 13:55:03 Heartbeat sent: CPU=17.2%, Memory=66.4%, Storage=75.4%, Tasks=0
2026/04/10 13:55:08 Heartbeat sent: CPU=23.3%, Memory=66.5%, Storage=75.4%, Tasks=0
2026/04/10 13:55:13 Heartbeat sent: CPU=16.2%, Memory=67.1%, Storage=75.4%, Tasks=0
2026/04/10 13:55:18 Heartbeat sent: CPU=10.3%, Memory=66.2%, Storage=75.4%, Tasks=0
2026/04/10 13:55:23 Heartbeat sent: CPU=12.2%, Memory=66.4%, Storage=75.4%, Tasks=0
2026/04/10 13:55:28 Heartbeat sent: CPU=19.1%, Memory=69.4%, Storage=75.4%, Tasks=0
2026/04/10 13:55:33 Heartbeat sent: CPU=10.6%, Memory=66.4%, Storage=75.4%, Tasks=0
2026/04/10 13:55:38 Heartbeat sent: CPU=11.7%, Memory=65.9%, Storage=75.4%, Tasks=0
2026/04/10 13:55:43 Heartbeat sent: CPU=10.6%, Memory=65.8%, Storage=75.4%, Tasks=0
2026/04/10 13:55:48 Heartbeat sent: CPU=10.1%, Memory=65.8%, Storage=75.4%, Tasks=0
2026/04/10 13:55:53 Heartbeat sent: CPU=12.0%, Memory=65.8%, Storage=75.4%, Tasks=0
2026/04/10 13:55:58 Heartbeat sent: CPU=26.3%, Memory=69.2%, Storage=75.4%, Tasks=0
2026/04/10 13:56:03 Heartbeat sent: CPU=19.1%, Memory=68.4%, Storage=75.4%, Tasks=0
2026/04/10 13:56:08 Heartbeat sent: CPU=23.3%, Memory=66.8%, Storage=75.4%, Tasks=0
2026/04/10 13:56:13 Heartbeat sent: CPU=19.7%, Memory=68.0%, Storage=75.4%, Tasks=0
2026/04/10 13:56:18 Heartbeat sent: CPU=19.8%, Memory=67.0%, Storage=75.4%, Tasks=0
2026/04/10 13:56:23 Heartbeat sent: CPU=20.6%, Memory=67.0%, Storage=75.4%, Tasks=0
2026/04/10 13:56:28 Heartbeat sent: CPU=21.4%, Memory=68.3%, Storage=75.4%, Tasks=0
2026/04/10 13:56:33 Heartbeat sent: CPU=17.9%, Memory=66.6%, Storage=75.4%, Tasks=0
2026/04/10 13:56:38 Heartbeat sent: CPU=17.6%, Memory=66.2%, Storage=75.4%, Tasks=0
2026/04/10 13:56:43 Heartbeat sent: CPU=16.3%, Memory=66.3%, Storage=75.4%, Tasks=0
2026/04/10 13:56:48 Heartbeat sent: CPU=15.8%, Memory=67.5%, Storage=75.4%, Tasks=0
2026/04/10 13:56:53 Heartbeat sent: CPU=19.2%, Memory=67.7%, Storage=75.4%, Tasks=0
2026/04/10 13:56:58 Heartbeat sent: CPU=16.6%, Memory=67.5%, Storage=75.4%, Tasks=0
2026/04/10 13:57:03 Heartbeat sent: CPU=17.8%, Memory=67.3%, Storage=75.4%, Tasks=0
2026/04/10 13:57:08 Heartbeat sent: CPU=27.0%, Memory=69.4%, Storage=75.4%, Tasks=0
2026/04/10 13:57:13 Heartbeat sent: CPU=14.3%, Memory=66.9%, Storage=75.4%, Tasks=0
2026/04/10 13:57:18 Heartbeat sent: CPU=17.5%, Memory=67.1%, Storage=75.4%, Tasks=0
2026/04/10 13:57:23 Heartbeat sent: CPU=22.6%, Memory=67.4%, Storage=75.4%, Tasks=0
2026/04/10 13:57:28 Heartbeat sent: CPU=19.3%, Memory=68.1%, Storage=75.4%, Tasks=0
2026/04/10 13:57:33 Heartbeat sent: CPU=18.7%, Memory=68.0%, Storage=75.4%, Tasks=0
2026/04/10 13:57:38 Heartbeat sent: CPU=25.3%, Memory=68.4%, Storage=75.4%, Tasks=0
2026/04/10 13:57:43 Heartbeat sent: CPU=18.3%, Memory=67.5%, Storage=75.4%, Tasks=0
2026/04/10 13:57:48 Heartbeat sent: CPU=20.3%, Memory=67.5%, Storage=75.4%, Tasks=0
2026/04/10 13:57:53 Heartbeat sent: CPU=18.5%, Memory=67.5%, Storage=75.4%, Tasks=0
2026/04/10 13:57:58 Heartbeat sent: CPU=20.6%, Memory=67.3%, Storage=75.4%, Tasks=0
2026/04/10 13:58:03 Heartbeat sent: CPU=17.2%, Memory=67.4%, Storage=75.4%, Tasks=0
2026/04/10 13:58:08 Heartbeat sent: CPU=19.7%, Memory=67.4%, Storage=75.4%, Tasks=0
2026/04/10 13:58:13 Heartbeat sent: CPU=9.7%, Memory=67.5%, Storage=75.4%, Tasks=0
2026/04/10 13:58:18 Heartbeat sent: CPU=22.8%, Memory=67.2%, Storage=75.4%, Tasks=0
2026/04/10 13:58:23 Heartbeat sent: CPU=25.0%, Memory=67.1%, Storage=75.4%, Tasks=0
2026/04/10 13:58:28 Heartbeat sent: CPU=21.1%, Memory=67.3%, Storage=75.4%, Tasks=0
2026/04/10 13:58:33 Heartbeat sent: CPU=19.9%, Memory=67.2%, Storage=75.4%, Tasks=0
2026/04/10 13:58:38 Heartbeat sent: CPU=16.8%, Memory=67.1%, Storage=75.4%, Tasks=0
2026/04/10 13:58:43 Heartbeat sent: CPU=19.1%, Memory=67.2%, Storage=75.4%, Tasks=0
2026/04/10 13:58:48 Heartbeat sent: CPU=14.9%, Memory=67.1%, Storage=75.4%, Tasks=0
2026/04/10 13:58:53 Heartbeat sent: CPU=18.0%, Memory=66.8%, Storage=75.4%, Tasks=0
2026/04/10 13:58:58 Heartbeat sent: CPU=17.1%, Memory=67.2%, Storage=75.4%, Tasks=0
2026/04/10 13:59:03 Heartbeat sent: CPU=18.2%, Memory=67.7%, Storage=75.4%, Tasks=0
2026/04/10 13:59:08 Heartbeat sent: CPU=23.8%, Memory=67.5%, Storage=75.4%, Tasks=0
2026/04/10 13:59:13 Heartbeat sent: CPU=19.3%, Memory=67.4%, Storage=75.4%, Tasks=0
2026/04/10 13:59:18 Heartbeat sent: CPU=18.2%, Memory=67.4%, Storage=75.4%, Tasks=0
2026/04/10 13:59:23 Heartbeat sent: CPU=26.0%, Memory=67.3%, Storage=75.4%, Tasks=0
2026/04/10 13:59:28 Heartbeat sent: CPU=18.9%, Memory=67.9%, Storage=75.4%, Tasks=0
2026/04/10 13:59:33 Heartbeat sent: CPU=22.2%, Memory=67.7%, Storage=75.4%, Tasks=0
2026/04/10 13:59:38 Heartbeat sent: CPU=21.2%, Memory=67.6%, Storage=75.4%, Tasks=0
2026/04/10 13:59:43 Heartbeat sent: CPU=27.7%, Memory=69.3%, Storage=75.4%, Tasks=0
2026/04/10 13:59:48 Heartbeat sent: CPU=28.2%, Memory=68.0%, Storage=75.4%, Tasks=0
2026/04/10 13:59:53 Heartbeat sent: CPU=31.7%, Memory=67.5%, Storage=75.4%, Tasks=0
2026/04/10 13:59:58 Heartbeat sent: CPU=28.6%, Memory=67.6%, Storage=75.4%, Tasks=0
2026/04/10 14:00:03 Heartbeat sent: CPU=11.7%, Memory=66.3%, Storage=75.4%, Tasks=0
2026/04/10 14:00:08 Heartbeat sent: CPU=12.6%, Memory=66.1%, Storage=75.4%, Tasks=0
2026/04/10 14:00:13 Heartbeat sent: CPU=15.4%, Memory=66.3%, Storage=75.4%, Tasks=0
2026/04/10 14:00:18 Heartbeat sent: CPU=10.4%, Memory=65.0%, Storage=75.4%, Tasks=0
2026/04/10 14:00:23 Heartbeat sent: CPU=9.9%, Memory=65.7%, Storage=75.4%, Tasks=0
2026/04/10 14:00:28 Heartbeat sent: CPU=16.7%, Memory=66.2%, Storage=75.4%, Tasks=0
2026/04/10 14:00:33 Heartbeat sent: CPU=16.4%, Memory=66.1%, Storage=75.4%, Tasks=0
2026/04/10 14:00:38 Heartbeat sent: CPU=15.7%, Memory=66.2%, Storage=75.4%, Tasks=0
2026/04/10 14:00:43 Heartbeat sent: CPU=23.2%, Memory=66.3%, Storage=75.4%, Tasks=0
2026/04/10 14:00:48 Heartbeat sent: CPU=22.4%, Memory=68.8%, Storage=75.4%, Tasks=0
2026/04/10 14:00:53 Heartbeat sent: CPU=12.7%, Memory=66.1%, Storage=75.4%, Tasks=0
2026/04/10 14:00:58 Heartbeat sent: CPU=14.1%, Memory=65.5%, Storage=75.4%, Tasks=0
2026/04/10 14:01:03 Heartbeat sent: CPU=12.9%, Memory=66.6%, Storage=75.4%, Tasks=0
2026/04/10 14:01:08 Heartbeat sent: CPU=14.9%, Memory=66.4%, Storage=75.4%, Tasks=0
2026/04/10 14:01:13 Heartbeat sent: CPU=15.3%, Memory=66.3%, Storage=75.4%, Tasks=0
2026/04/10 14:01:18 Heartbeat sent: CPU=19.0%, Memory=66.4%, Storage=75.4%, Tasks=0
2026/04/10 14:01:23 Heartbeat sent: CPU=11.2%, Memory=66.4%, Storage=75.4%, Tasks=0
2026/04/10 14:01:28 Heartbeat sent: CPU=18.5%, Memory=66.3%, Storage=75.4%, Tasks=0
2026/04/10 14:01:33 Heartbeat sent: CPU=20.5%, Memory=66.4%, Storage=75.4%, Tasks=0
2026/04/10 14:01:38 Heartbeat sent: CPU=22.5%, Memory=66.7%, Storage=75.4%, Tasks=0
2026/04/10 14:01:43 Heartbeat sent: CPU=18.5%, Memory=67.1%, Storage=75.4%, Tasks=0
2026/04/10 14:01:48 Heartbeat sent: CPU=20.9%, Memory=66.6%, Storage=75.4%, Tasks=0
2026/04/10 14:01:53 Heartbeat sent: CPU=15.8%, Memory=66.3%, Storage=75.4%, Tasks=0
2026/04/10 14:01:58 Heartbeat sent: CPU=19.9%, Memory=66.6%, Storage=75.4%, Tasks=0
2026/04/10 14:02:03 Heartbeat sent: CPU=17.7%, Memory=66.5%, Storage=75.4%, Tasks=0
2026/04/10 14:02:08 Heartbeat sent: CPU=18.1%, Memory=66.6%, Storage=75.4%, Tasks=0
2026/04/10 14:02:13 Heartbeat sent: CPU=20.7%, Memory=66.7%, Storage=75.4%, Tasks=0
2026/04/10 14:02:18 Heartbeat sent: CPU=17.9%, Memory=66.6%, Storage=75.4%, Tasks=0
2026/04/10 14:02:23 Heartbeat sent: CPU=19.9%, Memory=66.5%, Storage=75.4%, Tasks=0
2026/04/10 14:02:28 Heartbeat sent: CPU=16.5%, Memory=65.6%, Storage=75.4%, Tasks=0
2026/04/10 14:02:33 Heartbeat sent: CPU=23.8%, Memory=66.6%, Storage=75.4%, Tasks=0
2026/04/10 14:02:38 Heartbeat sent: CPU=16.6%, Memory=66.7%, Storage=75.4%, Tasks=0
2026/04/10 14:02:43 Heartbeat sent: CPU=21.4%, Memory=67.3%, Storage=75.4%, Tasks=0
2026/04/10 14:02:48 Heartbeat sent: CPU=14.4%, Memory=67.7%, Storage=75.4%, Tasks=0
2026/04/10 14:02:53 Heartbeat sent: CPU=16.6%, Memory=67.7%, Storage=75.4%, Tasks=0
2026/04/10 14:02:58 Heartbeat sent: CPU=23.9%, Memory=67.7%, Storage=75.4%, Tasks=0
2026/04/10 14:03:03 Heartbeat sent: CPU=13.9%, Memory=67.8%, Storage=75.4%, Tasks=0
2026/04/10 14:03:08 Heartbeat sent: CPU=17.3%, Memory=67.5%, Storage=75.4%, Tasks=0
2026/04/10 14:03:13 Heartbeat sent: CPU=29.0%, Memory=67.9%, Storage=75.4%, Tasks=0
2026/04/10 14:03:18 Heartbeat sent: CPU=18.5%, Memory=68.1%, Storage=75.4%, Tasks=0
2026/04/10 14:03:23 Heartbeat sent: CPU=20.4%, Memory=68.0%, Storage=75.4%, Tasks=0
2026/04/10 14:03:28 Heartbeat sent: CPU=16.6%, Memory=67.7%, Storage=75.4%, Tasks=0
2026/04/10 14:03:33 Heartbeat sent: CPU=32.3%, Memory=67.6%, Storage=75.4%, Tasks=0
2026/04/10 14:03:38 Heartbeat sent: CPU=17.5%, Memory=67.1%, Storage=75.4%, Tasks=0
2026/04/10 14:03:43 Heartbeat sent: CPU=14.8%, Memory=65.1%, Storage=75.4%, Tasks=0
2026/04/10 14:03:48 Heartbeat sent: CPU=19.5%, Memory=66.9%, Storage=75.4%, Tasks=0
2026/04/10 14:03:53 Heartbeat sent: CPU=29.4%, Memory=68.3%, Storage=75.4%, Tasks=0
2026/04/10 14:03:58 Heartbeat sent: CPU=43.7%, Memory=71.0%, Storage=75.4%, Tasks=0
2026/04/10 14:04:03 Heartbeat sent: CPU=22.8%, Memory=68.2%, Storage=75.4%, Tasks=0
2026/04/10 14:04:08 Heartbeat sent: CPU=18.7%, Memory=66.7%, Storage=75.4%, Tasks=0
2026/04/10 14:04:13 Heartbeat sent: CPU=19.8%, Memory=66.4%, Storage=75.4%, Tasks=0
2026/04/10 14:04:18 Heartbeat sent: CPU=24.9%, Memory=66.2%, Storage=75.4%, Tasks=0
2026/04/10 14:04:23 Heartbeat sent: CPU=26.1%, Memory=70.3%, Storage=75.4%, Tasks=0
2026/04/10 14:04:28 Heartbeat sent: CPU=22.8%, Memory=67.7%, Storage=75.4%, Tasks=0
2026/04/10 14:04:33 Heartbeat sent: CPU=33.1%, Memory=70.3%, Storage=75.4%, Tasks=0
2026/04/10 14:04:38 Heartbeat sent: CPU=16.7%, Memory=66.6%, Storage=75.4%, Tasks=0
2026/04/10 14:04:43 Heartbeat sent: CPU=19.6%, Memory=66.2%, Storage=75.4%, Tasks=0
2026/04/10 14:04:48 Heartbeat sent: CPU=22.2%, Memory=67.5%, Storage=75.4%, Tasks=0
2026/04/10 14:04:53 Heartbeat sent: CPU=28.3%, Memory=68.1%, Storage=75.4%, Tasks=0
2026/04/10 14:04:58 Heartbeat sent: CPU=21.5%, Memory=67.1%, Storage=75.4%, Tasks=0
2026/04/10 14:05:03 Heartbeat sent: CPU=28.1%, Memory=66.9%, Storage=75.4%, Tasks=0
2026/04/10 14:05:08 Heartbeat sent: CPU=26.9%, Memory=68.7%, Storage=75.4%, Tasks=0
2026/04/10 14:05:13 Heartbeat sent: CPU=28.8%, Memory=68.2%, Storage=75.4%, Tasks=0
2026/04/10 14:05:18 Heartbeat sent: CPU=25.1%, Memory=67.7%, Storage=75.4%, Tasks=0
2026/04/10 14:05:23 Heartbeat sent: CPU=21.5%, Memory=67.0%, Storage=75.4%, Tasks=0
2026/04/10 14:05:28 Heartbeat sent: CPU=21.2%, Memory=67.2%, Storage=75.4%, Tasks=0
2026/04/10 14:05:33 Heartbeat sent: CPU=21.4%, Memory=67.1%, Storage=75.4%, Tasks=0
2026/04/10 14:05:38 Heartbeat sent: CPU=24.4%, Memory=67.8%, Storage=75.4%, Tasks=0
2026/04/10 14:05:43 Heartbeat sent: CPU=22.1%, Memory=67.2%, Storage=75.4%, Tasks=0
2026/04/10 14:05:48 Heartbeat sent: CPU=27.7%, Memory=67.5%, Storage=75.4%, Tasks=0
2026/04/10 14:05:53 Heartbeat sent: CPU=23.3%, Memory=67.1%, Storage=75.4%, Tasks=0
2026/04/10 14:05:58 Heartbeat sent: CPU=23.9%, Memory=67.4%, Storage=75.4%, Tasks=0
2026/04/10 14:06:03 Heartbeat sent: CPU=22.1%, Memory=67.3%, Storage=75.4%, Tasks=0
2026/04/10 14:06:08 Heartbeat sent: CPU=22.5%, Memory=67.2%, Storage=75.4%, Tasks=0
2026/04/10 14:06:13 Heartbeat sent: CPU=21.6%, Memory=67.3%, Storage=75.4%, Tasks=0
2026/04/10 14:06:18 Heartbeat sent: CPU=22.5%, Memory=67.2%, Storage=75.4%, Tasks=0
2026/04/10 14:06:23 Heartbeat sent: CPU=24.3%, Memory=67.3%, Storage=75.4%, Tasks=0
2026/04/10 14:06:28 Heartbeat sent: CPU=23.4%, Memory=67.4%, Storage=75.4%, Tasks=0
2026/04/10 14:06:33 Heartbeat sent: CPU=23.8%, Memory=67.6%, Storage=75.4%, Tasks=0
2026/04/10 14:06:38 Heartbeat sent: CPU=22.9%, Memory=67.8%, Storage=75.4%, Tasks=0
2026/04/10 14:06:43 Heartbeat sent: CPU=20.1%, Memory=67.3%, Storage=75.4%, Tasks=0
2026/04/10 14:06:48 Heartbeat sent: CPU=21.8%, Memory=66.5%, Storage=75.4%, Tasks=0
2026/04/10 14:06:53 Heartbeat sent: CPU=16.6%, Memory=65.7%, Storage=75.4%, Tasks=0
2026/04/10 14:06:58 Heartbeat sent: CPU=17.1%, Memory=67.3%, Storage=75.4%, Tasks=0
2026/04/10 14:07:03 Heartbeat sent: CPU=11.4%, Memory=66.9%, Storage=75.4%, Tasks=0
2026/04/10 14:07:08 Heartbeat sent: CPU=15.9%, Memory=67.0%, Storage=75.4%, Tasks=0
2026/04/10 14:07:13 Heartbeat sent: CPU=12.3%, Memory=67.2%, Storage=75.4%, Tasks=0
2026/04/10 14:07:18 Heartbeat sent: CPU=20.6%, Memory=68.1%, Storage=75.4%, Tasks=0
2026/04/10 14:07:23 Heartbeat sent: CPU=20.9%, Memory=66.4%, Storage=75.4%, Tasks=0
2026/04/10 14:07:28 Heartbeat sent: CPU=13.1%, Memory=66.9%, Storage=75.4%, Tasks=0
2026/04/10 14:07:33 Heartbeat sent: CPU=20.0%, Memory=66.9%, Storage=75.4%, Tasks=0
2026/04/10 14:07:38 Heartbeat sent: CPU=9.7%, Memory=66.9%, Storage=75.4%, Tasks=0
2026/04/10 14:07:43 Heartbeat sent: CPU=9.0%, Memory=66.1%, Storage=75.4%, Tasks=0
2026/04/10 14:07:48 Heartbeat sent: CPU=16.2%, Memory=67.2%, Storage=75.4%, Tasks=0
2026/04/10 14:07:53 Heartbeat sent: CPU=14.5%, Memory=66.9%, Storage=75.4%, Tasks=0
2026/04/10 14:07:58 Heartbeat sent: CPU=11.1%, Memory=66.7%, Storage=75.4%, Tasks=0
2026/04/10 14:08:03 Heartbeat sent: CPU=11.9%, Memory=66.8%, Storage=75.4%, Tasks=0
2026/04/10 14:08:08 Heartbeat sent: CPU=16.8%, Memory=66.9%, Storage=75.4%, Tasks=0
2026/04/10 14:08:13 Heartbeat sent: CPU=16.2%, Memory=68.1%, Storage=75.4%, Tasks=0
2026/04/10 14:08:18 Heartbeat sent: CPU=13.0%, Memory=65.7%, Storage=75.4%, Tasks=0
2026/04/10 14:08:23 Heartbeat sent: CPU=8.2%, Memory=65.2%, Storage=75.4%, Tasks=0
2026/04/10 14:08:28 Heartbeat sent: CPU=10.0%, Memory=65.7%, Storage=75.4%, Tasks=0
2026/04/10 14:08:33 Heartbeat sent: CPU=14.7%, Memory=65.7%, Storage=75.4%, Tasks=0
2026/04/10 14:08:38 Heartbeat sent: CPU=9.4%, Memory=65.9%, Storage=75.4%, Tasks=0
2026/04/10 14:08:43 Heartbeat sent: CPU=12.7%, Memory=66.2%, Storage=75.4%, Tasks=0
2026/04/10 14:08:48 Heartbeat sent: CPU=12.2%, Memory=66.0%, Storage=75.4%, Tasks=0
2026/04/10 14:08:53 Heartbeat sent: CPU=13.6%, Memory=66.2%, Storage=75.4%, Tasks=0
2026/04/10 14:08:58 Heartbeat sent: CPU=11.8%, Memory=66.3%, Storage=75.4%, Tasks=0
2026/04/10 14:09:03 Heartbeat sent: CPU=9.0%, Memory=66.2%, Storage=75.4%, Tasks=0
2026/04/10 14:09:08 Heartbeat sent: CPU=18.3%, Memory=66.1%, Storage=75.4%, Tasks=0
2026/04/10 14:09:13 Heartbeat sent: CPU=13.4%, Memory=67.0%, Storage=75.4%, Tasks=0
2026/04/10 14:09:18 Heartbeat sent: CPU=9.4%, Memory=66.6%, Storage=75.4%, Tasks=0
2026/04/10 14:09:23 Heartbeat sent: CPU=8.3%, Memory=66.2%, Storage=75.4%, Tasks=0
2026/04/10 14:09:28 Heartbeat sent: CPU=10.4%, Memory=66.4%, Storage=75.4%, Tasks=0
2026/04/10 14:09:33 Heartbeat sent: CPU=11.8%, Memory=65.5%, Storage=75.4%, Tasks=0
2026/04/10 14:09:38 Heartbeat sent: CPU=14.4%, Memory=68.3%, Storage=75.4%, Tasks=0
2026/04/10 14:09:43 Heartbeat sent: CPU=15.7%, Memory=67.4%, Storage=75.4%, Tasks=0
2026/04/10 14:09:48 Heartbeat sent: CPU=10.0%, Memory=65.1%, Storage=75.4%, Tasks=0
2026/04/10 14:09:53 Heartbeat sent: CPU=9.1%, Memory=64.6%, Storage=75.4%, Tasks=0
2026/04/10 14:09:58 Heartbeat sent: CPU=20.4%, Memory=66.3%, Storage=75.4%, Tasks=0
2026/04/10 14:10:03 Heartbeat sent: CPU=12.9%, Memory=66.8%, Storage=75.4%, Tasks=0
2026/04/10 14:10:08 Heartbeat sent: CPU=22.2%, Memory=67.2%, Storage=75.4%, Tasks=0
2026/04/10 14:10:13 Heartbeat sent: CPU=11.1%, Memory=68.2%, Storage=75.4%, Tasks=0
2026/04/10 14:10:18 Heartbeat sent: CPU=17.0%, Memory=68.2%, Storage=75.4%, Tasks=0
2026/04/10 14:10:23 Heartbeat sent: CPU=27.4%, Memory=68.3%, Storage=75.4%, Tasks=0
2026/04/10 14:10:28 Heartbeat sent: CPU=23.4%, Memory=68.1%, Storage=75.4%, Tasks=0
2026/04/10 14:10:33 Heartbeat sent: CPU=20.9%, Memory=70.3%, Storage=75.4%, Tasks=0
2026/04/10 14:10:38 Heartbeat sent: CPU=15.2%, Memory=68.6%, Storage=75.4%, Tasks=0
2026/04/10 14:10:43 Heartbeat sent: CPU=21.2%, Memory=67.8%, Storage=75.4%, Tasks=0
2026/04/10 14:10:48 Heartbeat sent: CPU=21.8%, Memory=67.5%, Storage=75.4%, Tasks=0
2026/04/10 14:10:53 Heartbeat sent: CPU=18.3%, Memory=67.9%, Storage=75.4%, Tasks=0
2026/04/10 14:10:58 Heartbeat sent: CPU=16.4%, Memory=68.0%, Storage=75.4%, Tasks=0
2026/04/10 14:11:03 Heartbeat sent: CPU=22.9%, Memory=67.2%, Storage=75.4%, Tasks=0
2026/04/10 14:11:08 Heartbeat sent: CPU=24.3%, Memory=67.6%, Storage=75.4%, Tasks=0
2026/04/10 14:11:13 Heartbeat sent: CPU=30.3%, Memory=71.3%, Storage=75.4%, Tasks=0
2026/04/10 14:11:18 Heartbeat sent: CPU=16.5%, Memory=68.7%, Storage=75.4%, Tasks=0
2026/04/10 14:11:23 Heartbeat sent: CPU=21.1%, Memory=68.9%, Storage=75.4%, Tasks=0
2026/04/10 14:11:28 Heartbeat sent: CPU=15.2%, Memory=67.4%, Storage=75.4%, Tasks=0
2026/04/10 14:11:33 Heartbeat sent: CPU=18.5%, Memory=66.7%, Storage=75.4%, Tasks=0
2026/04/10 14:11:38 Heartbeat sent: CPU=24.7%, Memory=70.0%, Storage=75.4%, Tasks=0
2026/04/10 14:11:43 Heartbeat sent: CPU=18.5%, Memory=66.7%, Storage=75.4%, Tasks=0
2026/04/10 14:11:48 Heartbeat sent: CPU=19.6%, Memory=65.2%, Storage=75.4%, Tasks=0
2026/04/10 14:11:53 Heartbeat sent: CPU=18.8%, Memory=64.8%, Storage=75.4%, Tasks=0
2026/04/10 14:11:58 Heartbeat sent: CPU=19.1%, Memory=64.6%, Storage=75.4%, Tasks=0
2026/04/10 14:12:03 Heartbeat sent: CPU=15.7%, Memory=65.4%, Storage=75.4%, Tasks=0
2026/04/10 14:12:08 Heartbeat sent: CPU=16.4%, Memory=65.3%, Storage=75.4%, Tasks=0
2026/04/10 14:12:13 Heartbeat sent: CPU=15.2%, Memory=65.4%, Storage=75.4%, Tasks=0
2026/04/10 14:12:18 Heartbeat sent: CPU=20.4%, Memory=67.9%, Storage=75.4%, Tasks=0
2026/04/10 14:12:23 Heartbeat sent: CPU=14.2%, Memory=67.4%, Storage=75.4%, Tasks=0
2026/04/10 14:12:28 Heartbeat sent: CPU=19.6%, Memory=65.7%, Storage=75.4%, Tasks=0
2026/04/10 14:12:33 Heartbeat sent: CPU=19.8%, Memory=68.2%, Storage=75.4%, Tasks=0
2026/04/10 14:12:38 Heartbeat sent: CPU=17.8%, Memory=64.3%, Storage=75.4%, Tasks=0
2026/04/10 14:12:43 Heartbeat sent: CPU=14.3%, Memory=63.5%, Storage=75.4%, Tasks=0
2026/04/10 14:12:48 Heartbeat sent: CPU=15.7%, Memory=63.2%, Storage=75.4%, Tasks=0
2026/04/10 14:12:53 Heartbeat sent: CPU=15.1%, Memory=63.4%, Storage=75.4%, Tasks=0
2026/04/10 14:12:58 Heartbeat sent: CPU=16.4%, Memory=63.3%, Storage=75.4%, Tasks=0
2026/04/10 14:13:03 Heartbeat sent: CPU=15.7%, Memory=64.0%, Storage=75.4%, Tasks=0
2026/04/10 14:13:08 Heartbeat sent: CPU=15.0%, Memory=63.9%, Storage=75.4%, Tasks=0
2026/04/10 14:13:13 Heartbeat sent: CPU=17.6%, Memory=65.3%, Storage=75.4%, Tasks=0
2026/04/10 14:13:18 Heartbeat sent: CPU=17.4%, Memory=64.5%, Storage=75.4%, Tasks=0
2026/04/10 14:13:23 Heartbeat sent: CPU=17.5%, Memory=63.7%, Storage=75.4%, Tasks=0
2026/04/10 14:13:28 Heartbeat sent: CPU=23.0%, Memory=68.1%, Storage=75.4%, Tasks=0
2026/04/10 14:13:33 Heartbeat sent: CPU=32.9%, Memory=68.2%, Storage=75.4%, Tasks=0
2026/04/10 14:13:38 Heartbeat sent: CPU=22.9%, Memory=68.7%, Storage=75.4%, Tasks=0
2026/04/10 14:13:43 Heartbeat sent: CPU=24.6%, Memory=67.9%, Storage=75.4%, Tasks=0
2026/04/10 14:13:48 Heartbeat sent: CPU=19.7%, Memory=67.9%, Storage=75.4%, Tasks=0
2026/04/10 14:13:53 Heartbeat sent: CPU=17.9%, Memory=67.9%, Storage=75.4%, Tasks=0
2026/04/10 14:13:58 Heartbeat sent: CPU=14.3%, Memory=67.3%, Storage=75.4%, Tasks=0
2026/04/10 14:14:03 Heartbeat sent: CPU=14.7%, Memory=66.3%, Storage=75.4%, Tasks=0
2026/04/10 14:14:08 Heartbeat sent: CPU=14.2%, Memory=66.3%, Storage=75.4%, Tasks=0
2026/04/10 14:14:13 Heartbeat sent: CPU=13.1%, Memory=66.5%, Storage=75.4%, Tasks=0
2026/04/10 14:14:18 Heartbeat sent: CPU=12.1%, Memory=66.7%, Storage=75.4%, Tasks=0
2026/04/10 14:14:23 Heartbeat sent: CPU=10.9%, Memory=66.1%, Storage=75.4%, Tasks=0
2026/04/10 14:14:28 Heartbeat sent: CPU=16.1%, Memory=66.9%, Storage=75.4%, Tasks=0
2026/04/10 14:14:33 Heartbeat sent: CPU=13.2%, Memory=66.3%, Storage=75.4%, Tasks=0
2026/04/10 14:14:38 Heartbeat sent: CPU=14.9%, Memory=66.6%, Storage=75.4%, Tasks=0
2026/04/10 14:14:43 Heartbeat sent: CPU=15.2%, Memory=67.2%, Storage=75.4%, Tasks=0
2026/04/10 14:14:48 Heartbeat sent: CPU=16.7%, Memory=66.7%, Storage=75.4%, Tasks=0
2026/04/10 14:14:53 Heartbeat sent: CPU=13.1%, Memory=65.6%, Storage=75.4%, Tasks=0
2026/04/10 14:14:58 Heartbeat sent: CPU=13.6%, Memory=66.1%, Storage=75.4%, Tasks=0
2026/04/10 14:15:03 Heartbeat sent: CPU=15.6%, Memory=66.5%, Storage=75.4%, Tasks=0
2026/04/10 14:15:08 Heartbeat sent: CPU=11.4%, Memory=66.0%, Storage=75.4%, Tasks=0
2026/04/10 14:15:13 Heartbeat sent: CPU=14.0%, Memory=67.7%, Storage=75.4%, Tasks=0
2026/04/10 14:15:18 Heartbeat sent: CPU=12.9%, Memory=66.7%, Storage=75.4%, Tasks=0
2026/04/10 14:15:23 Heartbeat sent: CPU=15.5%, Memory=65.8%, Storage=75.4%, Tasks=0
2026/04/10 14:15:28 Heartbeat sent: CPU=12.9%, Memory=66.5%, Storage=75.4%, Tasks=0
2026/04/10 14:15:33 Heartbeat sent: CPU=20.3%, Memory=66.4%, Storage=75.4%, Tasks=0
2026/04/10 14:15:38 Heartbeat sent: CPU=17.7%, Memory=67.6%, Storage=75.4%, Tasks=0
2026/04/10 14:15:43 Heartbeat sent: CPU=26.0%, Memory=66.9%, Storage=75.4%, Tasks=0
2026/04/10 14:15:48 Heartbeat sent: CPU=25.8%, Memory=69.8%, Storage=75.4%, Tasks=0
2026/04/10 14:15:53 Heartbeat sent: CPU=28.0%, Memory=67.2%, Storage=75.4%, Tasks=0
2026/04/10 14:15:58 Heartbeat sent: CPU=21.1%, Memory=66.6%, Storage=75.4%, Tasks=0
2026/04/10 14:16:03 Heartbeat sent: CPU=16.7%, Memory=66.6%, Storage=75.4%, Tasks=0
2026/04/10 14:16:08 Heartbeat sent: CPU=17.0%, Memory=66.7%, Storage=75.4%, Tasks=0
2026/04/10 14:16:13 Heartbeat sent: CPU=16.8%, Memory=67.8%, Storage=75.4%, Tasks=0
2026/04/10 14:16:18 Heartbeat sent: CPU=21.9%, Memory=67.7%, Storage=75.4%, Tasks=0
2026/04/10 14:16:23 Heartbeat sent: CPU=15.0%, Memory=66.9%, Storage=75.4%, Tasks=0
2026/04/10 14:16:28 Heartbeat sent: CPU=11.8%, Memory=66.4%, Storage=75.4%, Tasks=0
2026/04/10 14:16:33 Heartbeat sent: CPU=20.0%, Memory=66.2%, Storage=75.4%, Tasks=0
2026/04/10 14:16:38 Heartbeat sent: CPU=15.2%, Memory=66.6%, Storage=75.4%, Tasks=0
2026/04/10 14:16:43 Heartbeat sent: CPU=12.5%, Memory=66.4%, Storage=75.4%, Tasks=0
2026/04/10 14:16:48 Heartbeat sent: CPU=18.3%, Memory=65.9%, Storage=75.4%, Tasks=0
2026/04/10 14:16:53 Heartbeat sent: CPU=19.2%, Memory=65.5%, Storage=75.4%, Tasks=0
2026/04/10 14:16:58 Heartbeat sent: CPU=20.1%, Memory=65.2%, Storage=75.4%, Tasks=0
2026/04/10 14:17:03 Heartbeat sent: CPU=19.0%, Memory=65.3%, Storage=75.4%, Tasks=0
2026/04/10 14:17:08 Heartbeat sent: CPU=19.3%, Memory=66.2%, Storage=75.4%, Tasks=0
2026/04/10 14:17:13 Heartbeat sent: CPU=17.9%, Memory=65.9%, Storage=75.4%, Tasks=0
2026/04/10 14:17:18 Heartbeat sent: CPU=15.9%, Memory=65.5%, Storage=75.4%, Tasks=0
2026/04/10 14:17:23 Heartbeat sent: CPU=12.2%, Memory=66.9%, Storage=75.4%, Tasks=0
2026/04/10 14:17:28 Heartbeat sent: CPU=13.4%, Memory=66.3%, Storage=75.4%, Tasks=0
2026/04/10 14:17:33 Heartbeat sent: CPU=11.9%, Memory=66.2%, Storage=75.4%, Tasks=0
2026/04/10 14:17:38 Heartbeat sent: CPU=17.2%, Memory=67.2%, Storage=75.4%, Tasks=0
2026/04/10 14:17:43 Heartbeat sent: CPU=12.0%, Memory=67.3%, Storage=75.4%, Tasks=0
2026/04/10 14:17:48 Heartbeat sent: CPU=22.4%, Memory=69.8%, Storage=75.4%, Tasks=0
2026/04/10 14:17:53 Heartbeat sent: CPU=16.9%, Memory=69.3%, Storage=75.4%, Tasks=0
2026/04/10 14:17:58 Heartbeat sent: CPU=20.4%, Memory=67.7%, Storage=75.4%, Tasks=0
2026/04/10 14:18:03 Heartbeat sent: CPU=18.5%, Memory=67.1%, Storage=75.4%, Tasks=0
2026/04/10 14:18:08 Heartbeat sent: CPU=16.1%, Memory=67.7%, Storage=75.4%, Tasks=0
2026/04/10 14:18:13 Heartbeat sent: CPU=16.0%, Memory=67.2%, Storage=75.4%, Tasks=0
2026/04/10 14:18:18 Heartbeat sent: CPU=12.4%, Memory=66.9%, Storage=75.4%, Tasks=0
2026/04/10 14:18:23 Heartbeat sent: CPU=18.1%, Memory=66.4%, Storage=75.4%, Tasks=0
2026/04/10 14:18:28 Heartbeat sent: CPU=11.3%, Memory=65.8%, Storage=75.4%, Tasks=0
2026/04/10 14:18:33 Heartbeat sent: CPU=23.1%, Memory=68.3%, Storage=75.4%, Tasks=0
2026/04/10 14:18:38 Heartbeat sent: CPU=19.0%, Memory=67.1%, Storage=75.4%, Tasks=0
2026/04/10 14:18:43 Heartbeat sent: CPU=14.1%, Memory=66.7%, Storage=75.4%, Tasks=0
2026/04/10 14:18:48 Heartbeat sent: CPU=15.7%, Memory=66.6%, Storage=75.4%, Tasks=0
2026/04/10 14:18:53 Heartbeat sent: CPU=18.8%, Memory=67.6%, Storage=75.4%, Tasks=0
2026/04/10 14:18:58 Heartbeat sent: CPU=33.0%, Memory=70.2%, Storage=75.4%, Tasks=0
2026/04/10 14:19:03 Heartbeat sent: CPU=14.8%, Memory=66.2%, Storage=75.4%, Tasks=0
2026/04/10 14:19:08 Heartbeat sent: CPU=21.6%, Memory=67.8%, Storage=75.4%, Tasks=0
2026/04/10 14:19:13 Heartbeat sent: CPU=13.0%, Memory=67.0%, Storage=75.4%, Tasks=0
2026/04/10 14:19:18 Heartbeat sent: CPU=17.1%, Memory=66.5%, Storage=75.4%, Tasks=0
2026/04/10 14:19:23 Heartbeat sent: CPU=28.7%, Memory=66.5%, Storage=75.4%, Tasks=0
2026/04/10 14:19:28 Heartbeat sent: CPU=17.6%, Memory=66.6%, Storage=75.4%, Tasks=0
2026/04/10 14:19:33 Heartbeat sent: CPU=13.5%, Memory=66.5%, Storage=75.4%, Tasks=0
2026/04/10 14:19:38 Heartbeat sent: CPU=18.1%, Memory=67.8%, Storage=75.4%, Tasks=0
2026/04/10 14:19:43 Heartbeat sent: CPU=12.0%, Memory=67.9%, Storage=75.4%, Tasks=0
2026/04/10 14:19:48 Heartbeat sent: CPU=10.7%, Memory=66.4%, Storage=75.4%, Tasks=0
2026/04/10 14:19:53 Heartbeat sent: CPU=14.9%, Memory=65.9%, Storage=75.4%, Tasks=0
2026/04/10 14:19:58 Heartbeat sent: CPU=12.9%, Memory=65.8%, Storage=75.4%, Tasks=0
2026/04/10 14:20:03 Heartbeat sent: CPU=22.5%, Memory=66.3%, Storage=75.4%, Tasks=0
2026/04/10 14:20:08 Heartbeat sent: CPU=21.0%, Memory=65.4%, Storage=75.4%, Tasks=0
2026/04/10 14:20:13 Heartbeat sent: CPU=20.8%, Memory=66.1%, Storage=75.4%, Tasks=0
2026/04/10 14:20:18 Heartbeat sent: CPU=16.9%, Memory=65.8%, Storage=75.4%, Tasks=0
2026/04/10 14:20:23 Heartbeat sent: CPU=18.0%, Memory=67.6%, Storage=75.4%, Tasks=0
2026/04/10 14:20:28 Heartbeat sent: CPU=30.6%, Memory=67.8%, Storage=75.4%, Tasks=0
2026/04/10 14:20:33 Heartbeat sent: CPU=19.5%, Memory=67.5%, Storage=75.4%, Tasks=0
2026/04/10 14:20:38 Heartbeat sent: CPU=18.2%, Memory=67.3%, Storage=75.4%, Tasks=0
2026/04/10 14:20:43 Heartbeat sent: CPU=18.3%, Memory=67.1%, Storage=75.4%, Tasks=0
2026/04/10 14:20:48 Heartbeat sent: CPU=23.8%, Memory=67.6%, Storage=75.4%, Tasks=0
2026/04/10 14:20:53 Heartbeat sent: CPU=22.6%, Memory=66.5%, Storage=75.4%, Tasks=0
2026/04/10 14:20:58 Heartbeat sent: CPU=23.2%, Memory=67.7%, Storage=75.4%, Tasks=0
2026/04/10 14:21:03 Heartbeat sent: CPU=16.9%, Memory=67.3%, Storage=75.4%, Tasks=0
2026/04/10 14:21:08 Heartbeat sent: CPU=14.5%, Memory=67.4%, Storage=75.4%, Tasks=0
2026/04/10 14:21:13 Heartbeat sent: CPU=18.5%, Memory=67.6%, Storage=75.4%, Tasks=0
2026/04/10 14:21:18 Heartbeat sent: CPU=14.9%, Memory=66.3%, Storage=75.4%, Tasks=0
2026/04/10 14:21:23 Heartbeat sent: CPU=11.8%, Memory=66.1%, Storage=75.4%, Tasks=0
2026/04/10 14:21:28 Heartbeat sent: CPU=19.5%, Memory=67.3%, Storage=75.4%, Tasks=0
2026/04/10 14:21:33 Heartbeat sent: CPU=16.7%, Memory=66.7%, Storage=75.4%, Tasks=0
2026/04/10 14:21:38 Heartbeat sent: CPU=12.2%, Memory=66.5%, Storage=75.4%, Tasks=0
2026/04/10 14:21:43 Heartbeat sent: CPU=18.1%, Memory=66.8%, Storage=75.4%, Tasks=0
2026/04/10 14:21:48 Heartbeat sent: CPU=24.5%, Memory=67.4%, Storage=75.4%, Tasks=0
2026/04/10 14:21:53 Heartbeat sent: CPU=11.4%, Memory=64.7%, Storage=75.4%, Tasks=0
2026/04/10 14:21:58 Heartbeat sent: CPU=10.5%, Memory=64.3%, Storage=75.4%, Tasks=0
2026/04/10 14:22:03 Heartbeat sent: CPU=7.8%, Memory=64.5%, Storage=75.4%, Tasks=0
2026/04/10 14:22:08 Heartbeat sent: CPU=9.0%, Memory=64.4%, Storage=75.4%, Tasks=0
2026/04/10 14:22:13 Heartbeat sent: CPU=8.1%, Memory=64.9%, Storage=75.4%, Tasks=0
2026/04/10 14:22:18 Heartbeat sent: CPU=10.7%, Memory=64.5%, Storage=75.4%, Tasks=0
2026/04/10 14:22:23 Heartbeat sent: CPU=10.9%, Memory=65.4%, Storage=75.4%, Tasks=0
2026/04/10 14:22:28 Heartbeat sent: CPU=9.5%, Memory=64.5%, Storage=75.4%, Tasks=0
2026/04/10 14:22:33 Heartbeat sent: CPU=6.6%, Memory=64.2%, Storage=75.4%, Tasks=0
2026/04/10 14:22:38 Heartbeat sent: CPU=8.9%, Memory=64.2%, Storage=75.4%, Tasks=0
2026/04/10 14:22:43 Heartbeat sent: CPU=9.0%, Memory=64.4%, Storage=75.4%, Tasks=0
2026/04/10 14:22:48 Heartbeat sent: CPU=13.5%, Memory=65.7%, Storage=75.4%, Tasks=0
2026/04/10 14:22:53 Heartbeat sent: CPU=10.0%, Memory=63.0%, Storage=75.4%, Tasks=0
2026/04/10 14:22:58 Heartbeat sent: CPU=13.8%, Memory=62.0%, Storage=75.4%, Tasks=0
2026/04/10 14:23:03 Heartbeat sent: CPU=10.5%, Memory=62.2%, Storage=75.4%, Tasks=0
2026/04/10 14:23:08 Heartbeat sent: CPU=9.7%, Memory=62.1%, Storage=75.4%, Tasks=0
2026/04/10 14:23:13 Heartbeat sent: CPU=7.1%, Memory=62.6%, Storage=75.4%, Tasks=0
2026/04/10 14:23:18 Heartbeat sent: CPU=9.3%, Memory=63.0%, Storage=75.4%, Tasks=0
2026/04/10 14:23:23 Heartbeat sent: CPU=8.3%, Memory=62.7%, Storage=75.4%, Tasks=0
2026/04/10 14:23:28 Heartbeat sent: CPU=25.4%, Memory=66.9%, Storage=75.4%, Tasks=0
2026/04/10 14:23:33 Heartbeat sent: CPU=12.8%, Memory=65.2%, Storage=75.4%, Tasks=0
2026/04/10 14:23:38 Heartbeat sent: CPU=20.8%, Memory=64.0%, Storage=75.4%, Tasks=0
2026/04/10 14:23:43 Heartbeat sent: CPU=15.6%, Memory=64.0%, Storage=75.4%, Tasks=0
2026/04/10 14:23:48 Heartbeat sent: CPU=18.2%, Memory=64.8%, Storage=75.4%, Tasks=0
2026/04/10 14:23:53 Heartbeat sent: CPU=18.8%, Memory=63.9%, Storage=75.4%, Tasks=0
2026/04/10 14:23:58 Heartbeat sent: CPU=21.8%, Memory=64.0%, Storage=75.4%, Tasks=0
2026/04/10 14:24:03 Heartbeat sent: CPU=15.9%, Memory=64.3%, Storage=75.4%, Tasks=0
2026/04/10 14:24:08 Heartbeat sent: CPU=11.1%, Memory=63.9%, Storage=75.4%, Tasks=0
2026/04/10 14:24:13 Heartbeat sent: CPU=17.7%, Memory=64.1%, Storage=75.4%, Tasks=0
2026/04/10 14:24:18 Heartbeat sent: CPU=18.8%, Memory=64.1%, Storage=75.4%, Tasks=0
2026/04/10 14:24:23 Heartbeat sent: CPU=18.9%, Memory=64.2%, Storage=75.4%, Tasks=0
2026/04/10 14:24:28 Heartbeat sent: CPU=12.8%, Memory=64.1%, Storage=75.4%, Tasks=0
2026/04/10 14:24:33 Heartbeat sent: CPU=15.4%, Memory=63.6%, Storage=75.4%, Tasks=0
2026/04/10 14:24:38 Heartbeat sent: CPU=14.8%, Memory=64.2%, Storage=75.4%, Tasks=0
2026/04/10 14:24:43 Heartbeat sent: CPU=15.8%, Memory=64.2%, Storage=75.4%, Tasks=0
2026/04/10 14:24:48 Heartbeat sent: CPU=14.7%, Memory=64.4%, Storage=75.4%, Tasks=0
2026/04/10 14:24:53 Heartbeat sent: CPU=13.2%, Memory=64.3%, Storage=75.4%, Tasks=0
2026/04/10 14:24:58 Heartbeat sent: CPU=17.7%, Memory=64.1%, Storage=75.4%, Tasks=0
2026/04/10 14:25:03 Heartbeat sent: CPU=17.4%, Memory=65.9%, Storage=75.4%, Tasks=0
2026/04/10 14:25:08 Heartbeat sent: CPU=51.8%, Memory=66.5%, Storage=75.4%, Tasks=0
2026/04/10 14:25:13 Heartbeat sent: CPU=20.4%, Memory=67.0%, Storage=75.4%, Tasks=0
2026/04/10 14:25:18 Heartbeat sent: CPU=14.7%, Memory=65.0%, Storage=75.4%, Tasks=0
2026/04/10 14:25:23 Heartbeat sent: CPU=9.7%, Memory=63.9%, Storage=75.4%, Tasks=0
2026/04/10 14:25:28 Heartbeat sent: CPU=24.4%, Memory=64.8%, Storage=75.4%, Tasks=0
2026/04/10 14:25:33 Heartbeat sent: CPU=22.2%, Memory=64.6%, Storage=75.4%, Tasks=0
2026/04/10 14:25:38 Heartbeat sent: CPU=10.8%, Memory=64.7%, Storage=75.4%, Tasks=0
2026/04/10 14:25:43 Heartbeat sent: CPU=15.9%, Memory=64.5%, Storage=75.4%, Tasks=0
2026/04/10 14:25:48 Heartbeat sent: CPU=16.0%, Memory=64.9%, Storage=75.4%, Tasks=0
2026/04/10 14:25:53 Heartbeat sent: CPU=13.7%, Memory=65.4%, Storage=75.4%, Tasks=0
2026/04/10 14:25:58 Heartbeat sent: CPU=18.6%, Memory=65.1%, Storage=75.4%, Tasks=0
2026/04/10 14:26:03 Heartbeat sent: CPU=16.9%, Memory=66.1%, Storage=75.4%, Tasks=0
2026/04/10 14:26:08 Heartbeat sent: CPU=11.7%, Memory=65.0%, Storage=75.4%, Tasks=0
2026/04/10 14:26:13 Heartbeat sent: CPU=14.3%, Memory=64.4%, Storage=75.4%, Tasks=0
2026/04/10 14:26:18 Heartbeat sent: CPU=17.2%, Memory=65.8%, Storage=75.4%, Tasks=0
2026/04/10 14:26:23 Heartbeat sent: CPU=8.1%, Memory=64.5%, Storage=75.4%, Tasks=0
2026/04/10 14:26:28 Heartbeat sent: CPU=9.3%, Memory=65.7%, Storage=75.4%, Tasks=0
2026/04/10 14:26:33 Heartbeat sent: CPU=8.7%, Memory=63.7%, Storage=75.4%, Tasks=0
2026/04/10 14:26:38 Heartbeat sent: CPU=11.9%, Memory=63.4%, Storage=75.4%, Tasks=0
2026/04/10 14:26:43 Heartbeat sent: CPU=7.7%, Memory=63.0%, Storage=75.4%, Tasks=0
2026/04/10 14:26:48 Heartbeat sent: CPU=10.9%, Memory=63.4%, Storage=75.4%, Tasks=0
2026/04/10 14:26:53 Heartbeat sent: CPU=7.7%, Memory=63.3%, Storage=75.4%, Tasks=0
2026/04/10 14:26:58 Heartbeat sent: CPU=11.8%, Memory=62.9%, Storage=75.4%, Tasks=0
2026/04/10 14:27:03 Heartbeat sent: CPU=7.5%, Memory=63.0%, Storage=75.4%, Tasks=0
2026/04/10 14:27:08 Heartbeat sent: CPU=8.6%, Memory=62.8%, Storage=75.4%, Tasks=0
2026/04/10 14:27:13 Heartbeat sent: CPU=8.2%, Memory=62.6%, Storage=75.4%, Tasks=0
2026/04/10 14:27:18 Heartbeat sent: CPU=8.4%, Memory=63.0%, Storage=75.4%, Tasks=0
2026/04/10 14:27:23 Heartbeat sent: CPU=9.1%, Memory=62.7%, Storage=75.4%, Tasks=0
2026/04/10 14:27:28 Heartbeat sent: CPU=8.8%, Memory=63.6%, Storage=75.4%, Tasks=0
2026/04/10 14:27:33 Heartbeat sent: CPU=9.2%, Memory=63.4%, Storage=75.4%, Tasks=0
2026/04/10 14:27:38 Heartbeat sent: CPU=15.1%, Memory=66.6%, Storage=75.4%, Tasks=0
2026/04/10 14:27:43 Heartbeat sent: CPU=17.4%, Memory=65.4%, Storage=75.4%, Tasks=0
2026/04/10 14:27:48 Heartbeat sent: CPU=18.6%, Memory=65.8%, Storage=75.4%, Tasks=0
2026/04/10 14:27:53 Heartbeat sent: CPU=15.7%, Memory=64.6%, Storage=75.4%, Tasks=0
2026/04/10 14:27:58 Heartbeat sent: CPU=11.8%, Memory=63.9%, Storage=75.4%, Tasks=0
2026/04/10 14:28:03 Heartbeat sent: CPU=17.1%, Memory=64.7%, Storage=75.4%, Tasks=0
2026/04/10 14:28:08 Heartbeat sent: CPU=12.8%, Memory=64.6%, Storage=75.4%, Tasks=0
2026/04/10 14:28:13 Heartbeat sent: CPU=17.0%, Memory=65.6%, Storage=75.4%, Tasks=0
2026/04/10 14:28:18 Heartbeat sent: CPU=10.6%, Memory=65.2%, Storage=75.4%, Tasks=0
2026/04/10 14:28:23 Heartbeat sent: CPU=11.4%, Memory=65.1%, Storage=75.4%, Tasks=0
2026/04/10 14:28:28 Heartbeat sent: CPU=14.3%, Memory=64.9%, Storage=75.4%, Tasks=0
2026/04/10 14:28:33 Heartbeat sent: CPU=15.7%, Memory=65.3%, Storage=75.4%, Tasks=0
2026/04/10 14:28:38 Heartbeat sent: CPU=16.1%, Memory=65.1%, Storage=75.4%, Tasks=0
2026/04/10 14:28:43 Heartbeat sent: CPU=24.3%, Memory=65.8%, Storage=75.4%, Tasks=0
2026/04/10 14:28:48 Heartbeat sent: CPU=19.0%, Memory=65.2%, Storage=75.4%, Tasks=0
2026/04/10 14:28:53 Heartbeat sent: CPU=13.6%, Memory=64.3%, Storage=75.4%, Tasks=0
2026/04/10 14:28:58 Heartbeat sent: CPU=12.6%, Memory=63.8%, Storage=75.4%, Tasks=0
2026/04/10 14:29:03 Heartbeat sent: CPU=11.4%, Memory=63.5%, Storage=75.4%, Tasks=0
2026/04/10 14:29:08 Heartbeat sent: CPU=15.9%, Memory=64.3%, Storage=75.4%, Tasks=0
2026/04/10 14:29:13 Heartbeat sent: CPU=11.4%, Memory=65.0%, Storage=75.4%, Tasks=0
2026/04/10 14:29:18 Heartbeat sent: CPU=19.8%, Memory=65.7%, Storage=75.4%, Tasks=0
2026/04/10 14:29:23 Heartbeat sent: CPU=21.4%, Memory=65.4%, Storage=75.4%, Tasks=0
2026/04/10 14:29:28 Heartbeat sent: CPU=17.9%, Memory=65.8%, Storage=75.4%, Tasks=0
2026/04/10 14:29:33 Heartbeat sent: CPU=17.7%, Memory=65.4%, Storage=75.4%, Tasks=0
2026/04/10 14:29:38 Heartbeat sent: CPU=19.1%, Memory=65.4%, Storage=75.4%, Tasks=0
2026/04/10 14:29:43 Heartbeat sent: CPU=13.0%, Memory=65.5%, Storage=75.4%, Tasks=0
2026/04/10 14:29:48 Heartbeat sent: CPU=11.4%, Memory=65.5%, Storage=75.4%, Tasks=0
2026/04/10 14:29:53 Heartbeat sent: CPU=24.0%, Memory=66.1%, Storage=75.4%, Tasks=0
2026/04/10 14:29:58 Heartbeat sent: CPU=19.1%, Memory=66.7%, Storage=75.4%, Tasks=0
2026/04/10 14:30:03 Heartbeat sent: CPU=18.7%, Memory=66.5%, Storage=75.4%, Tasks=0
2026/04/10 14:30:08 Heartbeat sent: CPU=18.5%, Memory=65.4%, Storage=75.4%, Tasks=0
2026/04/10 14:30:13 Heartbeat sent: CPU=10.9%, Memory=64.9%, Storage=75.4%, Tasks=0
2026/04/10 14:30:18 Heartbeat sent: CPU=9.0%, Memory=63.6%, Storage=75.4%, Tasks=0
2026/04/10 14:30:23 Heartbeat sent: CPU=9.1%, Memory=63.1%, Storage=75.4%, Tasks=0
2026/04/10 14:30:28 Heartbeat sent: CPU=8.9%, Memory=62.5%, Storage=75.4%, Tasks=0
2026/04/10 14:30:33 Heartbeat sent: CPU=14.9%, Memory=63.8%, Storage=75.4%, Tasks=0
2026/04/10 14:30:38 Heartbeat sent: CPU=17.3%, Memory=65.1%, Storage=75.4%, Tasks=0
2026/04/10 14:30:43 Heartbeat sent: CPU=9.4%, Memory=64.9%, Storage=75.4%, Tasks=0
2026/04/10 14:30:48 Heartbeat sent: CPU=10.3%, Memory=64.0%, Storage=75.4%, Tasks=0
2026/04/10 14:30:53 Heartbeat sent: CPU=8.5%, Memory=63.7%, Storage=75.4%, Tasks=0
2026/04/10 14:30:58 Heartbeat sent: CPU=14.5%, Memory=64.8%, Storage=75.4%, Tasks=0
2026/04/10 14:31:03 Heartbeat sent: CPU=11.8%, Memory=65.3%, Storage=75.4%, Tasks=0
2026/04/10 14:31:08 Heartbeat sent: CPU=25.8%, Memory=66.6%, Storage=75.4%, Tasks=0
2026/04/10 14:31:13 Heartbeat sent: CPU=21.0%, Memory=64.1%, Storage=75.4%, Tasks=0
2026/04/10 14:31:18 Heartbeat sent: CPU=10.0%, Memory=63.7%, Storage=75.4%, Tasks=0
2026/04/10 14:31:23 Heartbeat sent: CPU=13.8%, Memory=64.9%, Storage=75.4%, Tasks=0
2026/04/10 14:31:28 Heartbeat sent: CPU=10.2%, Memory=64.1%, Storage=75.4%, Tasks=0
2026/04/10 14:31:33 Heartbeat sent: CPU=9.1%, Memory=63.5%, Storage=75.4%, Tasks=0
2026/04/10 14:31:38 Heartbeat sent: CPU=11.2%, Memory=64.1%, Storage=75.4%, Tasks=0
2026/04/10 14:31:43 Heartbeat sent: CPU=9.0%, Memory=63.7%, Storage=75.4%, Tasks=0
2026/04/10 14:31:48 Heartbeat sent: CPU=9.0%, Memory=63.5%, Storage=75.4%, Tasks=0
2026/04/10 14:31:53 Heartbeat sent: CPU=12.0%, Memory=63.4%, Storage=75.4%, Tasks=0
2026/04/10 14:31:58 Heartbeat sent: CPU=12.8%, Memory=64.3%, Storage=75.4%, Tasks=0
2026/04/10 14:32:03 Heartbeat sent: CPU=17.6%, Memory=64.2%, Storage=75.4%, Tasks=0
2026/04/10 14:32:08 Heartbeat sent: CPU=18.6%, Memory=64.1%, Storage=75.4%, Tasks=0
2026/04/10 14:32:13 Heartbeat sent: CPU=18.2%, Memory=64.3%, Storage=75.4%, Tasks=0
2026/04/10 14:32:18 Heartbeat sent: CPU=16.3%, Memory=64.0%, Storage=75.4%, Tasks=0
2026/04/10 14:32:23 Heartbeat sent: CPU=16.3%, Memory=65.2%, Storage=75.4%, Tasks=0
2026/04/10 14:32:28 Heartbeat sent: CPU=16.8%, Memory=63.8%, Storage=75.4%, Tasks=0
2026/04/10 14:32:33 Heartbeat sent: CPU=15.7%, Memory=63.4%, Storage=75.4%, Tasks=0
2026/04/10 14:32:38 Heartbeat sent: CPU=16.2%, Memory=63.2%, Storage=75.4%, Tasks=0
2026/04/10 14:32:43 Heartbeat sent: CPU=15.4%, Memory=63.1%, Storage=75.4%, Tasks=0
2026/04/10 14:32:48 Heartbeat sent: CPU=17.6%, Memory=64.1%, Storage=75.4%, Tasks=0
2026/04/10 14:32:53 Heartbeat sent: CPU=15.6%, Memory=64.7%, Storage=75.4%, Tasks=0
2026/04/10 14:32:58 Heartbeat sent: CPU=17.5%, Memory=64.4%, Storage=75.4%, Tasks=0
2026/04/10 14:33:03 Heartbeat sent: CPU=36.2%, Memory=66.4%, Storage=75.4%, Tasks=0
2026/04/10 14:33:08 Heartbeat sent: CPU=19.2%, Memory=66.6%, Storage=75.4%, Tasks=0
2026/04/10 14:33:13 Heartbeat sent: CPU=14.5%, Memory=66.2%, Storage=75.4%, Tasks=0
2026/04/10 14:33:18 Heartbeat sent: CPU=20.6%, Memory=66.4%, Storage=75.4%, Tasks=0
2026/04/10 14:33:23 Heartbeat sent: CPU=16.6%, Memory=66.1%, Storage=75.4%, Tasks=0
2026/04/10 14:33:28 Heartbeat sent: CPU=18.1%, Memory=66.5%, Storage=75.4%, Tasks=0
2026/04/10 14:33:33 Heartbeat sent: CPU=14.1%, Memory=66.5%, Storage=75.4%, Tasks=0
2026/04/10 14:33:38 Heartbeat sent: CPU=13.5%, Memory=66.7%, Storage=75.4%, Tasks=0
2026/04/10 14:33:43 Heartbeat sent: CPU=13.5%, Memory=66.5%, Storage=75.4%, Tasks=0
2026/04/10 14:33:48 Heartbeat sent: CPU=16.4%, Memory=66.5%, Storage=75.4%, Tasks=0
2026/04/10 14:33:53 Heartbeat sent: CPU=14.8%, Memory=66.5%, Storage=75.4%, Tasks=0
2026/04/10 14:33:58 Heartbeat sent: CPU=20.0%, Memory=66.4%, Storage=75.4%, Tasks=0
2026/04/10 14:34:03 Heartbeat sent: CPU=19.0%, Memory=65.9%, Storage=75.4%, Tasks=0
2026/04/10 14:34:08 Heartbeat sent: CPU=17.1%, Memory=65.9%, Storage=75.4%, Tasks=0
2026/04/10 14:34:13 Heartbeat sent: CPU=15.3%, Memory=65.7%, Storage=75.4%, Tasks=0
2026/04/10 14:34:18 Heartbeat sent: CPU=16.9%, Memory=65.5%, Storage=75.4%, Tasks=0
2026/04/10 14:34:23 Heartbeat sent: CPU=17.4%, Memory=65.3%, Storage=75.4%, Tasks=0
2026/04/10 14:34:28 Heartbeat sent: CPU=11.2%, Memory=65.8%, Storage=75.4%, Tasks=0
2026/04/10 14:34:33 Heartbeat sent: CPU=26.0%, Memory=66.7%, Storage=75.4%, Tasks=0
2026/04/10 14:34:38 Heartbeat sent: CPU=15.1%, Memory=65.8%, Storage=75.4%, Tasks=0
2026/04/10 14:34:43 Heartbeat sent: CPU=18.8%, Memory=66.7%, Storage=75.4%, Tasks=0
2026/04/10 14:34:48 Heartbeat sent: CPU=13.2%, Memory=65.9%, Storage=75.4%, Tasks=0
2026/04/10 14:34:53 Heartbeat sent: CPU=13.4%, Memory=65.4%, Storage=75.4%, Tasks=0
2026/04/10 14:34:58 Heartbeat sent: CPU=17.6%, Memory=65.6%, Storage=75.4%, Tasks=0
2026/04/10 14:35:03 Heartbeat sent: CPU=19.4%, Memory=68.3%, Storage=75.4%, Tasks=0
2026/04/10 14:35:08 Heartbeat sent: CPU=14.5%, Memory=65.1%, Storage=75.4%, Tasks=0
2026/04/10 14:35:13 Heartbeat sent: CPU=15.1%, Memory=64.4%, Storage=75.4%, Tasks=0
2026/04/10 14:35:18 Heartbeat sent: CPU=10.5%, Memory=63.2%, Storage=75.4%, Tasks=0
2026/04/10 14:35:23 Heartbeat sent: CPU=9.3%, Memory=62.9%, Storage=75.4%, Tasks=0
2026/04/10 14:35:28 Heartbeat sent: CPU=11.1%, Memory=62.8%, Storage=75.4%, Tasks=0
2026/04/10 14:35:33 Heartbeat sent: CPU=10.4%, Memory=62.8%, Storage=75.4%, Tasks=0
2026/04/10 14:35:38 Heartbeat sent: CPU=8.5%, Memory=62.8%, Storage=75.4%, Tasks=0
2026/04/10 14:35:43 Heartbeat sent: CPU=9.2%, Memory=62.8%, Storage=75.4%, Tasks=0
2026/04/10 14:35:48 Heartbeat sent: CPU=9.2%, Memory=62.8%, Storage=75.4%, Tasks=0
2026/04/10 14:35:53 Heartbeat sent: CPU=10.6%, Memory=62.8%, Storage=75.4%, Tasks=0
2026/04/10 14:35:58 Heartbeat sent: CPU=11.9%, Memory=63.7%, Storage=75.4%, Tasks=0
2026/04/10 14:36:03 Heartbeat sent: CPU=10.8%, Memory=63.2%, Storage=75.4%, Tasks=0
2026/04/10 14:36:08 Heartbeat sent: CPU=8.9%, Memory=62.9%, Storage=75.4%, Tasks=0
2026/04/10 14:36:13 Heartbeat sent: CPU=9.0%, Memory=63.3%, Storage=75.4%, Tasks=0
2026/04/10 14:36:18 Heartbeat sent: CPU=7.7%, Memory=62.9%, Storage=75.4%, Tasks=0
2026/04/10 14:36:23 Heartbeat sent: CPU=7.9%, Memory=62.7%, Storage=75.4%, Tasks=0
2026/04/10 14:36:28 Heartbeat sent: CPU=8.2%, Memory=62.7%, Storage=75.4%, Tasks=0
2026/04/10 14:36:33 Heartbeat sent: CPU=10.1%, Memory=62.8%, Storage=75.4%, Tasks=0
2026/04/10 14:36:38 Heartbeat sent: CPU=9.1%, Memory=62.9%, Storage=75.4%, Tasks=0
2026/04/10 14:36:43 Heartbeat sent: CPU=9.4%, Memory=62.8%, Storage=75.4%, Tasks=0
2026/04/10 14:36:48 Heartbeat sent: CPU=8.9%, Memory=62.8%, Storage=75.4%, Tasks=0
2026/04/10 14:36:53 Heartbeat sent: CPU=9.2%, Memory=62.7%, Storage=75.4%, Tasks=0
2026/04/10 14:36:58 Heartbeat sent: CPU=10.6%, Memory=62.8%, Storage=75.4%, Tasks=0
2026/04/10 14:37:03 Heartbeat sent: CPU=8.5%, Memory=62.7%, Storage=75.4%, Tasks=0
2026/04/10 14:37:08 Heartbeat sent: CPU=9.6%, Memory=62.8%, Storage=75.4%, Tasks=0
2026/04/10 14:37:13 Heartbeat sent: CPU=9.6%, Memory=62.8%, Storage=75.4%, Tasks=0
2026/04/10 14:37:18 Heartbeat sent: CPU=8.6%, Memory=63.5%, Storage=75.4%, Tasks=0
2026/04/10 14:37:23 Heartbeat sent: CPU=9.2%, Memory=63.1%, Storage=75.4%, Tasks=0
2026/04/10 14:37:28 Heartbeat sent: CPU=9.1%, Memory=63.1%, Storage=75.4%, Tasks=0
2026/04/10 14:37:33 Heartbeat sent: CPU=28.1%, Memory=66.1%, Storage=75.4%, Tasks=0
2026/04/10 14:37:38 Heartbeat sent: CPU=8.7%, Memory=66.7%, Storage=75.4%, Tasks=0
2026/04/10 14:37:43 Heartbeat sent: CPU=8.7%, Memory=66.7%, Storage=75.4%, Tasks=0
2026/04/10 14:37:48 Heartbeat sent: CPU=7.5%, Memory=66.7%, Storage=75.4%, Tasks=0
2026/04/10 14:37:53 Heartbeat sent: CPU=8.4%, Memory=66.6%, Storage=75.4%, Tasks=0
2026/04/10 14:37:58 Heartbeat sent: CPU=10.7%, Memory=66.5%, Storage=75.4%, Tasks=0
2026/04/10 14:38:03 Heartbeat sent: CPU=7.9%, Memory=66.3%, Storage=75.4%, Tasks=0
2026/04/10 14:38:08 Heartbeat sent: CPU=12.6%, Memory=66.4%, Storage=75.4%, Tasks=0
2026/04/10 14:38:13 Heartbeat sent: CPU=8.5%, Memory=66.5%, Storage=75.4%, Tasks=0
2026/04/10 14:38:18 Heartbeat sent: CPU=9.5%, Memory=66.5%, Storage=75.4%, Tasks=0
2026/04/10 14:38:23 Heartbeat sent: CPU=8.8%, Memory=66.4%, Storage=75.4%, Tasks=0
2026/04/10 14:38:28 Heartbeat sent: CPU=8.3%, Memory=66.5%, Storage=75.4%, Tasks=0
2026/04/10 14:38:33 Heartbeat sent: CPU=9.5%, Memory=66.7%, Storage=75.4%, Tasks=0
2026/04/10 14:38:38 Heartbeat sent: CPU=17.7%, Memory=64.4%, Storage=75.4%, Tasks=0
2026/04/10 14:38:43 Heartbeat sent: CPU=38.4%, Memory=65.3%, Storage=75.4%, Tasks=0
2026/04/10 14:38:48 Heartbeat sent: CPU=12.5%, Memory=64.8%, Storage=75.4%, Tasks=0
2026/04/10 14:38:53 Heartbeat sent: CPU=12.0%, Memory=64.7%, Storage=75.4%, Tasks=0
2026/04/10 14:38:58 Heartbeat sent: CPU=12.4%, Memory=65.1%, Storage=75.4%, Tasks=0
2026/04/10 14:39:03 Heartbeat sent: CPU=18.0%, Memory=64.2%, Storage=75.4%, Tasks=0
2026/04/10 14:39:08 Heartbeat sent: CPU=10.0%, Memory=64.2%, Storage=75.4%, Tasks=0
2026/04/10 14:39:13 Heartbeat sent: CPU=9.1%, Memory=65.4%, Storage=75.4%, Tasks=0
2026/04/10 14:39:18 Heartbeat sent: CPU=11.1%, Memory=65.4%, Storage=75.4%, Tasks=0
2026/04/10 14:39:23 Heartbeat sent: CPU=9.1%, Memory=64.8%, Storage=75.4%, Tasks=0
2026/04/10 14:39:28 Heartbeat sent: CPU=9.7%, Memory=64.5%, Storage=75.4%, Tasks=0
2026/04/10 14:39:33 Heartbeat sent: CPU=12.8%, Memory=64.4%, Storage=75.4%, Tasks=0
2026/04/10 14:39:38 Heartbeat sent: CPU=10.2%, Memory=66.2%, Storage=75.4%, Tasks=0
2026/04/10 14:39:43 Heartbeat sent: CPU=16.0%, Memory=66.6%, Storage=75.4%, Tasks=0
2026/04/10 14:39:48 Heartbeat sent: CPU=10.7%, Memory=65.4%, Storage=75.4%, Tasks=0
2026/04/10 14:39:53 Heartbeat sent: CPU=11.1%, Memory=65.1%, Storage=75.4%, Tasks=0
2026/04/10 14:39:58 Heartbeat sent: CPU=12.3%, Memory=64.8%, Storage=75.4%, Tasks=0
2026/04/10 14:40:03 Heartbeat sent: CPU=10.2%, Memory=64.8%, Storage=75.4%, Tasks=0
2026/04/10 14:40:08 Heartbeat sent: CPU=19.3%, Memory=66.3%, Storage=75.4%, Tasks=0
2026/04/10 14:40:13 Heartbeat sent: CPU=18.9%, Memory=67.8%, Storage=75.4%, Tasks=0
2026/04/10 14:40:18 Heartbeat sent: CPU=21.0%, Memory=68.4%, Storage=75.4%, Tasks=0
2026/04/10 14:40:23 Heartbeat sent: CPU=13.9%, Memory=66.5%, Storage=75.4%, Tasks=0
2026/04/10 14:40:28 Heartbeat sent: CPU=12.4%, Memory=65.3%, Storage=75.4%, Tasks=0
2026/04/10 14:40:33 Heartbeat sent: CPU=18.8%, Memory=66.2%, Storage=75.4%, Tasks=0
2026/04/10 14:40:38 Heartbeat sent: CPU=15.2%, Memory=66.1%, Storage=75.4%, Tasks=0
2026/04/10 14:40:43 Heartbeat sent: CPU=16.9%, Memory=66.3%, Storage=75.4%, Tasks=0
2026/04/10 14:40:48 Heartbeat sent: CPU=21.8%, Memory=66.6%, Storage=75.4%, Tasks=0
2026/04/10 14:40:53 Heartbeat sent: CPU=21.8%, Memory=66.5%, Storage=75.4%, Tasks=0
2026/04/10 14:40:58 Heartbeat sent: CPU=17.9%, Memory=66.4%, Storage=75.4%, Tasks=0
2026/04/10 14:41:03 Heartbeat sent: CPU=17.8%, Memory=66.7%, Storage=75.4%, Tasks=0
2026/04/10 14:41:08 Heartbeat sent: CPU=21.5%, Memory=69.1%, Storage=75.4%, Tasks=0
2026/04/10 14:41:13 Heartbeat sent: CPU=9.5%, Memory=66.0%, Storage=75.4%, Tasks=0
2026/04/10 14:41:18 Heartbeat sent: CPU=16.9%, Memory=66.1%, Storage=75.4%, Tasks=0
2026/04/10 14:41:23 Heartbeat sent: CPU=12.0%, Memory=66.4%, Storage=75.4%, Tasks=0
2026/04/10 14:41:28 Heartbeat sent: CPU=12.8%, Memory=65.5%, Storage=75.4%, Tasks=0
2026/04/10 14:41:33 Heartbeat sent: CPU=9.9%, Memory=65.8%, Storage=75.4%, Tasks=0
2026/04/10 14:41:38 Heartbeat sent: CPU=26.5%, Memory=68.1%, Storage=75.4%, Tasks=0
2026/04/10 14:41:43 Heartbeat sent: CPU=20.8%, Memory=65.8%, Storage=75.4%, Tasks=0
2026/04/10 14:41:48 Heartbeat sent: CPU=14.5%, Memory=66.2%, Storage=75.4%, Tasks=0
2026/04/10 14:41:53 Heartbeat sent: CPU=14.7%, Memory=66.2%, Storage=75.4%, Tasks=0
2026/04/10 14:41:58 Heartbeat sent: CPU=13.3%, Memory=65.8%, Storage=75.4%, Tasks=0
2026/04/10 14:42:03 Heartbeat sent: CPU=19.0%, Memory=66.9%, Storage=75.4%, Tasks=0
2026/04/10 14:42:08 Heartbeat sent: CPU=20.7%, Memory=67.0%, Storage=75.4%, Tasks=0
2026/04/10 14:42:13 Heartbeat sent: CPU=17.5%, Memory=68.4%, Storage=75.4%, Tasks=0
2026/04/10 14:42:18 Heartbeat sent: CPU=19.8%, Memory=66.6%, Storage=75.4%, Tasks=0
2026/04/10 14:42:23 Heartbeat sent: CPU=10.4%, Memory=66.2%, Storage=75.4%, Tasks=0
2026/04/10 14:42:28 Heartbeat sent: CPU=10.7%, Memory=65.4%, Storage=75.4%, Tasks=0
2026/04/10 14:42:33 Heartbeat sent: CPU=15.6%, Memory=67.7%, Storage=75.4%, Tasks=0
2026/04/10 14:42:38 Heartbeat sent: CPU=15.1%, Memory=66.4%, Storage=75.4%, Tasks=0
2026/04/10 14:42:43 Heartbeat sent: CPU=16.9%, Memory=67.5%, Storage=75.4%, Tasks=0
2026/04/10 14:42:48 Heartbeat sent: CPU=16.1%, Memory=66.3%, Storage=75.4%, Tasks=0
2026/04/10 14:42:53 Heartbeat sent: CPU=13.2%, Memory=66.0%, Storage=75.4%, Tasks=0
2026/04/10 14:42:58 Heartbeat sent: CPU=11.7%, Memory=65.8%, Storage=75.4%, Tasks=0
2026/04/10 14:43:03 Heartbeat sent: CPU=14.4%, Memory=69.0%, Storage=75.4%, Tasks=0
2026/04/10 14:43:08 Heartbeat sent: CPU=20.7%, Memory=68.4%, Storage=75.4%, Tasks=0
2026/04/10 14:43:13 Heartbeat sent: CPU=16.2%, Memory=67.3%, Storage=75.4%, Tasks=0
2026/04/10 14:43:18 Heartbeat sent: CPU=16.9%, Memory=66.3%, Storage=75.4%, Tasks=0
2026/04/10 14:43:23 Heartbeat sent: CPU=16.9%, Memory=66.0%, Storage=75.4%, Tasks=0
2026/04/10 14:43:28 Heartbeat sent: CPU=10.7%, Memory=66.0%, Storage=75.4%, Tasks=0
2026/04/10 14:43:33 Heartbeat sent: CPU=13.3%, Memory=66.7%, Storage=75.4%, Tasks=0
2026/04/10 14:43:38 Heartbeat sent: CPU=14.9%, Memory=68.1%, Storage=75.4%, Tasks=0
2026/04/10 14:43:43 Heartbeat sent: CPU=10.8%, Memory=66.5%, Storage=75.4%, Tasks=0
2026/04/10 14:43:48 Heartbeat sent: CPU=11.4%, Memory=66.2%, Storage=75.4%, Tasks=0
2026/04/10 14:43:53 Heartbeat sent: CPU=12.0%, Memory=66.0%, Storage=75.4%, Tasks=0
2026/04/10 14:43:58 Heartbeat sent: CPU=13.8%, Memory=66.1%, Storage=75.4%, Tasks=0
2026/04/10 14:44:03 Heartbeat sent: CPU=10.7%, Memory=65.4%, Storage=75.4%, Tasks=0
2026/04/10 14:44:08 Heartbeat sent: CPU=9.0%, Memory=65.0%, Storage=75.4%, Tasks=0
2026/04/10 14:44:13 Heartbeat sent: CPU=9.1%, Memory=65.1%, Storage=75.4%, Tasks=0
2026/04/10 14:44:18 Heartbeat sent: CPU=7.9%, Memory=65.1%, Storage=75.4%, Tasks=0
2026/04/10 14:44:23 Heartbeat sent: CPU=12.2%, Memory=66.7%, Storage=75.4%, Tasks=0
2026/04/10 14:44:28 Heartbeat sent: CPU=12.0%, Memory=66.9%, Storage=75.4%, Tasks=0
2026/04/10 14:44:33 Heartbeat sent: CPU=12.0%, Memory=66.3%, Storage=75.4%, Tasks=0
2026/04/10 14:44:38 Heartbeat sent: CPU=15.0%, Memory=68.8%, Storage=75.4%, Tasks=0
2026/04/10 14:44:43 Heartbeat sent: CPU=9.4%, Memory=65.7%, Storage=75.4%, Tasks=0
2026/04/10 14:44:48 Heartbeat sent: CPU=8.4%, Memory=65.0%, Storage=75.4%, Tasks=0
2026/04/10 14:44:53 Heartbeat sent: CPU=11.0%, Memory=65.3%, Storage=75.4%, Tasks=0
2026/04/10 14:44:58 Heartbeat sent: CPU=12.4%, Memory=65.2%, Storage=75.4%, Tasks=0
2026/04/10 14:45:03 Heartbeat sent: CPU=17.9%, Memory=68.2%, Storage=75.4%, Tasks=0
2026/04/10 14:45:08 Heartbeat sent: CPU=12.2%, Memory=66.9%, Storage=75.4%, Tasks=0
2026/04/10 14:45:13 Heartbeat sent: CPU=8.5%, Memory=66.8%, Storage=75.4%, Tasks=0
2026/04/10 14:45:18 Heartbeat sent: CPU=11.6%, Memory=65.1%, Storage=75.4%, Tasks=0
2026/04/10 14:45:23 Heartbeat sent: CPU=13.7%, Memory=66.5%, Storage=75.4%, Tasks=0
2026/04/10 14:45:28 Heartbeat sent: CPU=10.1%, Memory=66.4%, Storage=75.4%, Tasks=0
2026/04/10 14:45:33 Heartbeat sent: CPU=8.9%, Memory=65.5%, Storage=75.4%, Tasks=0
2026/04/10 14:45:38 Heartbeat sent: CPU=12.2%, Memory=66.6%, Storage=75.4%, Tasks=0
2026/04/10 14:45:43 Heartbeat sent: CPU=9.7%, Memory=66.6%, Storage=75.4%, Tasks=0
2026/04/10 14:45:48 Heartbeat sent: CPU=8.5%, Memory=65.4%, Storage=75.4%, Tasks=0
2026/04/10 14:45:53 Heartbeat sent: CPU=14.2%, Memory=66.5%, Storage=75.4%, Tasks=0
2026/04/10 14:45:58 Heartbeat sent: CPU=20.6%, Memory=67.1%, Storage=75.4%, Tasks=0
2026/04/10 14:46:03 Heartbeat sent: CPU=15.1%, Memory=67.1%, Storage=75.4%, Tasks=0
2026/04/10 14:46:08 Heartbeat sent: CPU=15.6%, Memory=66.4%, Storage=75.4%, Tasks=0
2026/04/10 14:46:13 Heartbeat sent: CPU=21.4%, Memory=69.8%, Storage=75.4%, Tasks=0
2026/04/10 14:46:18 Heartbeat sent: CPU=16.3%, Memory=67.0%, Storage=75.4%, Tasks=0
2026/04/10 14:46:23 Heartbeat sent: CPU=21.1%, Memory=68.3%, Storage=75.4%, Tasks=0
2026/04/10 14:46:28 Heartbeat sent: CPU=10.2%, Memory=65.5%, Storage=75.4%, Tasks=0
2026/04/10 14:46:33 Heartbeat sent: CPU=8.5%, Memory=65.8%, Storage=75.4%, Tasks=0
2026/04/10 14:46:38 Heartbeat sent: CPU=8.8%, Memory=65.0%, Storage=75.4%, Tasks=0
2026/04/10 14:46:43 Heartbeat sent: CPU=9.6%, Memory=66.8%, Storage=75.4%, Tasks=0
2026/04/10 14:46:48 Heartbeat sent: CPU=12.0%, Memory=66.3%, Storage=75.4%, Tasks=0
2026/04/10 14:46:53 Heartbeat sent: CPU=17.4%, Memory=66.4%, Storage=75.4%, Tasks=0
2026/04/10 14:46:58 Heartbeat sent: CPU=10.5%, Memory=65.2%, Storage=75.4%, Tasks=0
2026/04/10 14:47:03 Heartbeat sent: CPU=22.1%, Memory=67.6%, Storage=75.4%, Tasks=0
2026/04/10 14:47:08 Heartbeat sent: CPU=16.5%, Memory=66.7%, Storage=75.4%, Tasks=0
2026/04/10 14:47:13 Heartbeat sent: CPU=15.5%, Memory=66.3%, Storage=75.4%, Tasks=0
2026/04/10 14:47:18 Heartbeat sent: CPU=16.3%, Memory=66.3%, Storage=75.4%, Tasks=0
2026/04/10 14:47:23 Heartbeat sent: CPU=10.3%, Memory=66.3%, Storage=75.4%, Tasks=0
2026/04/10 14:47:28 Heartbeat sent: CPU=9.1%, Memory=65.4%, Storage=75.4%, Tasks=0
2026/04/10 14:47:33 Heartbeat sent: CPU=9.2%, Memory=64.8%, Storage=75.4%, Tasks=0
2026/04/10 14:47:38 Heartbeat sent: CPU=9.0%, Memory=64.8%, Storage=75.4%, Tasks=0
2026/04/10 14:47:43 Heartbeat sent: CPU=9.4%, Memory=64.8%, Storage=75.4%, Tasks=0
2026/04/10 14:47:48 Heartbeat sent: CPU=11.9%, Memory=66.6%, Storage=75.4%, Tasks=0
2026/04/10 14:47:53 Heartbeat sent: CPU=12.9%, Memory=65.9%, Storage=75.4%, Tasks=0
2026/04/10 14:47:58 Heartbeat sent: CPU=12.0%, Memory=65.2%, Storage=75.4%, Tasks=0
2026/04/10 14:48:03 Heartbeat sent: CPU=11.2%, Memory=67.1%, Storage=75.4%, Tasks=0
2026/04/10 14:48:08 Heartbeat sent: CPU=14.7%, Memory=67.7%, Storage=75.4%, Tasks=0
2026/04/10 14:48:13 Heartbeat sent: CPU=8.4%, Memory=65.3%, Storage=75.4%, Tasks=0
2026/04/10 14:48:18 Heartbeat sent: CPU=9.3%, Memory=64.8%, Storage=75.4%, Tasks=0
2026/04/10 14:48:23 Heartbeat sent: CPU=16.6%, Memory=68.5%, Storage=75.4%, Tasks=0
2026/04/10 14:48:28 Heartbeat sent: CPU=10.2%, Memory=66.0%, Storage=75.4%, Tasks=0
2026/04/10 14:48:33 Heartbeat sent: CPU=19.7%, Memory=68.5%, Storage=75.4%, Tasks=0
2026/04/10 14:48:38 Heartbeat sent: CPU=22.8%, Memory=67.5%, Storage=75.4%, Tasks=0
2026/04/10 14:48:43 Heartbeat sent: CPU=14.1%, Memory=65.8%, Storage=75.4%, Tasks=0
2026/04/10 14:48:48 Heartbeat sent: CPU=16.8%, Memory=67.8%, Storage=75.4%, Tasks=0
2026/04/10 14:48:53 Heartbeat sent: CPU=11.6%, Memory=66.9%, Storage=75.4%, Tasks=0
2026/04/10 14:48:58 Heartbeat sent: CPU=13.5%, Memory=66.3%, Storage=75.4%, Tasks=0
2026/04/10 14:49:03 Heartbeat sent: CPU=12.9%, Memory=66.0%, Storage=75.4%, Tasks=0
2026/04/10 14:49:08 Heartbeat sent: CPU=9.0%, Memory=65.3%, Storage=75.4%, Tasks=0
2026/04/10 14:49:13 Heartbeat sent: CPU=11.1%, Memory=65.9%, Storage=75.4%, Tasks=0
2026/04/10 14:49:18 Heartbeat sent: CPU=17.9%, Memory=68.0%, Storage=75.4%, Tasks=0
2026/04/10 14:49:23 Heartbeat sent: CPU=16.2%, Memory=68.0%, Storage=75.4%, Tasks=0
2026/04/10 14:49:28 Heartbeat sent: CPU=16.0%, Memory=67.2%, Storage=75.4%, Tasks=0
2026/04/10 14:49:33 Heartbeat sent: CPU=10.4%, Memory=66.1%, Storage=75.4%, Tasks=0
2026/04/10 14:49:38 Heartbeat sent: CPU=9.9%, Memory=65.9%, Storage=75.4%, Tasks=0
2026/04/10 14:49:43 Heartbeat sent: CPU=12.6%, Memory=66.2%, Storage=75.4%, Tasks=0
2026/04/10 14:49:48 Heartbeat sent: CPU=9.9%, Memory=65.2%, Storage=75.4%, Tasks=0
2026/04/10 14:49:53 Heartbeat sent: CPU=12.0%, Memory=64.5%, Storage=75.4%, Tasks=0
2026/04/10 14:49:58 Heartbeat sent: CPU=11.1%, Memory=64.5%, Storage=75.4%, Tasks=0
2026/04/10 14:50:03 Heartbeat sent: CPU=8.2%, Memory=64.5%, Storage=75.4%, Tasks=0
2026/04/10 14:50:08 Heartbeat sent: CPU=16.8%, Memory=67.5%, Storage=75.4%, Tasks=0
2026/04/10 14:50:13 Heartbeat sent: CPU=21.4%, Memory=67.1%, Storage=75.4%, Tasks=0
2026/04/10 14:50:18 Heartbeat sent: CPU=12.0%, Memory=66.4%, Storage=75.4%, Tasks=0
2026/04/10 14:50:23 Heartbeat sent: CPU=10.7%, Memory=65.7%, Storage=75.4%, Tasks=0
2026/04/10 14:50:28 Heartbeat sent: CPU=11.2%, Memory=66.5%, Storage=75.4%, Tasks=0
2026/04/10 14:50:33 Heartbeat sent: CPU=10.8%, Memory=67.0%, Storage=75.4%, Tasks=0
2026/04/10 14:50:38 Heartbeat sent: CPU=10.8%, Memory=66.6%, Storage=75.4%, Tasks=0
2026/04/10 14:50:43 Heartbeat sent: CPU=20.0%, Memory=67.2%, Storage=75.4%, Tasks=0
2026/04/10 14:50:48 Heartbeat sent: CPU=15.9%, Memory=66.6%, Storage=75.4%, Tasks=0
2026/04/10 14:50:53 Heartbeat sent: CPU=11.4%, Memory=66.0%, Storage=75.4%, Tasks=0
2026/04/10 14:50:58 Heartbeat sent: CPU=24.7%, Memory=67.1%, Storage=75.4%, Tasks=0
2026/04/10 14:51:03 Heartbeat sent: CPU=9.5%, Memory=65.8%, Storage=75.4%, Tasks=0
2026/04/10 14:51:08 Heartbeat sent: CPU=17.1%, Memory=67.6%, Storage=75.4%, Tasks=0
2026/04/10 14:51:13 Heartbeat sent: CPU=15.4%, Memory=66.5%, Storage=75.4%, Tasks=0
2026/04/10 14:51:18 Heartbeat sent: CPU=11.1%, Memory=66.1%, Storage=75.4%, Tasks=0
2026/04/10 14:51:23 Heartbeat sent: CPU=17.6%, Memory=66.2%, Storage=75.4%, Tasks=0
2026/04/10 14:51:28 Heartbeat sent: CPU=10.7%, Memory=64.7%, Storage=75.4%, Tasks=0
2026/04/10 14:51:33 Heartbeat sent: CPU=9.7%, Memory=65.2%, Storage=75.4%, Tasks=0
2026/04/10 14:51:38 Heartbeat sent: CPU=7.5%, Memory=64.5%, Storage=75.4%, Tasks=0
2026/04/10 14:51:43 Heartbeat sent: CPU=43.1%, Memory=66.1%, Storage=75.4%, Tasks=0
2026/04/10 14:51:48 Heartbeat sent: CPU=17.0%, Memory=67.2%, Storage=75.4%, Tasks=0
2026/04/10 14:51:53 Heartbeat sent: CPU=14.3%, Memory=67.0%, Storage=75.4%, Tasks=0
2026/04/10 14:51:58 Heartbeat sent: CPU=17.0%, Memory=66.6%, Storage=75.4%, Tasks=0
2026/04/10 14:52:03 Heartbeat sent: CPU=12.7%, Memory=65.6%, Storage=75.4%, Tasks=0
2026/04/10 14:52:08 Heartbeat sent: CPU=10.7%, Memory=65.5%, Storage=75.4%, Tasks=0
2026/04/10 14:52:13 Heartbeat sent: CPU=15.3%, Memory=66.8%, Storage=75.4%, Tasks=0
2026/04/10 14:52:18 Heartbeat sent: CPU=11.0%, Memory=65.6%, Storage=75.4%, Tasks=0
2026/04/10 14:52:23 Heartbeat sent: CPU=12.5%, Memory=65.2%, Storage=75.4%, Tasks=0
2026/04/10 14:52:28 Heartbeat sent: CPU=8.5%, Memory=65.2%, Storage=75.4%, Tasks=0
2026/04/10 14:52:33 Heartbeat sent: CPU=7.8%, Memory=65.2%, Storage=75.4%, Tasks=0
2026/04/10 14:52:38 Heartbeat sent: CPU=10.5%, Memory=65.5%, Storage=75.4%, Tasks=0
2026/04/10 14:52:43 Heartbeat sent: CPU=9.8%, Memory=65.5%, Storage=75.4%, Tasks=0
2026/04/10 14:52:48 Heartbeat sent: CPU=9.9%, Memory=65.5%, Storage=75.4%, Tasks=0
2026/04/10 14:52:53 Heartbeat sent: CPU=9.7%, Memory=65.5%, Storage=75.4%, Tasks=0
2026/04/10 14:52:58 Heartbeat sent: CPU=10.2%, Memory=65.5%, Storage=75.4%, Tasks=0
2026/04/10 14:53:03 Heartbeat sent: CPU=8.4%, Memory=65.5%, Storage=75.4%, Tasks=0
2026/04/10 14:53:08 Heartbeat sent: CPU=9.1%, Memory=66.0%, Storage=75.4%, Tasks=0
2026/04/10 14:53:13 Heartbeat sent: CPU=9.3%, Memory=65.7%, Storage=75.4%, Tasks=0
2026/04/10 14:53:18 Heartbeat sent: CPU=9.2%, Memory=65.4%, Storage=75.4%, Tasks=0
2026/04/10 14:53:23 Heartbeat sent: CPU=8.5%, Memory=65.4%, Storage=75.4%, Tasks=0
2026/04/10 14:53:28 Heartbeat sent: CPU=11.4%, Memory=66.5%, Storage=75.4%, Tasks=0
2026/04/10 14:53:33 Heartbeat sent: CPU=19.9%, Memory=69.2%, Storage=75.4%, Tasks=0
2026/04/10 14:53:38 Heartbeat sent: CPU=10.1%, Memory=65.8%, Storage=75.4%, Tasks=0
2026/04/10 14:53:43 Heartbeat sent: CPU=9.8%, Memory=65.5%, Storage=75.4%, Tasks=0
2026/04/10 14:53:48 Heartbeat sent: CPU=9.5%, Memory=65.8%, Storage=75.4%, Tasks=0
2026/04/10 14:53:53 Heartbeat sent: CPU=16.1%, Memory=67.2%, Storage=75.4%, Tasks=0
2026/04/10 14:53:58 Heartbeat sent: CPU=13.3%, Memory=66.7%, Storage=75.4%, Tasks=0
2026/04/10 14:54:03 Heartbeat sent: CPU=11.4%, Memory=66.8%, Storage=75.4%, Tasks=0
2026/04/10 14:54:08 Heartbeat sent: CPU=10.5%, Memory=66.8%, Storage=75.4%, Tasks=0
2026/04/10 14:54:13 Heartbeat sent: CPU=11.4%, Memory=66.9%, Storage=75.4%, Tasks=0
2026/04/10 14:54:18 Heartbeat sent: CPU=14.4%, Memory=67.1%, Storage=75.4%, Tasks=0
2026/04/10 14:54:23 Heartbeat sent: CPU=18.6%, Memory=67.1%, Storage=75.4%, Tasks=0
2026/04/10 14:54:28 Heartbeat sent: CPU=23.7%, Memory=66.7%, Storage=75.4%, Tasks=0
2026/04/10 14:54:33 Heartbeat sent: CPU=11.0%, Memory=66.9%, Storage=75.4%, Tasks=0
2026/04/10 14:54:38 Heartbeat sent: CPU=13.9%, Memory=65.9%, Storage=75.4%, Tasks=0
2026/04/10 14:54:43 Heartbeat sent: CPU=21.4%, Memory=68.0%, Storage=75.4%, Tasks=0
2026/04/10 14:54:48 Heartbeat sent: CPU=11.7%, Memory=66.4%, Storage=75.4%, Tasks=0
2026/04/10 14:54:53 Heartbeat sent: CPU=16.8%, Memory=67.0%, Storage=75.4%, Tasks=0
2026/04/10 14:54:58 Heartbeat sent: CPU=21.4%, Memory=67.9%, Storage=75.4%, Tasks=0
2026/04/10 14:55:03 Heartbeat sent: CPU=16.9%, Memory=67.9%, Storage=75.4%, Tasks=0
2026/04/10 14:55:08 Heartbeat sent: CPU=25.0%, Memory=67.4%, Storage=75.4%, Tasks=0
2026/04/10 14:55:13 Heartbeat sent: CPU=14.3%, Memory=68.2%, Storage=75.4%, Tasks=0
2026/04/10 14:55:18 Heartbeat sent: CPU=13.5%, Memory=66.5%, Storage=75.4%, Tasks=0
2026/04/10 14:55:23 Heartbeat sent: CPU=25.6%, Memory=70.6%, Storage=75.4%, Tasks=0
2026/04/10 14:55:28 Heartbeat sent: CPU=16.9%, Memory=68.4%, Storage=75.4%, Tasks=0
2026/04/10 14:55:33 Heartbeat sent: CPU=20.4%, Memory=68.8%, Storage=75.4%, Tasks=0
2026/04/10 14:55:38 Heartbeat sent: CPU=11.0%, Memory=68.3%, Storage=75.4%, Tasks=0
2026/04/10 14:55:43 Heartbeat sent: CPU=11.6%, Memory=68.0%, Storage=75.4%, Tasks=0
2026/04/10 14:55:48 Heartbeat sent: CPU=13.1%, Memory=68.4%, Storage=75.4%, Tasks=0
2026/04/10 14:55:53 Heartbeat sent: CPU=10.8%, Memory=67.1%, Storage=75.4%, Tasks=0
2026/04/10 14:55:58 Heartbeat sent: CPU=15.6%, Memory=66.5%, Storage=75.4%, Tasks=0
2026/04/10 14:56:03 Heartbeat sent: CPU=12.7%, Memory=68.2%, Storage=75.4%, Tasks=0
2026/04/10 14:56:08 Heartbeat sent: CPU=16.4%, Memory=69.2%, Storage=75.4%, Tasks=0
2026/04/10 14:56:13 Heartbeat sent: CPU=10.5%, Memory=67.0%, Storage=75.4%, Tasks=0
2026/04/10 14:56:18 Heartbeat sent: CPU=9.4%, Memory=66.3%, Storage=75.4%, Tasks=0
2026/04/10 14:56:23 Heartbeat sent: CPU=9.0%, Memory=66.2%, Storage=75.4%, Tasks=0
2026/04/10 14:56:28 Heartbeat sent: CPU=14.8%, Memory=66.2%, Storage=75.4%, Tasks=0
2026/04/10 14:56:33 Heartbeat sent: CPU=10.5%, Memory=66.3%, Storage=75.4%, Tasks=0
2026/04/10 14:56:38 Heartbeat sent: CPU=8.2%, Memory=66.4%, Storage=75.4%, Tasks=0
2026/04/10 14:56:43 Heartbeat sent: CPU=10.6%, Memory=66.4%, Storage=75.4%, Tasks=0
2026/04/10 14:56:48 Heartbeat sent: CPU=11.6%, Memory=67.3%, Storage=75.4%, Tasks=0
2026/04/10 14:56:53 Heartbeat sent: CPU=20.5%, Memory=69.4%, Storage=75.4%, Tasks=0
2026/04/10 14:56:58 Heartbeat sent: CPU=21.8%, Memory=68.3%, Storage=75.4%, Tasks=0
2026/04/10 14:57:03 Heartbeat sent: CPU=15.5%, Memory=68.0%, Storage=75.4%, Tasks=0
2026/04/10 14:57:08 Heartbeat sent: CPU=22.8%, Memory=68.6%, Storage=75.4%, Tasks=0
2026/04/10 14:57:13 Heartbeat sent: CPU=12.7%, Memory=68.3%, Storage=75.4%, Tasks=0
2026/04/10 14:57:18 Heartbeat sent: CPU=13.4%, Memory=68.3%, Storage=75.4%, Tasks=0
2026/04/10 14:57:23 Heartbeat sent: CPU=18.5%, Memory=68.3%, Storage=75.4%, Tasks=0
2026/04/10 14:57:28 Heartbeat sent: CPU=10.9%, Memory=68.2%, Storage=75.4%, Tasks=0
2026/04/10 14:57:33 Heartbeat sent: CPU=16.3%, Memory=68.6%, Storage=75.4%, Tasks=0
2026/04/10 14:57:38 Heartbeat sent: CPU=14.0%, Memory=68.6%, Storage=75.4%, Tasks=0
2026/04/10 14:57:43 Heartbeat sent: CPU=16.0%, Memory=68.3%, Storage=75.4%, Tasks=0
2026/04/10 14:57:48 Heartbeat sent: CPU=14.3%, Memory=67.0%, Storage=75.4%, Tasks=0
2026/04/10 14:57:53 Heartbeat sent: CPU=15.3%, Memory=66.4%, Storage=75.4%, Tasks=0
2026/04/10 14:57:58 Heartbeat sent: CPU=16.7%, Memory=66.2%, Storage=75.4%, Tasks=0
2026/04/10 14:58:03 Heartbeat sent: CPU=14.9%, Memory=66.5%, Storage=75.4%, Tasks=0
2026/04/10 14:58:08 Heartbeat sent: CPU=15.1%, Memory=66.4%, Storage=75.4%, Tasks=0
2026/04/10 14:58:13 Heartbeat sent: CPU=15.2%, Memory=66.2%, Storage=75.4%, Tasks=0
2026/04/10 14:58:18 Heartbeat sent: CPU=14.6%, Memory=66.1%, Storage=75.4%, Tasks=0
2026/04/10 14:58:23 Heartbeat sent: CPU=16.1%, Memory=66.6%, Storage=75.4%, Tasks=0
2026/04/10 14:58:28 Heartbeat sent: CPU=14.9%, Memory=66.3%, Storage=75.4%, Tasks=0
2026/04/10 14:58:33 Heartbeat sent: CPU=34.5%, Memory=68.7%, Storage=75.4%, Tasks=0
2026/04/10 14:58:38 Heartbeat sent: CPU=19.6%, Memory=68.5%, Storage=75.4%, Tasks=0
2026/04/10 14:58:43 Heartbeat sent: CPU=18.3%, Memory=68.0%, Storage=75.4%, Tasks=0
2026/04/10 14:58:48 Heartbeat sent: CPU=16.6%, Memory=68.1%, Storage=75.4%, Tasks=0
2026/04/10 14:58:53 Heartbeat sent: CPU=16.8%, Memory=67.8%, Storage=75.4%, Tasks=0
2026/04/10 14:58:58 Heartbeat sent: CPU=21.0%, Memory=68.3%, Storage=75.4%, Tasks=0
2026/04/10 14:59:03 Heartbeat sent: CPU=14.4%, Memory=68.1%, Storage=75.4%, Tasks=0
2026/04/10 14:59:08 Heartbeat sent: CPU=20.1%, Memory=68.2%, Storage=75.4%, Tasks=0
2026/04/10 14:59:13 Heartbeat sent: CPU=21.2%, Memory=68.0%, Storage=75.4%, Tasks=0
2026/04/10 14:59:18 Heartbeat sent: CPU=15.8%, Memory=67.0%, Storage=75.4%, Tasks=0
2026/04/10 14:59:23 Heartbeat sent: CPU=15.3%, Memory=66.4%, Storage=75.4%, Tasks=0
2026/04/10 14:59:28 Heartbeat sent: CPU=15.5%, Memory=66.1%, Storage=75.4%, Tasks=0
2026/04/10 14:59:33 Heartbeat sent: CPU=17.0%, Memory=66.2%, Storage=75.4%, Tasks=0
2026/04/10 14:59:38 Heartbeat sent: CPU=15.0%, Memory=66.3%, Storage=75.4%, Tasks=0
2026/04/10 14:59:43 Heartbeat sent: CPU=26.6%, Memory=66.4%, Storage=75.4%, Tasks=0
2026/04/10 14:59:48 Heartbeat sent: CPU=16.2%, Memory=66.7%, Storage=75.4%, Tasks=0
2026/04/10 14:59:53 Heartbeat sent: CPU=15.6%, Memory=66.4%, Storage=75.4%, Tasks=0
2026/04/10 14:59:58 Heartbeat sent: CPU=17.3%, Memory=66.3%, Storage=75.4%, Tasks=0
2026/04/10 15:00:03 Heartbeat sent: CPU=17.8%, Memory=66.5%, Storage=75.4%, Tasks=0
2026/04/10 15:00:08 Heartbeat sent: CPU=15.4%, Memory=66.3%, Storage=75.4%, Tasks=0
2026/04/10 15:00:13 Heartbeat sent: CPU=19.4%, Memory=66.4%, Storage=75.4%, Tasks=0
2026/04/10 15:00:18 Heartbeat sent: CPU=15.4%, Memory=66.4%, Storage=75.4%, Tasks=0
2026/04/10 15:00:23 Heartbeat sent: CPU=15.7%, Memory=66.5%, Storage=75.4%, Tasks=0
2026/04/10 15:00:28 Heartbeat sent: CPU=15.2%, Memory=66.6%, Storage=75.4%, Tasks=0
2026/04/10 15:00:33 Heartbeat sent: CPU=18.6%, Memory=66.5%, Storage=75.4%, Tasks=0
2026/04/10 15:00:38 Heartbeat sent: CPU=14.8%, Memory=66.4%, Storage=75.4%, Tasks=0
2026/04/10 15:00:43 Heartbeat sent: CPU=18.6%, Memory=69.2%, Storage=75.4%, Tasks=0
2026/04/10 15:00:48 Heartbeat sent: CPU=9.5%, Memory=66.8%, Storage=75.4%, Tasks=0
2026/04/10 15:00:53 Heartbeat sent: CPU=9.7%, Memory=66.2%, Storage=75.4%, Tasks=0
2026/04/10 15:00:58 Heartbeat sent: CPU=10.5%, Memory=66.1%, Storage=75.4%, Tasks=0
2026/04/10 15:01:03 Heartbeat sent: CPU=8.8%, Memory=66.5%, Storage=75.4%, Tasks=0
2026/04/10 15:01:08 Heartbeat sent: CPU=8.2%, Memory=66.5%, Storage=75.4%, Tasks=0
2026/04/10 15:01:13 Heartbeat sent: CPU=8.6%, Memory=66.4%, Storage=75.4%, Tasks=0
2026/04/10 15:01:18 Heartbeat sent: CPU=8.6%, Memory=67.3%, Storage=75.4%, Tasks=0
2026/04/10 15:01:23 Heartbeat sent: CPU=8.7%, Memory=66.6%, Storage=75.4%, Tasks=0
2026/04/10 15:01:28 Heartbeat sent: CPU=8.7%, Memory=66.7%, Storage=75.4%, Tasks=0
2026/04/10 15:01:33 Heartbeat sent: CPU=19.3%, Memory=66.5%, Storage=75.4%, Tasks=0
2026/04/10 15:01:38 Heartbeat sent: CPU=15.7%, Memory=66.5%, Storage=75.4%, Tasks=0
2026/04/10 15:01:43 Heartbeat sent: CPU=16.4%, Memory=66.6%, Storage=75.4%, Tasks=0
2026/04/10 15:01:48 Heartbeat sent: CPU=14.5%, Memory=66.6%, Storage=75.4%, Tasks=0
2026/04/10 15:01:53 Heartbeat sent: CPU=15.6%, Memory=66.5%, Storage=75.4%, Tasks=0
2026/04/10 15:01:58 Heartbeat sent: CPU=16.9%, Memory=66.5%, Storage=75.4%, Tasks=0
2026/04/10 15:02:03 Heartbeat sent: CPU=15.5%, Memory=66.8%, Storage=75.4%, Tasks=0
2026/04/10 15:02:08 Heartbeat sent: CPU=15.1%, Memory=66.6%, Storage=75.4%, Tasks=0
2026/04/10 15:02:13 Heartbeat sent: CPU=15.4%, Memory=66.7%, Storage=75.4%, Tasks=0
2026/04/10 15:02:18 Heartbeat sent: CPU=15.3%, Memory=66.6%, Storage=75.4%, Tasks=0
2026/04/10 15:02:23 Heartbeat sent: CPU=15.5%, Memory=66.4%, Storage=75.4%, Tasks=0
2026/04/10 15:02:28 Heartbeat sent: CPU=15.1%, Memory=66.4%, Storage=75.4%, Tasks=0
2026/04/10 15:02:33 Heartbeat sent: CPU=17.8%, Memory=66.6%, Storage=75.4%, Tasks=0
2026/04/10 15:02:38 Heartbeat sent: CPU=16.1%, Memory=66.5%, Storage=75.4%, Tasks=0
2026/04/10 15:02:43 Heartbeat sent: CPU=15.9%, Memory=66.8%, Storage=75.4%, Tasks=0
2026/04/10 15:02:48 Heartbeat sent: CPU=15.5%, Memory=67.1%, Storage=75.4%, Tasks=0
2026/04/10 15:02:53 Heartbeat sent: CPU=16.8%, Memory=66.8%, Storage=75.4%, Tasks=0
2026/04/10 15:02:58 Heartbeat sent: CPU=18.4%, Memory=66.6%, Storage=75.4%, Tasks=0
2026/04/10 15:03:03 Heartbeat sent: CPU=14.8%, Memory=66.9%, Storage=75.4%, Tasks=0
2026/04/10 15:03:08 Heartbeat sent: CPU=15.1%, Memory=66.8%, Storage=75.4%, Tasks=0
2026/04/10 15:03:13 Heartbeat sent: CPU=13.2%, Memory=69.1%, Storage=75.4%, Tasks=0
2026/04/10 15:03:18 Heartbeat sent: CPU=9.4%, Memory=67.8%, Storage=75.4%, Tasks=0
2026/04/10 15:03:23 Heartbeat sent: CPU=16.8%, Memory=66.5%, Storage=75.4%, Tasks=0
2026/04/10 15:03:28 Heartbeat sent: CPU=12.2%, Memory=66.7%, Storage=75.4%, Tasks=0
2026/04/10 15:03:33 Heartbeat sent: CPU=11.3%, Memory=66.6%, Storage=75.4%, Tasks=0
2026/04/10 15:03:38 Heartbeat sent: CPU=9.2%, Memory=66.2%, Storage=75.4%, Tasks=0
2026/04/10 15:03:43 Heartbeat sent: CPU=8.1%, Memory=66.2%, Storage=75.4%, Tasks=0
2026/04/10 15:03:48 Heartbeat sent: CPU=8.7%, Memory=66.5%, Storage=75.4%, Tasks=0
2026/04/10 15:03:53 Heartbeat sent: CPU=9.3%, Memory=67.0%, Storage=75.4%, Tasks=0
2026/04/10 15:03:58 Heartbeat sent: CPU=10.4%, Memory=66.4%, Storage=75.4%, Tasks=0
2026/04/10 15:04:03 Heartbeat sent: CPU=14.8%, Memory=66.4%, Storage=75.4%, Tasks=0
2026/04/10 15:04:08 Heartbeat sent: CPU=14.5%, Memory=66.3%, Storage=75.4%, Tasks=0
2026/04/10 15:04:13 Heartbeat sent: CPU=18.4%, Memory=66.2%, Storage=75.4%, Tasks=0
2026/04/10 15:04:18 Heartbeat sent: CPU=15.0%, Memory=66.7%, Storage=75.4%, Tasks=0
2026/04/10 15:04:23 Heartbeat sent: CPU=14.7%, Memory=66.4%, Storage=75.4%, Tasks=0
2026/04/10 15:04:28 Heartbeat sent: CPU=14.5%, Memory=66.2%, Storage=75.4%, Tasks=0
2026/04/10 15:04:33 Heartbeat sent: CPU=17.0%, Memory=66.2%, Storage=75.4%, Tasks=0
2026/04/10 15:04:38 Heartbeat sent: CPU=14.3%, Memory=66.2%, Storage=75.4%, Tasks=0
2026/04/10 15:04:43 Heartbeat sent: CPU=15.1%, Memory=66.3%, Storage=75.4%, Tasks=0
2026/04/10 15:04:48 Heartbeat sent: CPU=15.0%, Memory=66.8%, Storage=75.4%, Tasks=0
2026/04/10 15:04:53 Heartbeat sent: CPU=17.5%, Memory=66.2%, Storage=75.4%, Tasks=0
2026/04/10 15:04:58 Heartbeat sent: CPU=15.6%, Memory=68.2%, Storage=75.4%, Tasks=0
2026/04/10 15:05:03 Heartbeat sent: CPU=12.7%, Memory=68.2%, Storage=75.4%, Tasks=0
2026/04/10 15:05:08 Heartbeat sent: CPU=15.6%, Memory=66.7%, Storage=75.4%, Tasks=0
2026/04/10 15:05:13 Heartbeat sent: CPU=10.8%, Memory=68.4%, Storage=75.4%, Tasks=0
2026/04/10 15:05:18 Heartbeat sent: CPU=11.8%, Memory=68.0%, Storage=75.4%, Tasks=0
2026/04/10 15:05:23 Heartbeat sent: CPU=15.5%, Memory=66.6%, Storage=75.4%, Tasks=0
2026/04/10 15:05:28 Heartbeat sent: CPU=15.1%, Memory=66.3%, Storage=75.4%, Tasks=0
2026/04/10 15:05:33 Heartbeat sent: CPU=17.4%, Memory=66.3%, Storage=75.4%, Tasks=0
2026/04/10 15:05:38 Heartbeat sent: CPU=15.7%, Memory=66.3%, Storage=75.4%, Tasks=0
2026/04/10 15:05:43 Heartbeat sent: CPU=14.1%, Memory=69.6%, Storage=75.4%, Tasks=0
2026/04/10 15:05:48 Heartbeat sent: CPU=14.8%, Memory=69.0%, Storage=75.4%, Tasks=0
2026/04/10 15:06:19 Master registration request from: master-1 (127.0.0.1:61051)
2026/04/10 15:06:19 Updated master address to: 127.0.0.1:61051
2026/04/10 15:06:19 Registering worker ppo-worker-1 with master at 127.0.0.1:61051
2026/04/10 15:06:19 Detected System Resources:
2026/04/10 15:06:19   CPU:     12.00 cores
2026/04/10 15:06:19   Memory:  24.00 GB
2026/04/10 15:06:19   Storage: 460.43 GB
2026/04/10 15:06:19 ✓ Successfully registered with master: Worker registered successfully
2026/04/10 15:06:22 Heartbeat sent: CPU=43.7%, Memory=71.3%, Storage=75.4%, Tasks=0
2026/04/10 15:06:27 Heartbeat sent: CPU=23.2%, Memory=72.7%, Storage=75.4%, Tasks=0
2026/04/10 15:06:32 Heartbeat sent: CPU=17.2%, Memory=70.7%, Storage=75.4%, Tasks=0
2026/04/10 15:06:37 Heartbeat sent: CPU=20.3%, Memory=69.9%, Storage=75.4%, Tasks=0
2026/04/10 15:06:42 Heartbeat sent: CPU=12.0%, Memory=69.6%, Storage=75.4%, Tasks=0
2026/04/10 15:06:47 Heartbeat sent: CPU=8.1%, Memory=68.4%, Storage=75.4%, Tasks=0
2026/04/10 15:06:52 Heartbeat sent: CPU=9.5%, Memory=68.5%, Storage=75.4%, Tasks=0
2026/04/10 15:06:57 Heartbeat sent: CPU=13.8%, Memory=68.7%, Storage=75.4%, Tasks=0
2026/04/10 15:07:02 Heartbeat sent: CPU=16.2%, Memory=68.6%, Storage=75.4%, Tasks=0
2026/04/10 15:07:07 Heartbeat sent: CPU=15.4%, Memory=68.4%, Storage=75.4%, Tasks=0
2026/04/10 15:07:12 Heartbeat sent: CPU=14.4%, Memory=68.3%, Storage=75.4%, Tasks=0
2026/04/10 15:07:17 Heartbeat sent: CPU=14.9%, Memory=68.6%, Storage=75.4%, Tasks=0
2026/04/10 15:07:22 Heartbeat sent: CPU=15.5%, Memory=68.5%, Storage=75.4%, Tasks=0
2026/04/10 15:07:27 Heartbeat sent: CPU=14.9%, Memory=68.5%, Storage=75.4%, Tasks=0
2026/04/10 15:07:32 Heartbeat sent: CPU=18.3%, Memory=68.7%, Storage=75.4%, Tasks=0
2026/04/10 15:07:37 Heartbeat sent: CPU=15.7%, Memory=68.6%, Storage=75.4%, Tasks=0
2026/04/10 15:07:42 Heartbeat sent: CPU=15.2%, Memory=68.5%, Storage=75.4%, Tasks=0
2026/04/10 15:07:47 Heartbeat sent: CPU=15.8%, Memory=68.2%, Storage=75.4%, Tasks=0
2026/04/10 15:07:52 Heartbeat sent: CPU=17.5%, Memory=68.0%, Storage=75.4%, Tasks=0
2026/04/10 15:07:57 Heartbeat sent: CPU=17.1%, Memory=67.9%, Storage=75.4%, Tasks=0
2026/04/10 15:08:02 Heartbeat sent: CPU=15.8%, Memory=67.8%, Storage=75.4%, Tasks=0
2026/04/10 15:08:07 Heartbeat sent: CPU=15.3%, Memory=68.0%, Storage=75.4%, Tasks=0
2026/04/10 15:08:12 Heartbeat sent: CPU=14.8%, Memory=67.9%, Storage=75.4%, Tasks=0
2026/04/10 15:08:17 Heartbeat sent: CPU=18.7%, Memory=67.9%, Storage=75.4%, Tasks=0
2026/04/10 15:08:22 Heartbeat sent: CPU=17.3%, Memory=67.9%, Storage=75.4%, Tasks=0
2026/04/10 15:08:27 Heartbeat sent: CPU=18.9%, Memory=68.0%, Storage=75.4%, Tasks=0
2026/04/10 15:08:32 Heartbeat sent: CPU=21.5%, Memory=68.1%, Storage=75.4%, Tasks=0
2026/04/10 15:08:37 Heartbeat sent: CPU=14.7%, Memory=68.1%, Storage=75.4%, Tasks=0
2026/04/10 15:08:42 Heartbeat sent: CPU=15.2%, Memory=68.0%, Storage=75.4%, Tasks=0
2026/04/10 15:08:47 Heartbeat sent: CPU=15.4%, Memory=68.2%, Storage=75.4%, Tasks=0
2026/04/10 15:14:33 Heartbeat sent: CPU=44.8%, Memory=70.1%, Storage=75.4%, Tasks=0
2026/04/10 15:14:38 Heartbeat sent: CPU=44.4%, Memory=70.6%, Storage=75.4%, Tasks=0
2026/04/10 15:14:43 Heartbeat sent: CPU=26.7%, Memory=71.7%, Storage=75.4%, Tasks=0
2026/04/10 15:14:48 Heartbeat sent: CPU=32.0%, Memory=68.6%, Storage=75.4%, Tasks=0
2026/04/10 15:14:53 Heartbeat sent: CPU=18.1%, Memory=70.6%, Storage=75.4%, Tasks=0
2026/04/10 15:14:58 Heartbeat sent: CPU=12.9%, Memory=70.1%, Storage=75.4%, Tasks=0
2026/04/10 15:15:03 Heartbeat sent: CPU=20.8%, Memory=70.5%, Storage=75.4%, Tasks=0
2026/04/10 15:15:08 Heartbeat sent: CPU=18.7%, Memory=69.6%, Storage=75.4%, Tasks=0
2026/04/10 15:15:13 Heartbeat sent: CPU=11.0%, Memory=69.2%, Storage=75.4%, Tasks=0
2026/04/10 15:15:18 Heartbeat sent: CPU=10.7%, Memory=69.1%, Storage=75.4%, Tasks=0
2026/04/10 15:15:23 Heartbeat sent: CPU=14.7%, Memory=69.1%, Storage=75.4%, Tasks=0
2026/04/10 15:15:28 Heartbeat sent: CPU=8.5%, Memory=68.3%, Storage=75.4%, Tasks=0
2026/04/10 15:15:33 Heartbeat sent: CPU=10.9%, Memory=68.1%, Storage=75.4%, Tasks=0
2026/04/10 15:15:38 Heartbeat sent: CPU=12.0%, Memory=69.7%, Storage=75.4%, Tasks=0
2026/04/10 15:15:43 Heartbeat sent: CPU=18.7%, Memory=69.8%, Storage=75.4%, Tasks=0
2026/04/10 15:15:48 Heartbeat sent: CPU=11.8%, Memory=70.0%, Storage=75.4%, Tasks=0
2026/04/10 15:15:53 Heartbeat sent: CPU=10.4%, Memory=70.3%, Storage=75.4%, Tasks=0
2026/04/10 15:15:58 Heartbeat sent: CPU=9.9%, Memory=70.8%, Storage=75.4%, Tasks=0
2026/04/10 15:16:03 Heartbeat sent: CPU=21.0%, Memory=71.3%, Storage=75.4%, Tasks=0
2026/04/10 15:16:08 Heartbeat sent: CPU=17.1%, Memory=71.5%, Storage=75.4%, Tasks=0
2026/04/10 15:16:13 Heartbeat sent: CPU=20.9%, Memory=69.8%, Storage=75.4%, Tasks=0
2026/04/10 15:16:18 Heartbeat sent: CPU=23.8%, Memory=70.0%, Storage=75.4%, Tasks=0
2026/04/10 15:16:23 Heartbeat sent: CPU=13.0%, Memory=68.8%, Storage=75.4%, Tasks=0
2026/04/10 15:16:28 Heartbeat sent: CPU=16.5%, Memory=71.2%, Storage=75.4%, Tasks=0
2026/04/10 15:16:33 Heartbeat sent: CPU=11.2%, Memory=68.5%, Storage=75.4%, Tasks=0
2026/04/10 15:16:38 Heartbeat sent: CPU=8.9%, Memory=67.4%, Storage=75.4%, Tasks=0
2026/04/10 15:16:43 Heartbeat sent: CPU=9.3%, Memory=67.3%, Storage=75.4%, Tasks=0
2026/04/10 15:16:48 Heartbeat sent: CPU=7.2%, Memory=67.3%, Storage=75.4%, Tasks=0
2026/04/10 15:16:53 Heartbeat sent: CPU=7.4%, Memory=67.4%, Storage=75.4%, Tasks=0
2026/04/10 15:16:58 Heartbeat sent: CPU=7.2%, Memory=67.4%, Storage=75.4%, Tasks=0
2026/04/10 15:17:03 Heartbeat sent: CPU=9.8%, Memory=67.7%, Storage=75.4%, Tasks=0
2026/04/10 15:17:08 Heartbeat sent: CPU=10.0%, Memory=68.7%, Storage=75.4%, Tasks=0
2026/04/10 15:17:13 Heartbeat sent: CPU=10.7%, Memory=69.3%, Storage=75.4%, Tasks=0
2026/04/10 15:17:18 Heartbeat sent: CPU=10.4%, Memory=68.4%, Storage=75.4%, Tasks=0
2026/04/10 15:17:23 Heartbeat sent: CPU=11.4%, Memory=69.1%, Storage=75.4%, Tasks=0
2026/04/10 15:17:28 Heartbeat sent: CPU=11.2%, Memory=67.8%, Storage=75.4%, Tasks=0
2026/04/10 15:17:33 Heartbeat sent: CPU=11.2%, Memory=67.2%, Storage=75.4%, Tasks=0
2026/04/10 15:17:38 Heartbeat sent: CPU=8.9%, Memory=67.2%, Storage=75.4%, Tasks=0
2026/04/10 15:17:43 Heartbeat sent: CPU=8.4%, Memory=67.5%, Storage=75.4%, Tasks=0
2026/04/10 15:17:48 Heartbeat sent: CPU=7.4%, Memory=67.9%, Storage=75.4%, Tasks=0
2026/04/10 15:17:53 Heartbeat sent: CPU=7.4%, Memory=67.8%, Storage=75.4%, Tasks=0
2026/04/10 15:17:58 Heartbeat sent: CPU=6.4%, Memory=67.7%, Storage=75.4%, Tasks=0
2026/04/10 15:18:03 Heartbeat sent: CPU=12.8%, Memory=69.8%, Storage=75.4%, Tasks=0
2026/04/10 15:18:08 Heartbeat sent: CPU=14.0%, Memory=71.6%, Storage=75.4%, Tasks=0
2026/04/10 15:18:13 Heartbeat sent: CPU=8.2%, Memory=68.2%, Storage=75.4%, Tasks=0
2026/04/10 15:18:18 Heartbeat sent: CPU=7.8%, Memory=67.2%, Storage=75.4%, Tasks=0
2026/04/10 15:18:23 Heartbeat sent: CPU=9.4%, Memory=67.7%, Storage=75.4%, Tasks=0
2026/04/10 15:18:28 Heartbeat sent: CPU=14.5%, Memory=68.9%, Storage=75.4%, Tasks=0
2026/04/10 15:18:33 Heartbeat sent: CPU=12.6%, Memory=68.5%, Storage=75.4%, Tasks=0
2026/04/10 15:18:38 Heartbeat sent: CPU=17.7%, Memory=69.9%, Storage=75.4%, Tasks=0
2026/04/10 15:18:43 Heartbeat sent: CPU=9.4%, Memory=68.2%, Storage=75.4%, Tasks=0
2026/04/10 15:18:48 Heartbeat sent: CPU=9.5%, Memory=67.6%, Storage=75.4%, Tasks=0
2026/04/10 15:18:53 Heartbeat sent: CPU=8.2%, Memory=68.0%, Storage=75.4%, Tasks=0
2026/04/10 15:18:58 Heartbeat sent: CPU=7.0%, Memory=67.8%, Storage=75.4%, Tasks=0
2026/04/10 15:19:03 Heartbeat sent: CPU=8.6%, Memory=68.1%, Storage=75.4%, Tasks=0
2026/04/10 15:19:08 Heartbeat sent: CPU=11.7%, Memory=68.4%, Storage=75.4%, Tasks=0
2026/04/10 15:19:13 Heartbeat sent: CPU=7.7%, Memory=68.3%, Storage=75.4%, Tasks=0
2026/04/10 15:19:18 Heartbeat sent: CPU=8.3%, Memory=68.1%, Storage=75.4%, Tasks=0
2026/04/10 15:19:23 Heartbeat sent: CPU=8.7%, Memory=68.1%, Storage=75.4%, Tasks=0
2026/04/10 15:19:28 Heartbeat sent: CPU=8.1%, Memory=68.1%, Storage=75.4%, Tasks=0
2026/04/10 15:19:33 Heartbeat sent: CPU=14.4%, Memory=68.0%, Storage=75.4%, Tasks=0
2026/04/10 15:19:38 Heartbeat sent: CPU=9.3%, Memory=68.9%, Storage=75.4%, Tasks=0
2026/04/10 15:19:43 Heartbeat sent: CPU=9.3%, Memory=68.1%, Storage=75.4%, Tasks=0
2026/04/10 15:19:48 Heartbeat sent: CPU=8.2%, Memory=68.0%, Storage=75.4%, Tasks=0
2026/04/10 15:19:53 Heartbeat sent: CPU=11.4%, Memory=68.7%, Storage=75.4%, Tasks=0
2026/04/10 15:19:58 Heartbeat sent: CPU=24.3%, Memory=68.6%, Storage=75.4%, Tasks=0
2026/04/10 15:20:03 Heartbeat sent: CPU=8.3%, Memory=67.9%, Storage=75.4%, Tasks=0
2026/04/10 15:20:08 Heartbeat sent: CPU=6.2%, Memory=66.1%, Storage=75.4%, Tasks=0
2026/04/10 15:20:13 Heartbeat sent: CPU=6.8%, Memory=65.6%, Storage=75.4%, Tasks=0
2026/04/10 15:20:18 Heartbeat sent: CPU=8.2%, Memory=65.8%, Storage=75.4%, Tasks=0
2026/04/10 15:20:23 Heartbeat sent: CPU=6.5%, Memory=65.8%, Storage=75.4%, Tasks=0
2026/04/10 15:20:28 Heartbeat sent: CPU=9.6%, Memory=66.8%, Storage=75.4%, Tasks=0
2026/04/10 15:20:33 Heartbeat sent: CPU=8.9%, Memory=66.7%, Storage=75.4%, Tasks=0
2026/04/10 15:20:38 Heartbeat sent: CPU=6.2%, Memory=66.5%, Storage=75.4%, Tasks=0
2026/04/10 15:20:43 Heartbeat sent: CPU=8.1%, Memory=66.5%, Storage=75.4%, Tasks=0
2026/04/10 15:20:48 Heartbeat sent: CPU=8.2%, Memory=66.7%, Storage=75.4%, Tasks=0
2026/04/10 15:20:58 Heartbeat sent: CPU=21.4%, Memory=68.6%, Storage=75.4%, Tasks=0
2026/04/10 15:21:03 Heartbeat sent: CPU=7.8%, Memory=67.8%, Storage=75.4%, Tasks=0
2026/04/10 15:29:33 Heartbeat sent: CPU=22.0%, Memory=70.4%, Storage=75.4%, Tasks=0
2026/04/10 15:29:38 Heartbeat sent: CPU=29.9%, Memory=69.4%, Storage=75.4%, Tasks=0
2026/04/10 15:29:43 Heartbeat sent: CPU=28.5%, Memory=70.0%, Storage=75.4%, Tasks=0
2026/04/10 15:29:48 Heartbeat sent: CPU=17.6%, Memory=68.7%, Storage=75.4%, Tasks=0
2026/04/10 15:29:53 Heartbeat sent: CPU=92.7%, Memory=69.4%, Storage=75.4%, Tasks=0
2026/04/10 15:29:58 Heartbeat sent: CPU=100.0%, Memory=69.4%, Storage=75.4%, Tasks=0
2026/04/10 15:30:03 Heartbeat sent: CPU=99.9%, Memory=70.5%, Storage=75.4%, Tasks=0
2026/04/10 15:30:08 Heartbeat sent: CPU=18.6%, Memory=71.6%, Storage=75.4%, Tasks=0
2026/04/10 15:30:13 Heartbeat sent: CPU=15.2%, Memory=69.9%, Storage=75.4%, Tasks=0
2026/04/10 15:30:18 Heartbeat sent: CPU=12.4%, Memory=69.8%, Storage=75.4%, Tasks=0
2026/04/10 15:30:23 Heartbeat sent: CPU=13.7%, Memory=69.4%, Storage=75.4%, Tasks=0
2026/04/10 15:30:28 Heartbeat sent: CPU=13.8%, Memory=69.4%, Storage=75.4%, Tasks=0
2026/04/10 15:30:33 Heartbeat sent: CPU=14.0%, Memory=70.1%, Storage=75.4%, Tasks=0
2026/04/10 15:30:38 Heartbeat sent: CPU=14.5%, Memory=70.1%, Storage=75.4%, Tasks=0
2026/04/10 15:30:43 Heartbeat sent: CPU=16.6%, Memory=70.3%, Storage=75.4%, Tasks=0
2026/04/10 15:30:48 Heartbeat sent: CPU=13.8%, Memory=70.4%, Storage=75.4%, Tasks=0
2026/04/10 15:30:53 Heartbeat sent: CPU=15.1%, Memory=70.5%, Storage=75.4%, Tasks=0
2026/04/10 15:30:58 Heartbeat sent: CPU=12.7%, Memory=70.4%, Storage=75.4%, Tasks=0
2026/04/10 15:31:03 Heartbeat sent: CPU=13.9%, Memory=70.6%, Storage=75.4%, Tasks=0
2026/04/10 15:31:08 Heartbeat sent: CPU=14.8%, Memory=70.4%, Storage=75.4%, Tasks=0
2026/04/10 15:31:13 Heartbeat sent: CPU=13.2%, Memory=70.4%, Storage=75.4%, Tasks=0
2026/04/10 15:31:18 Heartbeat sent: CPU=15.5%, Memory=70.3%, Storage=75.4%, Tasks=0
2026/04/10 15:31:23 Heartbeat sent: CPU=13.5%, Memory=70.0%, Storage=75.4%, Tasks=0
2026/04/10 15:31:28 Heartbeat sent: CPU=13.0%, Memory=69.8%, Storage=75.4%, Tasks=0
2026/04/10 15:31:33 Heartbeat sent: CPU=16.5%, Memory=71.5%, Storage=75.4%, Tasks=0
2026/04/10 15:31:38 Heartbeat sent: CPU=13.1%, Memory=70.3%, Storage=75.4%, Tasks=0
2026/04/10 15:31:43 Heartbeat sent: CPU=12.5%, Memory=70.0%, Storage=75.4%, Tasks=0
2026/04/10 15:31:48 Heartbeat sent: CPU=13.8%, Memory=70.2%, Storage=75.4%, Tasks=0
2026/04/10 15:31:53 Heartbeat sent: CPU=13.1%, Memory=70.4%, Storage=75.4%, Tasks=0
2026/04/10 15:31:58 Heartbeat sent: CPU=14.7%, Memory=70.6%, Storage=75.4%, Tasks=0
2026/04/10 15:32:03 Heartbeat sent: CPU=11.0%, Memory=71.2%, Storage=75.4%, Tasks=0
2026/04/10 15:32:08 Heartbeat sent: CPU=9.9%, Memory=71.1%, Storage=75.4%, Tasks=0
2026/04/10 15:32:13 Heartbeat sent: CPU=9.4%, Memory=71.5%, Storage=75.4%, Tasks=0
2026/04/10 15:32:18 Heartbeat sent: CPU=9.8%, Memory=71.0%, Storage=75.4%, Tasks=0
2026/04/10 15:32:23 Heartbeat sent: CPU=10.8%, Memory=71.0%, Storage=75.4%, Tasks=0
2026/04/10 15:32:28 Heartbeat sent: CPU=15.6%, Memory=70.6%, Storage=75.4%, Tasks=0
2026/04/10 15:32:33 Heartbeat sent: CPU=15.4%, Memory=70.6%, Storage=75.4%, Tasks=0
2026/04/10 15:32:38 Heartbeat sent: CPU=12.6%, Memory=70.6%, Storage=75.4%, Tasks=0
2026/04/10 15:32:43 Heartbeat sent: CPU=12.7%, Memory=71.1%, Storage=75.4%, Tasks=0
2026/04/10 15:32:48 Heartbeat sent: CPU=9.4%, Memory=65.5%, Storage=75.4%, Tasks=0
2026/04/10 15:32:53 Heartbeat sent: CPU=9.2%, Memory=66.5%, Storage=75.4%, Tasks=0
2026/04/10 15:32:58 Heartbeat sent: CPU=11.3%, Memory=67.4%, Storage=75.4%, Tasks=0
2026/04/10 15:33:03 Heartbeat sent: CPU=99.4%, Memory=68.3%, Storage=75.4%, Tasks=0
2026/04/10 15:33:08 Heartbeat sent: CPU=8.8%, Memory=67.0%, Storage=75.4%, Tasks=0
2026/04/10 15:33:13 Heartbeat sent: CPU=10.3%, Memory=67.8%, Storage=75.4%, Tasks=0
2026/04/10 15:33:18 Heartbeat sent: CPU=8.6%, Memory=67.6%, Storage=75.4%, Tasks=0
2026/04/10 15:33:23 Heartbeat sent: CPU=7.4%, Memory=67.4%, Storage=75.4%, Tasks=0
2026/04/10 15:33:28 Heartbeat sent: CPU=10.9%, Memory=67.7%, Storage=75.4%, Tasks=0
2026/04/10 15:33:33 Heartbeat sent: CPU=9.9%, Memory=68.1%, Storage=75.4%, Tasks=0
2026/04/10 15:33:38 Heartbeat sent: CPU=8.4%, Memory=67.7%, Storage=75.4%, Tasks=0
2026/04/10 15:33:43 Heartbeat sent: CPU=7.9%, Memory=67.4%, Storage=75.4%, Tasks=0
2026/04/10 15:33:48 Heartbeat sent: CPU=15.5%, Memory=68.7%, Storage=75.4%, Tasks=0
2026/04/10 15:33:53 Heartbeat sent: CPU=8.0%, Memory=68.2%, Storage=75.4%, Tasks=0
2026/04/10 15:33:58 Heartbeat sent: CPU=9.2%, Memory=68.1%, Storage=75.4%, Tasks=0
2026/04/10 15:34:03 Heartbeat sent: CPU=13.5%, Memory=67.7%, Storage=75.4%, Tasks=0
2026/04/10 15:34:08 Heartbeat sent: CPU=13.1%, Memory=67.9%, Storage=75.4%, Tasks=0
2026/04/10 15:34:13 Heartbeat sent: CPU=13.1%, Memory=67.8%, Storage=75.4%, Tasks=0
2026/04/10 15:34:18 Heartbeat sent: CPU=14.3%, Memory=67.6%, Storage=75.4%, Tasks=0
2026/04/10 15:34:23 Heartbeat sent: CPU=12.6%, Memory=67.6%, Storage=75.4%, Tasks=0
2026/04/10 15:34:28 Heartbeat sent: CPU=12.4%, Memory=67.6%, Storage=75.4%, Tasks=0
2026/04/10 15:34:33 Heartbeat sent: CPU=18.3%, Memory=67.5%, Storage=75.4%, Tasks=0
2026/04/10 15:34:38 Heartbeat sent: CPU=12.7%, Memory=67.5%, Storage=75.4%, Tasks=0
2026/04/10 15:34:43 Heartbeat sent: CPU=12.2%, Memory=67.5%, Storage=75.4%, Tasks=0
2026/04/10 15:34:48 Heartbeat sent: CPU=12.6%, Memory=67.5%, Storage=75.4%, Tasks=0
2026/04/10 15:34:53 Heartbeat sent: CPU=13.9%, Memory=67.6%, Storage=75.4%, Tasks=0
2026/04/10 15:34:58 Heartbeat sent: CPU=12.0%, Memory=67.7%, Storage=75.4%, Tasks=0
2026/04/10 15:35:03 Heartbeat sent: CPU=13.4%, Memory=67.8%, Storage=75.4%, Tasks=0
2026/04/10 15:35:08 Heartbeat sent: CPU=12.9%, Memory=67.4%, Storage=75.4%, Tasks=0
2026/04/10 15:35:13 Heartbeat sent: CPU=12.7%, Memory=67.2%, Storage=75.4%, Tasks=0
2026/04/10 15:35:18 Heartbeat sent: CPU=12.2%, Memory=67.6%, Storage=75.4%, Tasks=0
2026/04/10 15:35:23 Heartbeat sent: CPU=15.4%, Memory=67.6%, Storage=75.4%, Tasks=0
2026/04/10 15:35:28 Heartbeat sent: CPU=12.7%, Memory=67.2%, Storage=75.4%, Tasks=0
2026/04/10 15:35:33 Heartbeat sent: CPU=12.7%, Memory=67.6%, Storage=75.4%, Tasks=0
2026/04/10 15:35:38 Heartbeat sent: CPU=13.7%, Memory=67.4%, Storage=75.4%, Tasks=0
2026/04/10 15:35:43 Heartbeat sent: CPU=12.8%, Memory=67.4%, Storage=75.4%, Tasks=0
2026/04/10 15:35:48 Heartbeat sent: CPU=12.8%, Memory=67.5%, Storage=75.4%, Tasks=0
2026/04/10 15:35:53 Heartbeat sent: CPU=10.3%, Memory=67.5%, Storage=75.4%, Tasks=0
2026/04/10 15:35:58 Heartbeat sent: CPU=6.9%, Memory=68.2%, Storage=75.4%, Tasks=0
2026/04/10 15:36:03 Heartbeat sent: CPU=7.9%, Memory=67.7%, Storage=75.4%, Tasks=0
2026/04/10 15:36:08 Heartbeat sent: CPU=14.4%, Memory=68.7%, Storage=75.4%, Tasks=0
2026/04/10 15:36:13 Heartbeat sent: CPU=16.0%, Memory=67.7%, Storage=75.4%, Tasks=0
2026/04/10 15:36:18 Heartbeat sent: CPU=13.6%, Memory=67.4%, Storage=75.4%, Tasks=0
2026/04/10 15:36:23 Heartbeat sent: CPU=12.1%, Memory=67.5%, Storage=75.4%, Tasks=0
2026/04/10 15:36:28 Heartbeat sent: CPU=12.9%, Memory=67.5%, Storage=75.4%, Tasks=0
2026/04/10 15:36:33 Heartbeat sent: CPU=12.4%, Memory=67.8%, Storage=75.4%, Tasks=0
2026/04/10 15:36:38 Heartbeat sent: CPU=13.5%, Memory=67.8%, Storage=75.4%, Tasks=0
2026/04/10 15:36:43 Heartbeat sent: CPU=11.8%, Memory=67.9%, Storage=75.4%, Tasks=0
2026/04/10 15:36:48 Heartbeat sent: CPU=12.6%, Memory=67.9%, Storage=75.4%, Tasks=0
2026/04/10 15:36:53 Heartbeat sent: CPU=12.7%, Memory=67.9%, Storage=75.4%, Tasks=0
2026/04/10 15:36:58 Heartbeat sent: CPU=13.2%, Memory=67.9%, Storage=75.4%, Tasks=0
2026/04/10 15:37:03 Heartbeat sent: CPU=13.3%, Memory=67.9%, Storage=75.4%, Tasks=0
2026/04/10 15:37:08 Heartbeat sent: CPU=14.0%, Memory=67.9%, Storage=75.4%, Tasks=0
2026/04/10 15:37:13 Heartbeat sent: CPU=12.7%, Memory=67.5%, Storage=75.4%, Tasks=0
2026/04/10 15:37:18 Heartbeat sent: CPU=13.5%, Memory=67.6%, Storage=75.4%, Tasks=0
2026/04/10 15:37:23 Heartbeat sent: CPU=14.3%, Memory=67.9%, Storage=75.4%, Tasks=0
2026/04/10 15:37:28 Heartbeat sent: CPU=12.7%, Memory=67.5%, Storage=75.4%, Tasks=0
2026/04/10 15:37:33 Heartbeat sent: CPU=12.6%, Memory=67.5%, Storage=75.4%, Tasks=0
2026/04/10 15:37:38 Heartbeat sent: CPU=13.1%, Memory=67.3%, Storage=75.4%, Tasks=0
2026/04/10 15:37:43 Heartbeat sent: CPU=12.7%, Memory=68.0%, Storage=75.4%, Tasks=0
2026/04/10 15:37:48 Heartbeat sent: CPU=13.3%, Memory=68.0%, Storage=75.4%, Tasks=0
2026/04/10 15:37:53 Heartbeat sent: CPU=12.7%, Memory=67.8%, Storage=75.4%, Tasks=0
2026/04/10 15:37:58 Heartbeat sent: CPU=11.7%, Memory=67.7%, Storage=75.4%, Tasks=0
2026/04/10 15:38:03 Heartbeat sent: CPU=13.9%, Memory=68.5%, Storage=75.4%, Tasks=0
2026/04/10 15:38:08 Heartbeat sent: CPU=14.3%, Memory=67.8%, Storage=75.4%, Tasks=0
2026/04/10 15:38:13 Heartbeat sent: CPU=13.0%, Memory=67.6%, Storage=75.4%, Tasks=0
2026/04/10 15:38:18 Heartbeat sent: CPU=13.1%, Memory=68.0%, Storage=75.4%, Tasks=0
2026/04/10 15:38:23 Heartbeat sent: CPU=15.4%, Memory=67.9%, Storage=75.4%, Tasks=0
2026/04/10 15:38:28 Heartbeat sent: CPU=13.1%, Memory=67.4%, Storage=75.4%, Tasks=0
2026/04/10 15:38:33 Heartbeat sent: CPU=9.5%, Memory=67.2%, Storage=75.4%, Tasks=0
2026/04/10 15:38:38 Heartbeat sent: CPU=7.6%, Memory=67.3%, Storage=75.4%, Tasks=0
2026/04/10 15:38:43 Heartbeat sent: CPU=8.7%, Memory=67.7%, Storage=75.4%, Tasks=0
2026/04/10 15:38:48 Heartbeat sent: CPU=8.2%, Memory=67.8%, Storage=75.4%, Tasks=0
2026/04/10 15:38:53 Heartbeat sent: CPU=13.0%, Memory=67.4%, Storage=75.4%, Tasks=0
2026/04/10 15:38:58 Heartbeat sent: CPU=11.4%, Memory=68.2%, Storage=75.4%, Tasks=0
2026/04/10 15:39:03 Heartbeat sent: CPU=11.7%, Memory=68.2%, Storage=75.4%, Tasks=0
2026/04/10 15:39:08 Heartbeat sent: CPU=11.9%, Memory=68.4%, Storage=75.4%, Tasks=0
2026/04/10 15:39:13 Heartbeat sent: CPU=10.2%, Memory=68.9%, Storage=75.4%, Tasks=0
2026/04/10 15:39:18 Heartbeat sent: CPU=16.0%, Memory=68.2%, Storage=75.4%, Tasks=0
2026/04/10 15:39:23 Heartbeat sent: CPU=18.8%, Memory=69.4%, Storage=75.4%, Tasks=0
2026/04/10 15:39:28 Heartbeat sent: CPU=10.7%, Memory=67.1%, Storage=75.4%, Tasks=0
2026/04/10 15:40:29 Heartbeat sent: CPU=41.8%, Memory=69.6%, Storage=75.4%, Tasks=0
2026/04/10 15:40:34 Heartbeat sent: CPU=15.3%, Memory=67.8%, Storage=75.4%, Tasks=0
2026/04/10 15:40:39 Heartbeat sent: CPU=39.0%, Memory=69.9%, Storage=75.4%, Tasks=0
2026/04/10 15:40:44 Heartbeat sent: CPU=14.8%, Memory=69.1%, Storage=75.4%, Tasks=0
2026/04/10 15:40:49 Heartbeat sent: CPU=31.6%, Memory=73.8%, Storage=75.4%, Tasks=0
2026/04/10 15:40:54 Heartbeat sent: CPU=12.6%, Memory=69.8%, Storage=75.4%, Tasks=0
2026/04/10 15:40:59 Heartbeat sent: CPU=25.3%, Memory=71.1%, Storage=75.4%, Tasks=0
2026/04/10 15:41:04 Heartbeat sent: CPU=18.8%, Memory=70.0%, Storage=75.4%, Tasks=0
2026/04/10 15:41:09 Heartbeat sent: CPU=18.6%, Memory=69.8%, Storage=75.4%, Tasks=0
2026/04/10 15:41:14 Heartbeat sent: CPU=21.8%, Memory=70.7%, Storage=75.4%, Tasks=0
2026/04/10 15:41:19 Heartbeat sent: CPU=17.7%, Memory=69.9%, Storage=75.4%, Tasks=0
2026/04/10 15:41:24 Heartbeat sent: CPU=24.7%, Memory=69.3%, Storage=75.4%, Tasks=0
2026/04/10 15:41:29 Heartbeat sent: CPU=24.4%, Memory=70.4%, Storage=75.4%, Tasks=0
2026/04/10 15:41:34 Heartbeat sent: CPU=19.1%, Memory=68.6%, Storage=75.4%, Tasks=0
2026/04/10 15:41:39 Heartbeat sent: CPU=11.4%, Memory=68.2%, Storage=75.4%, Tasks=0
2026/04/10 15:41:44 Heartbeat sent: CPU=16.1%, Memory=70.3%, Storage=75.4%, Tasks=0
2026/04/10 15:41:49 Heartbeat sent: CPU=9.2%, Memory=68.5%, Storage=75.4%, Tasks=0
2026/04/10 15:41:54 Heartbeat sent: CPU=9.3%, Memory=68.5%, Storage=75.4%, Tasks=0
2026/04/10 15:41:59 Heartbeat sent: CPU=10.1%, Memory=69.3%, Storage=75.4%, Tasks=0
2026/04/10 15:42:04 Heartbeat sent: CPU=9.6%, Memory=68.2%, Storage=75.4%, Tasks=0
2026/04/10 15:42:09 Heartbeat sent: CPU=9.3%, Memory=68.5%, Storage=75.4%, Tasks=0
2026/04/10 15:42:14 Heartbeat sent: CPU=9.9%, Memory=68.5%, Storage=75.4%, Tasks=0
2026/04/10 15:42:19 Heartbeat sent: CPU=11.6%, Memory=68.8%, Storage=75.4%, Tasks=0
2026/04/10 15:42:24 Heartbeat sent: CPU=11.0%, Memory=68.9%, Storage=75.4%, Tasks=0
2026/04/10 15:42:29 Heartbeat sent: CPU=8.5%, Memory=68.8%, Storage=75.4%, Tasks=0
2026/04/10 15:42:34 Heartbeat sent: CPU=7.1%, Memory=68.1%, Storage=75.4%, Tasks=0
2026/04/10 15:42:39 Heartbeat sent: CPU=8.1%, Memory=67.9%, Storage=75.4%, Tasks=0
2026/04/10 15:42:44 Heartbeat sent: CPU=7.3%, Memory=68.0%, Storage=75.4%, Tasks=0
2026/04/10 15:42:49 Heartbeat sent: CPU=8.1%, Memory=68.1%, Storage=75.4%, Tasks=0
2026/04/10 15:42:54 Heartbeat sent: CPU=7.8%, Memory=69.0%, Storage=75.4%, Tasks=0
2026/04/10 15:42:59 Heartbeat sent: CPU=26.1%, Memory=69.6%, Storage=75.4%, Tasks=0
2026/04/10 15:43:04 Heartbeat sent: CPU=14.4%, Memory=68.8%, Storage=75.4%, Tasks=0
2026/04/10 15:43:09 Heartbeat sent: CPU=14.7%, Memory=69.2%, Storage=75.4%, Tasks=0
2026/04/10 15:43:14 Heartbeat sent: CPU=19.0%, Memory=68.1%, Storage=75.4%, Tasks=0
2026/04/10 15:43:19 Heartbeat sent: CPU=17.2%, Memory=67.3%, Storage=75.4%, Tasks=0
2026/04/10 15:43:24 Heartbeat sent: CPU=13.1%, Memory=66.6%, Storage=75.4%, Tasks=0
2026/04/10 15:43:29 Heartbeat sent: CPU=12.0%, Memory=68.5%, Storage=75.4%, Tasks=0
2026/04/10 15:43:34 Heartbeat sent: CPU=10.4%, Memory=68.4%, Storage=75.4%, Tasks=0
2026/04/10 15:43:39 Heartbeat sent: CPU=11.5%, Memory=68.1%, Storage=75.4%, Tasks=0
2026/04/10 15:43:44 Heartbeat sent: CPU=8.9%, Memory=68.1%, Storage=75.4%, Tasks=0
2026/04/10 15:43:49 Heartbeat sent: CPU=7.4%, Memory=67.2%, Storage=75.4%, Tasks=0
2026/04/10 15:43:54 Heartbeat sent: CPU=6.6%, Memory=66.6%, Storage=75.4%, Tasks=0
2026/04/10 15:43:59 Heartbeat sent: CPU=14.7%, Memory=68.0%, Storage=75.4%, Tasks=0
2026/04/10 15:44:04 Heartbeat sent: CPU=7.1%, Memory=67.0%, Storage=75.4%, Tasks=0
2026/04/10 15:44:09 Heartbeat sent: CPU=8.1%, Memory=66.5%, Storage=75.4%, Tasks=0
2026/04/10 15:44:14 Heartbeat sent: CPU=8.9%, Memory=68.2%, Storage=75.4%, Tasks=0
2026/04/10 15:44:19 Heartbeat sent: CPU=19.7%, Memory=68.7%, Storage=75.4%, Tasks=0
2026/04/10 15:44:24 Heartbeat sent: CPU=17.0%, Memory=68.8%, Storage=75.4%, Tasks=0
2026/04/10 15:44:29 Heartbeat sent: CPU=15.8%, Memory=68.6%, Storage=75.4%, Tasks=0
2026/04/10 15:44:34 Heartbeat sent: CPU=16.4%, Memory=68.6%, Storage=75.4%, Tasks=0
2026/04/10 15:44:39 Heartbeat sent: CPU=17.1%, Memory=68.6%, Storage=75.4%, Tasks=0
2026/04/10 15:44:44 Heartbeat sent: CPU=18.0%, Memory=68.9%, Storage=75.4%, Tasks=0
2026/04/10 15:44:49 Heartbeat sent: CPU=13.4%, Memory=67.4%, Storage=75.4%, Tasks=0
2026/04/10 15:44:54 Heartbeat sent: CPU=9.2%, Memory=67.8%, Storage=75.4%, Tasks=0
2026/04/10 15:44:59 Heartbeat sent: CPU=21.5%, Memory=68.0%, Storage=75.4%, Tasks=0
2026/04/10 15:45:04 Heartbeat sent: CPU=11.8%, Memory=68.1%, Storage=75.4%, Tasks=0
2026/04/10 15:45:09 Heartbeat sent: CPU=14.8%, Memory=68.1%, Storage=75.4%, Tasks=0
2026/04/10 15:45:14 Heartbeat sent: CPU=12.9%, Memory=65.9%, Storage=75.4%, Tasks=0
2026/04/10 15:45:19 Heartbeat sent: CPU=8.9%, Memory=64.2%, Storage=75.4%, Tasks=0
2026/04/10 15:45:24 Heartbeat sent: CPU=7.3%, Memory=63.7%, Storage=75.4%, Tasks=0
2026/04/10 15:45:29 Heartbeat sent: CPU=9.5%, Memory=62.8%, Storage=75.4%, Tasks=0
2026/04/10 15:45:34 Heartbeat sent: CPU=6.8%, Memory=62.2%, Storage=75.4%, Tasks=0
2026/04/10 15:45:39 Heartbeat sent: CPU=15.3%, Memory=64.3%, Storage=75.4%, Tasks=0
2026/04/10 15:45:44 Heartbeat sent: CPU=11.9%, Memory=64.0%, Storage=75.4%, Tasks=0
2026/04/10 15:45:49 Heartbeat sent: CPU=14.0%, Memory=64.1%, Storage=75.4%, Tasks=0
2026/04/10 15:45:54 Heartbeat sent: CPU=8.5%, Memory=63.9%, Storage=75.4%, Tasks=0
2026/04/10 15:45:59 Heartbeat sent: CPU=13.1%, Memory=64.0%, Storage=75.4%, Tasks=0
2026/04/10 15:46:04 Heartbeat sent: CPU=7.2%, Memory=63.4%, Storage=75.4%, Tasks=0
2026/04/10 15:46:09 Heartbeat sent: CPU=6.3%, Memory=62.8%, Storage=75.4%, Tasks=0
2026/04/10 15:46:14 Heartbeat sent: CPU=8.0%, Memory=64.2%, Storage=75.4%, Tasks=0
2026/04/10 15:46:19 Heartbeat sent: CPU=10.1%, Memory=63.9%, Storage=75.4%, Tasks=0
2026/04/10 15:46:24 Heartbeat sent: CPU=10.2%, Memory=64.5%, Storage=75.4%, Tasks=0
2026/04/10 15:46:29 Heartbeat sent: CPU=13.4%, Memory=64.5%, Storage=75.4%, Tasks=0
2026/04/10 15:46:34 Heartbeat sent: CPU=9.6%, Memory=64.6%, Storage=75.4%, Tasks=0
2026/04/10 15:46:39 Heartbeat sent: CPU=9.7%, Memory=64.5%, Storage=75.4%, Tasks=0
2026/04/10 15:46:44 Heartbeat sent: CPU=15.0%, Memory=64.6%, Storage=75.4%, Tasks=0
2026/04/10 15:46:49 Heartbeat sent: CPU=11.1%, Memory=64.4%, Storage=75.4%, Tasks=0
2026/04/10 15:46:54 Heartbeat sent: CPU=11.8%, Memory=64.1%, Storage=75.4%, Tasks=0
2026/04/10 15:46:59 Heartbeat sent: CPU=8.4%, Memory=63.7%, Storage=75.4%, Tasks=0
2026/04/10 15:47:04 Heartbeat sent: CPU=14.0%, Memory=64.1%, Storage=75.4%, Tasks=0
2026/04/10 15:47:09 Heartbeat sent: CPU=14.9%, Memory=64.1%, Storage=75.4%, Tasks=0
2026/04/10 15:47:14 Heartbeat sent: CPU=9.2%, Memory=64.6%, Storage=75.4%, Tasks=0
2026/04/10 15:47:19 Heartbeat sent: CPU=10.4%, Memory=64.4%, Storage=75.4%, Tasks=0
2026/04/10 15:47:24 Heartbeat sent: CPU=7.2%, Memory=64.7%, Storage=75.4%, Tasks=0
2026/04/10 15:47:29 Heartbeat sent: CPU=9.4%, Memory=64.8%, Storage=75.4%, Tasks=0
2026/04/10 15:47:34 Heartbeat sent: CPU=9.5%, Memory=64.0%, Storage=75.4%, Tasks=0
2026/04/10 15:47:39 Heartbeat sent: CPU=16.5%, Memory=63.8%, Storage=75.4%, Tasks=0
2026/04/10 15:47:44 Heartbeat sent: CPU=10.0%, Memory=65.7%, Storage=75.4%, Tasks=0
2026/04/10 15:47:49 Heartbeat sent: CPU=11.5%, Memory=65.1%, Storage=75.4%, Tasks=0
2026/04/10 15:47:54 Heartbeat sent: CPU=12.2%, Memory=64.6%, Storage=75.4%, Tasks=0
2026/04/10 15:47:59 Heartbeat sent: CPU=13.4%, Memory=64.8%, Storage=75.4%, Tasks=0
2026/04/10 15:48:04 Heartbeat sent: CPU=10.8%, Memory=64.7%, Storage=75.4%, Tasks=0
2026/04/10 15:48:09 Heartbeat sent: CPU=9.9%, Memory=65.6%, Storage=75.4%, Tasks=0
2026/04/10 15:48:14 Heartbeat sent: CPU=17.1%, Memory=65.0%, Storage=75.4%, Tasks=0
2026/04/10 15:48:19 Heartbeat sent: CPU=15.8%, Memory=67.4%, Storage=75.4%, Tasks=0
2026/04/10 15:48:24 Heartbeat sent: CPU=8.9%, Memory=65.9%, Storage=75.4%, Tasks=0
2026/04/10 15:48:29 Heartbeat sent: CPU=9.6%, Memory=65.6%, Storage=75.4%, Tasks=0
2026/04/10 15:48:34 Heartbeat sent: CPU=14.0%, Memory=66.8%, Storage=75.4%, Tasks=0
2026/04/10 15:48:39 Heartbeat sent: CPU=16.1%, Memory=66.7%, Storage=75.4%, Tasks=0
2026/04/10 15:48:44 Heartbeat sent: CPU=15.5%, Memory=66.5%, Storage=75.4%, Tasks=0
2026/04/10 15:48:49 Heartbeat sent: CPU=13.5%, Memory=66.3%, Storage=75.4%, Tasks=0
2026/04/10 15:48:54 Heartbeat sent: CPU=16.5%, Memory=65.7%, Storage=75.4%, Tasks=0
2026/04/10 15:48:59 Heartbeat sent: CPU=17.4%, Memory=66.5%, Storage=75.4%, Tasks=0
2026/04/10 15:49:04 Heartbeat sent: CPU=11.4%, Memory=65.2%, Storage=75.4%, Tasks=0
2026/04/10 15:49:09 Heartbeat sent: CPU=18.5%, Memory=66.4%, Storage=75.4%, Tasks=0
2026/04/10 15:49:14 Heartbeat sent: CPU=6.7%, Memory=65.3%, Storage=75.4%, Tasks=0
2026/04/10 15:49:19 Heartbeat sent: CPU=11.4%, Memory=66.5%, Storage=75.4%, Tasks=0
2026/04/10 15:49:24 Heartbeat sent: CPU=11.4%, Memory=66.4%, Storage=75.4%, Tasks=0
2026/04/10 15:49:29 Heartbeat sent: CPU=9.7%, Memory=66.1%, Storage=75.4%, Tasks=0
2026/04/10 15:49:34 Heartbeat sent: CPU=14.6%, Memory=66.2%, Storage=75.4%, Tasks=0
2026/04/10 15:49:39 Heartbeat sent: CPU=13.5%, Memory=66.4%, Storage=75.4%, Tasks=0
2026/04/10 15:49:44 Heartbeat sent: CPU=16.1%, Memory=66.1%, Storage=75.4%, Tasks=0
2026/04/10 15:49:49 Heartbeat sent: CPU=16.4%, Memory=66.1%, Storage=75.4%, Tasks=0
2026/04/10 15:49:54 Heartbeat sent: CPU=8.6%, Memory=66.1%, Storage=75.4%, Tasks=0
2026/04/10 15:49:59 Heartbeat sent: CPU=13.1%, Memory=65.7%, Storage=75.4%, Tasks=0
2026/04/10 15:50:04 Heartbeat sent: CPU=10.1%, Memory=64.9%, Storage=75.4%, Tasks=0
2026/04/10 15:50:09 Heartbeat sent: CPU=7.3%, Memory=65.4%, Storage=75.4%, Tasks=0
2026/04/10 15:50:14 Heartbeat sent: CPU=11.7%, Memory=66.2%, Storage=75.4%, Tasks=0
2026/04/10 15:50:19 Heartbeat sent: CPU=11.9%, Memory=66.4%, Storage=75.4%, Tasks=0
2026/04/10 15:50:24 Heartbeat sent: CPU=16.4%, Memory=67.7%, Storage=75.4%, Tasks=0
2026/04/10 15:50:29 Heartbeat sent: CPU=8.9%, Memory=65.8%, Storage=75.4%, Tasks=0
2026/04/10 15:50:34 Heartbeat sent: CPU=15.7%, Memory=67.1%, Storage=75.4%, Tasks=0
2026/04/10 15:50:39 Heartbeat sent: CPU=12.8%, Memory=67.4%, Storage=75.4%, Tasks=0
2026/04/10 15:50:44 Heartbeat sent: CPU=14.7%, Memory=67.5%, Storage=75.4%, Tasks=0
2026/04/10 15:50:49 Heartbeat sent: CPU=13.8%, Memory=66.6%, Storage=75.4%, Tasks=0
2026/04/10 15:50:54 Heartbeat sent: CPU=8.9%, Memory=65.4%, Storage=75.4%, Tasks=0
2026/04/10 15:50:59 Heartbeat sent: CPU=10.7%, Memory=65.2%, Storage=75.4%, Tasks=0
2026/04/10 15:51:04 Heartbeat sent: CPU=8.7%, Memory=66.0%, Storage=75.4%, Tasks=0
2026/04/10 15:51:09 Heartbeat sent: CPU=14.3%, Memory=65.7%, Storage=75.4%, Tasks=0
2026/04/10 15:51:14 Heartbeat sent: CPU=8.5%, Memory=65.0%, Storage=75.4%, Tasks=0
2026/04/10 15:51:19 Heartbeat sent: CPU=8.8%, Memory=64.6%, Storage=75.4%, Tasks=0
2026/04/10 15:51:24 Heartbeat sent: CPU=17.0%, Memory=64.4%, Storage=75.4%, Tasks=0
2026/04/10 15:51:29 Heartbeat sent: CPU=15.6%, Memory=67.4%, Storage=75.4%, Tasks=0
2026/04/10 15:51:34 Heartbeat sent: CPU=8.7%, Memory=64.9%, Storage=75.4%, Tasks=0
2026/04/10 15:51:39 Heartbeat sent: CPU=17.4%, Memory=67.0%, Storage=75.4%, Tasks=0
2026/04/10 15:51:44 Heartbeat sent: CPU=9.2%, Memory=65.5%, Storage=75.4%, Tasks=0
2026/04/10 15:51:49 Heartbeat sent: CPU=13.6%, Memory=64.6%, Storage=75.4%, Tasks=0
2026/04/10 15:51:54 Heartbeat sent: CPU=16.5%, Memory=66.2%, Storage=75.4%, Tasks=0
2026/04/10 15:51:59 Heartbeat sent: CPU=13.2%, Memory=66.2%, Storage=75.4%, Tasks=0
2026/04/10 15:52:04 Heartbeat sent: CPU=9.3%, Memory=65.1%, Storage=75.4%, Tasks=0
2026/04/10 15:52:09 Heartbeat sent: CPU=17.2%, Memory=67.0%, Storage=75.4%, Tasks=0
2026/04/10 15:52:14 Heartbeat sent: CPU=8.8%, Memory=65.4%, Storage=75.4%, Tasks=0
2026/04/10 15:52:19 Heartbeat sent: CPU=13.2%, Memory=66.7%, Storage=75.4%, Tasks=0
2026/04/10 15:52:24 Heartbeat sent: CPU=18.5%, Memory=66.6%, Storage=75.4%, Tasks=0
2026/04/10 15:52:29 Heartbeat sent: CPU=18.5%, Memory=66.5%, Storage=75.4%, Tasks=0
2026/04/10 15:52:34 Heartbeat sent: CPU=8.7%, Memory=64.7%, Storage=75.4%, Tasks=0
2026/04/10 15:52:39 Heartbeat sent: CPU=15.6%, Memory=65.6%, Storage=75.4%, Tasks=0
2026/04/10 15:52:44 Heartbeat sent: CPU=11.6%, Memory=66.1%, Storage=75.4%, Tasks=0
2026/04/10 15:52:49 Heartbeat sent: CPU=15.8%, Memory=66.9%, Storage=75.4%, Tasks=0
2026/04/10 15:52:54 Heartbeat sent: CPU=18.3%, Memory=66.5%, Storage=75.4%, Tasks=0
2026/04/10 15:52:59 Heartbeat sent: CPU=17.8%, Memory=66.4%, Storage=75.4%, Tasks=0
2026/04/10 15:53:04 Heartbeat sent: CPU=12.2%, Memory=66.4%, Storage=75.4%, Tasks=0
2026/04/10 15:53:09 Heartbeat sent: CPU=8.9%, Memory=64.5%, Storage=75.4%, Tasks=0
2026/04/10 15:53:14 Heartbeat sent: CPU=13.1%, Memory=65.8%, Storage=75.4%, Tasks=0
2026/04/10 15:53:19 Heartbeat sent: CPU=19.4%, Memory=66.6%, Storage=75.4%, Tasks=0
2026/04/10 15:53:24 Heartbeat sent: CPU=7.7%, Memory=64.8%, Storage=75.4%, Tasks=0
2026/04/10 15:53:29 Heartbeat sent: CPU=9.0%, Memory=64.5%, Storage=75.4%, Tasks=0
2026/04/10 15:53:34 Heartbeat sent: CPU=9.0%, Memory=64.1%, Storage=75.4%, Tasks=0
2026/04/10 15:53:39 Heartbeat sent: CPU=15.8%, Memory=65.7%, Storage=75.4%, Tasks=0
2026/04/10 15:53:44 Heartbeat sent: CPU=14.7%, Memory=65.5%, Storage=75.4%, Tasks=0
2026/04/10 15:53:49 Heartbeat sent: CPU=13.2%, Memory=65.8%, Storage=75.4%, Tasks=0
2026/04/10 15:53:54 Heartbeat sent: CPU=15.7%, Memory=65.7%, Storage=75.4%, Tasks=0
2026/04/10 15:53:59 Heartbeat sent: CPU=11.8%, Memory=64.7%, Storage=75.4%, Tasks=0
2026/04/10 15:54:04 Heartbeat sent: CPU=17.1%, Memory=66.4%, Storage=75.4%, Tasks=0
2026/04/10 15:54:09 Heartbeat sent: CPU=18.3%, Memory=66.7%, Storage=75.4%, Tasks=0
2026/04/10 15:54:14 Heartbeat sent: CPU=7.9%, Memory=65.1%, Storage=75.4%, Tasks=0
2026/04/10 15:54:19 Heartbeat sent: CPU=17.5%, Memory=66.3%, Storage=75.4%, Tasks=0
2026/04/10 15:54:24 Heartbeat sent: CPU=17.9%, Memory=66.0%, Storage=75.4%, Tasks=0
2026/04/10 15:54:29 Heartbeat sent: CPU=13.8%, Memory=65.9%, Storage=75.4%, Tasks=0
2026/04/10 15:54:34 Heartbeat sent: CPU=18.2%, Memory=67.1%, Storage=75.4%, Tasks=0
2026/04/10 15:54:39 Heartbeat sent: CPU=20.6%, Memory=66.8%, Storage=75.4%, Tasks=0
2026/04/10 15:54:44 Heartbeat sent: CPU=10.2%, Memory=65.2%, Storage=75.4%, Tasks=0
2026/04/10 15:54:49 Heartbeat sent: CPU=12.8%, Memory=65.6%, Storage=75.4%, Tasks=0
2026/04/10 15:54:54 Heartbeat sent: CPU=18.2%, Memory=64.2%, Storage=75.4%, Tasks=0
2026/04/10 15:54:59 Heartbeat sent: CPU=9.5%, Memory=63.6%, Storage=75.4%, Tasks=0
2026/04/10 15:55:04 Heartbeat sent: CPU=10.8%, Memory=63.6%, Storage=75.4%, Tasks=0
2026/04/10 15:55:09 Heartbeat sent: CPU=33.4%, Memory=66.7%, Storage=75.4%, Tasks=0
2026/04/10 15:55:14 Heartbeat sent: CPU=60.8%, Memory=67.2%, Storage=75.4%, Tasks=0
2026/04/10 15:55:19 Heartbeat sent: CPU=34.0%, Memory=66.9%, Storage=75.4%, Tasks=0
2026/04/10 15:55:24 Heartbeat sent: CPU=14.4%, Memory=66.1%, Storage=75.4%, Tasks=0
2026/04/10 15:55:29 Heartbeat sent: CPU=31.3%, Memory=66.6%, Storage=75.4%, Tasks=0
2026/04/10 15:55:34 Heartbeat sent: CPU=12.0%, Memory=66.9%, Storage=75.4%, Tasks=0
2026/04/10 15:55:39 Heartbeat sent: CPU=15.1%, Memory=67.8%, Storage=75.4%, Tasks=0
2026/04/10 15:55:44 Heartbeat sent: CPU=14.9%, Memory=67.3%, Storage=75.4%, Tasks=0
2026/04/10 15:55:49 Heartbeat sent: CPU=10.8%, Memory=67.7%, Storage=75.4%, Tasks=0
2026/04/10 15:55:54 Heartbeat sent: CPU=10.6%, Memory=67.4%, Storage=75.4%, Tasks=0
2026/04/10 15:55:59 Heartbeat sent: CPU=9.8%, Memory=67.4%, Storage=75.4%, Tasks=0
2026/04/10 15:56:04 Heartbeat sent: CPU=11.0%, Memory=67.5%, Storage=75.4%, Tasks=0
2026/04/10 15:56:09 Heartbeat sent: CPU=9.0%, Memory=66.5%, Storage=75.4%, Tasks=0
2026/04/10 15:56:14 Heartbeat sent: CPU=10.7%, Memory=66.9%, Storage=75.4%, Tasks=0
2026/04/10 15:56:19 Heartbeat sent: CPU=14.5%, Memory=66.8%, Storage=75.4%, Tasks=0
2026/04/10 15:56:24 Heartbeat sent: CPU=11.0%, Memory=66.8%, Storage=75.4%, Tasks=0
2026/04/10 15:56:29 Heartbeat sent: CPU=14.3%, Memory=67.0%, Storage=75.4%, Tasks=0
2026/04/10 15:56:34 Heartbeat sent: CPU=9.4%, Memory=66.9%, Storage=75.4%, Tasks=0
2026/04/10 15:56:39 Heartbeat sent: CPU=9.3%, Memory=67.0%, Storage=75.4%, Tasks=0
2026/04/10 15:56:44 Heartbeat sent: CPU=10.6%, Memory=67.4%, Storage=75.4%, Tasks=0
2026/04/10 15:56:49 Heartbeat sent: CPU=10.4%, Memory=67.3%, Storage=75.4%, Tasks=0
2026/04/10 15:56:54 Heartbeat sent: CPU=15.3%, Memory=67.5%, Storage=75.4%, Tasks=0
2026/04/10 15:56:59 Heartbeat sent: CPU=12.4%, Memory=67.5%, Storage=75.4%, Tasks=0
2026/04/10 15:57:04 Heartbeat sent: CPU=16.1%, Memory=67.0%, Storage=75.4%, Tasks=0
2026/04/10 15:57:09 Heartbeat sent: CPU=13.8%, Memory=67.1%, Storage=75.4%, Tasks=0
2026/04/10 15:57:14 Heartbeat sent: CPU=16.8%, Memory=67.3%, Storage=75.4%, Tasks=0
2026/04/10 15:57:19 Heartbeat sent: CPU=15.5%, Memory=67.1%, Storage=75.4%, Tasks=0
2026/04/10 15:57:24 Heartbeat sent: CPU=13.2%, Memory=67.0%, Storage=75.4%, Tasks=0
2026/04/10 15:57:29 Heartbeat sent: CPU=19.2%, Memory=68.4%, Storage=75.4%, Tasks=0
2026/04/10 15:57:34 Heartbeat sent: CPU=8.8%, Memory=66.4%, Storage=75.4%, Tasks=0
2026/04/10 15:57:39 Heartbeat sent: CPU=25.3%, Memory=67.5%, Storage=75.4%, Tasks=0
2026/04/10 15:57:44 Heartbeat sent: CPU=8.9%, Memory=66.8%, Storage=75.4%, Tasks=0
2026/04/10 15:57:49 Heartbeat sent: CPU=7.1%, Memory=66.5%, Storage=75.4%, Tasks=0
2026/04/10 15:57:54 Heartbeat sent: CPU=7.3%, Memory=66.4%, Storage=75.4%, Tasks=0
2026/04/10 15:57:59 Heartbeat sent: CPU=7.4%, Memory=66.4%, Storage=75.4%, Tasks=0
2026/04/10 15:58:04 Heartbeat sent: CPU=7.7%, Memory=66.6%, Storage=75.4%, Tasks=0
2026/04/10 15:58:09 Heartbeat sent: CPU=7.0%, Memory=66.5%, Storage=75.4%, Tasks=0
2026/04/10 15:58:14 Heartbeat sent: CPU=7.3%, Memory=66.9%, Storage=75.4%, Tasks=0
2026/04/10 15:58:19 Heartbeat sent: CPU=7.8%, Memory=66.8%, Storage=75.4%, Tasks=0
2026/04/10 15:58:24 Heartbeat sent: CPU=6.7%, Memory=66.6%, Storage=75.4%, Tasks=0
2026/04/10 15:58:29 Heartbeat sent: CPU=7.3%, Memory=66.4%, Storage=75.4%, Tasks=0
2026/04/10 15:58:34 Heartbeat sent: CPU=12.6%, Memory=67.0%, Storage=75.4%, Tasks=0
2026/04/10 15:58:39 Heartbeat sent: CPU=13.5%, Memory=66.8%, Storage=75.4%, Tasks=0
2026/04/10 15:58:44 Heartbeat sent: CPU=17.1%, Memory=67.1%, Storage=75.4%, Tasks=0
2026/04/10 15:58:49 Heartbeat sent: CPU=19.0%, Memory=66.2%, Storage=75.4%, Tasks=0
2026/04/10 15:58:54 Heartbeat sent: CPU=23.7%, Memory=66.3%, Storage=75.4%, Tasks=0
2026/04/10 15:58:59 Heartbeat sent: CPU=14.7%, Memory=66.5%, Storage=75.4%, Tasks=0
2026/04/10 15:59:04 Heartbeat sent: CPU=16.1%, Memory=66.5%, Storage=75.4%, Tasks=0
2026/04/10 15:59:09 Heartbeat sent: CPU=11.7%, Memory=66.5%, Storage=75.4%, Tasks=0
2026/04/10 15:59:14 Heartbeat sent: CPU=7.7%, Memory=65.0%, Storage=75.4%, Tasks=0
2026/04/10 15:59:19 Heartbeat sent: CPU=12.8%, Memory=66.6%, Storage=75.4%, Tasks=0
2026/04/10 15:59:24 Heartbeat sent: CPU=11.1%, Memory=66.4%, Storage=75.4%, Tasks=0
2026/04/10 15:59:29 Heartbeat sent: CPU=16.3%, Memory=66.5%, Storage=75.4%, Tasks=0
2026/04/10 15:59:34 Heartbeat sent: CPU=11.3%, Memory=66.4%, Storage=75.4%, Tasks=0
2026/04/10 15:59:39 Heartbeat sent: CPU=12.0%, Memory=66.2%, Storage=75.4%, Tasks=0
2026/04/10 15:59:44 Heartbeat sent: CPU=11.2%, Memory=66.3%, Storage=75.4%, Tasks=0
2026/04/10 15:59:49 Heartbeat sent: CPU=10.9%, Memory=66.5%, Storage=75.4%, Tasks=0
2026/04/10 15:59:54 Heartbeat sent: CPU=10.8%, Memory=66.5%, Storage=75.4%, Tasks=0
2026/04/10 15:59:59 Heartbeat sent: CPU=11.5%, Memory=66.2%, Storage=75.4%, Tasks=0
2026/04/10 16:00:04 Heartbeat sent: CPU=8.1%, Memory=65.0%, Storage=75.4%, Tasks=0
2026/04/10 16:00:09 Heartbeat sent: CPU=7.9%, Memory=65.8%, Storage=75.4%, Tasks=0
2026/04/10 16:00:14 Heartbeat sent: CPU=6.7%, Memory=64.2%, Storage=75.4%, Tasks=0
2026/04/10 16:00:19 Heartbeat sent: CPU=7.4%, Memory=63.8%, Storage=75.4%, Tasks=0
2026/04/10 16:00:24 Heartbeat sent: CPU=18.4%, Memory=67.0%, Storage=75.4%, Tasks=0
2026/04/10 16:00:29 Heartbeat sent: CPU=13.1%, Memory=66.0%, Storage=75.4%, Tasks=0
2026/04/10 16:00:34 Heartbeat sent: CPU=8.9%, Memory=66.1%, Storage=75.4%, Tasks=0
2026/04/10 16:00:39 Heartbeat sent: CPU=9.8%, Memory=66.4%, Storage=75.4%, Tasks=0
2026/04/10 16:00:44 Heartbeat sent: CPU=9.9%, Memory=66.2%, Storage=75.4%, Tasks=0
2026/04/10 16:00:49 Heartbeat sent: CPU=19.8%, Memory=66.1%, Storage=75.4%, Tasks=0
2026/04/10 16:00:54 Heartbeat sent: CPU=7.8%, Memory=64.6%, Storage=75.4%, Tasks=0
2026/04/10 16:00:59 Heartbeat sent: CPU=7.4%, Memory=63.9%, Storage=75.4%, Tasks=0
2026/04/10 16:01:04 Heartbeat sent: CPU=7.5%, Memory=64.6%, Storage=75.4%, Tasks=0
2026/04/10 16:01:09 Heartbeat sent: CPU=17.5%, Memory=67.2%, Storage=75.4%, Tasks=0
2026/04/10 16:01:14 Heartbeat sent: CPU=13.5%, Memory=66.0%, Storage=75.4%, Tasks=0
2026/04/10 16:01:19 Heartbeat sent: CPU=14.8%, Memory=66.4%, Storage=75.4%, Tasks=0
2026/04/10 16:01:24 Heartbeat sent: CPU=13.3%, Memory=66.1%, Storage=75.4%, Tasks=0
2026/04/10 16:01:29 Heartbeat sent: CPU=16.4%, Memory=67.1%, Storage=75.4%, Tasks=0
2026/04/10 16:01:34 Heartbeat sent: CPU=17.2%, Memory=66.4%, Storage=75.4%, Tasks=0
2026/04/10 16:01:39 Heartbeat sent: CPU=19.2%, Memory=66.7%, Storage=75.4%, Tasks=0
2026/04/10 16:01:44 Heartbeat sent: CPU=17.1%, Memory=66.6%, Storage=75.4%, Tasks=0
2026/04/10 16:01:49 Heartbeat sent: CPU=11.7%, Memory=66.8%, Storage=75.4%, Tasks=0
2026/04/10 16:01:54 Heartbeat sent: CPU=7.8%, Memory=66.5%, Storage=75.4%, Tasks=0
2026/04/10 16:01:59 Heartbeat sent: CPU=9.3%, Memory=66.6%, Storage=75.4%, Tasks=0
2026/04/10 16:02:04 Heartbeat sent: CPU=7.8%, Memory=66.5%, Storage=75.4%, Tasks=0
2026/04/10 16:02:09 Heartbeat sent: CPU=9.1%, Memory=66.4%, Storage=75.4%, Tasks=0
2026/04/10 16:02:14 Heartbeat sent: CPU=10.0%, Memory=66.5%, Storage=75.4%, Tasks=0
2026/04/10 16:02:19 Heartbeat sent: CPU=10.1%, Memory=66.3%, Storage=75.4%, Tasks=0
2026/04/10 16:02:24 Heartbeat sent: CPU=15.4%, Memory=66.4%, Storage=75.4%, Tasks=0
2026/04/10 16:02:29 Heartbeat sent: CPU=16.6%, Memory=67.1%, Storage=75.4%, Tasks=0
2026/04/10 16:02:34 Heartbeat sent: CPU=16.6%, Memory=66.6%, Storage=75.4%, Tasks=0
2026/04/10 16:02:39 Heartbeat sent: CPU=15.6%, Memory=66.6%, Storage=75.4%, Tasks=0
2026/04/10 16:02:44 Heartbeat sent: CPU=15.0%, Memory=66.5%, Storage=75.4%, Tasks=0
2026/04/10 16:02:49 Heartbeat sent: CPU=13.9%, Memory=66.5%, Storage=75.4%, Tasks=0
2026/04/10 16:02:54 Heartbeat sent: CPU=9.7%, Memory=66.5%, Storage=75.4%, Tasks=0
2026/04/10 16:02:59 Heartbeat sent: CPU=16.5%, Memory=66.8%, Storage=75.4%, Tasks=0
2026/04/10 16:03:04 Heartbeat sent: CPU=15.9%, Memory=66.5%, Storage=75.4%, Tasks=0
2026/04/10 16:03:09 Heartbeat sent: CPU=14.7%, Memory=66.4%, Storage=75.4%, Tasks=0
2026/04/10 16:03:14 Heartbeat sent: CPU=15.0%, Memory=66.9%, Storage=75.4%, Tasks=0
2026/04/10 16:03:19 Heartbeat sent: CPU=15.5%, Memory=66.6%, Storage=75.4%, Tasks=0
2026/04/10 16:03:24 Heartbeat sent: CPU=7.4%, Memory=66.1%, Storage=75.4%, Tasks=0
2026/04/10 16:03:29 Heartbeat sent: CPU=7.4%, Memory=64.9%, Storage=75.4%, Tasks=0
2026/04/10 16:03:34 Heartbeat sent: CPU=13.4%, Memory=66.2%, Storage=75.4%, Tasks=0
2026/04/10 16:03:39 Heartbeat sent: CPU=7.8%, Memory=65.1%, Storage=75.4%, Tasks=0
2026/04/10 16:03:44 Heartbeat sent: CPU=11.2%, Memory=66.3%, Storage=75.4%, Tasks=0
2026/04/10 16:03:49 Heartbeat sent: CPU=12.1%, Memory=66.5%, Storage=75.4%, Tasks=0
2026/04/10 16:03:54 Heartbeat sent: CPU=9.7%, Memory=66.4%, Storage=75.4%, Tasks=0
2026/04/10 16:03:59 Heartbeat sent: CPU=18.6%, Memory=66.8%, Storage=75.4%, Tasks=0
2026/04/10 16:04:04 Heartbeat sent: CPU=16.6%, Memory=67.0%, Storage=75.4%, Tasks=0
2026/04/10 16:04:09 Heartbeat sent: CPU=22.7%, Memory=66.9%, Storage=75.4%, Tasks=0
2026/04/10 16:04:14 Heartbeat sent: CPU=9.3%, Memory=66.7%, Storage=75.4%, Tasks=0
2026/04/10 16:04:19 Heartbeat sent: CPU=10.1%, Memory=66.7%, Storage=75.4%, Tasks=0
2026/04/10 16:04:24 Heartbeat sent: CPU=11.0%, Memory=65.5%, Storage=75.4%, Tasks=0
2026/04/10 16:04:29 Heartbeat sent: CPU=11.5%, Memory=66.7%, Storage=75.4%, Tasks=0
2026/04/10 16:04:34 Heartbeat sent: CPU=17.0%, Memory=66.5%, Storage=75.4%, Tasks=0
2026/04/10 16:04:39 Heartbeat sent: CPU=16.9%, Memory=66.4%, Storage=75.4%, Tasks=0
2026/04/10 16:04:44 Heartbeat sent: CPU=15.1%, Memory=66.4%, Storage=75.4%, Tasks=0
2026/04/10 16:04:49 Heartbeat sent: CPU=17.6%, Memory=66.8%, Storage=75.4%, Tasks=0
2026/04/10 16:04:54 Heartbeat sent: CPU=15.7%, Memory=67.0%, Storage=75.4%, Tasks=0
2026/04/10 16:04:59 Heartbeat sent: CPU=17.5%, Memory=67.2%, Storage=75.4%, Tasks=0
2026/04/10 16:05:04 Heartbeat sent: CPU=11.2%, Memory=65.8%, Storage=75.4%, Tasks=0
2026/04/10 16:05:09 Heartbeat sent: CPU=14.0%, Memory=66.1%, Storage=75.4%, Tasks=0
2026/04/10 16:05:14 Heartbeat sent: CPU=22.5%, Memory=66.6%, Storage=75.4%, Tasks=0
2026/04/10 16:05:19 Heartbeat sent: CPU=14.8%, Memory=66.4%, Storage=75.4%, Tasks=0
2026/04/10 16:05:24 Heartbeat sent: CPU=13.1%, Memory=66.1%, Storage=75.4%, Tasks=0
2026/04/10 16:05:29 Heartbeat sent: CPU=10.6%, Memory=66.2%, Storage=75.4%, Tasks=0
2026/04/10 16:05:34 Heartbeat sent: CPU=11.9%, Memory=66.0%, Storage=75.4%, Tasks=0
2026/04/10 16:05:39 Heartbeat sent: CPU=11.4%, Memory=66.3%, Storage=75.4%, Tasks=0
2026/04/10 16:05:44 Heartbeat sent: CPU=14.9%, Memory=66.1%, Storage=75.4%, Tasks=0
2026/04/10 16:05:49 Heartbeat sent: CPU=13.2%, Memory=65.9%, Storage=75.4%, Tasks=0
2026/04/10 16:05:54 Heartbeat sent: CPU=10.1%, Memory=65.8%, Storage=75.4%, Tasks=0
2026/04/10 16:05:59 Heartbeat sent: CPU=16.1%, Memory=65.9%, Storage=75.4%, Tasks=0
2026/04/10 16:06:04 Heartbeat sent: CPU=16.8%, Memory=66.1%, Storage=75.4%, Tasks=0
2026/04/10 16:06:09 Heartbeat sent: CPU=13.4%, Memory=65.8%, Storage=75.4%, Tasks=0
2026/04/10 16:06:14 Heartbeat sent: CPU=11.2%, Memory=67.0%, Storage=75.4%, Tasks=0
2026/04/10 16:06:19 Heartbeat sent: CPU=11.2%, Memory=66.5%, Storage=75.4%, Tasks=0
2026/04/10 16:06:24 Heartbeat sent: CPU=15.5%, Memory=66.3%, Storage=75.4%, Tasks=0
2026/04/10 16:06:29 Heartbeat sent: CPU=16.7%, Memory=67.6%, Storage=75.4%, Tasks=0
2026/04/10 16:06:34 Heartbeat sent: CPU=9.8%, Memory=65.3%, Storage=75.4%, Tasks=0
2026/04/10 16:06:39 Heartbeat sent: CPU=7.2%, Memory=64.6%, Storage=75.4%, Tasks=0
2026/04/10 16:06:44 Heartbeat sent: CPU=7.9%, Memory=64.5%, Storage=75.4%, Tasks=0
2026/04/10 16:06:49 Heartbeat sent: CPU=11.4%, Memory=64.5%, Storage=75.4%, Tasks=0
2026/04/10 16:06:54 Heartbeat sent: CPU=7.6%, Memory=64.5%, Storage=75.4%, Tasks=0
2026/04/10 16:06:59 Heartbeat sent: CPU=8.4%, Memory=64.5%, Storage=75.4%, Tasks=0
2026/04/10 16:07:04 Heartbeat sent: CPU=8.9%, Memory=64.5%, Storage=75.4%, Tasks=0
2026/04/10 16:07:09 Heartbeat sent: CPU=17.9%, Memory=67.4%, Storage=75.4%, Tasks=0
2026/04/10 16:07:14 Heartbeat sent: CPU=13.4%, Memory=66.3%, Storage=75.4%, Tasks=0
2026/04/10 16:07:19 Heartbeat sent: CPU=18.6%, Memory=66.2%, Storage=75.4%, Tasks=0
2026/04/10 16:07:24 Heartbeat sent: CPU=16.3%, Memory=66.1%, Storage=75.4%, Tasks=0
2026/04/10 16:07:29 Heartbeat sent: CPU=15.9%, Memory=66.4%, Storage=75.4%, Tasks=0
2026/04/10 16:07:34 Heartbeat sent: CPU=22.0%, Memory=64.3%, Storage=75.4%, Tasks=0
2026/04/10 16:07:39 Heartbeat sent: CPU=16.6%, Memory=65.1%, Storage=75.4%, Tasks=0
2026/04/10 16:07:44 Heartbeat sent: CPU=15.1%, Memory=64.3%, Storage=75.4%, Tasks=0
2026/04/10 16:07:49 Heartbeat sent: CPU=11.5%, Memory=64.8%, Storage=75.4%, Tasks=0
2026/04/10 16:07:54 Heartbeat sent: CPU=15.2%, Memory=64.5%, Storage=75.4%, Tasks=0
2026/04/10 16:07:59 Heartbeat sent: CPU=12.9%, Memory=64.5%, Storage=75.4%, Tasks=0
2026/04/10 16:08:04 Heartbeat sent: CPU=18.3%, Memory=65.7%, Storage=75.4%, Tasks=0
2026/04/10 16:08:09 Heartbeat sent: CPU=20.4%, Memory=65.6%, Storage=75.4%, Tasks=0
2026/04/10 16:08:14 Heartbeat sent: CPU=10.1%, Memory=64.2%, Storage=75.4%, Tasks=0
2026/04/10 16:08:19 Heartbeat sent: CPU=15.8%, Memory=63.8%, Storage=75.4%, Tasks=0
2026/04/10 16:08:24 Heartbeat sent: CPU=16.4%, Memory=67.4%, Storage=75.4%, Tasks=0
2026/04/10 16:08:29 Heartbeat sent: CPU=24.4%, Memory=66.5%, Storage=75.4%, Tasks=0
2026/04/10 16:08:34 Heartbeat sent: CPU=16.0%, Memory=66.1%, Storage=75.4%, Tasks=0
2026/04/10 16:08:39 Heartbeat sent: CPU=13.7%, Memory=66.1%, Storage=75.4%, Tasks=0
2026/04/10 16:08:44 Heartbeat sent: CPU=16.8%, Memory=65.8%, Storage=75.4%, Tasks=0
2026/04/10 16:08:49 Heartbeat sent: CPU=13.7%, Memory=66.0%, Storage=75.4%, Tasks=0
2026/04/10 16:08:54 Heartbeat sent: CPU=22.0%, Memory=67.1%, Storage=75.4%, Tasks=0
2026/04/10 16:08:59 Heartbeat sent: CPU=10.9%, Memory=66.4%, Storage=75.4%, Tasks=0
2026/04/10 16:09:04 Heartbeat sent: CPU=17.4%, Memory=66.8%, Storage=75.4%, Tasks=0
2026/04/10 16:09:09 Heartbeat sent: CPU=9.3%, Memory=64.6%, Storage=75.4%, Tasks=0
2026/04/10 16:09:14 Heartbeat sent: CPU=11.8%, Memory=65.2%, Storage=75.4%, Tasks=0
2026/04/10 16:09:19 Heartbeat sent: CPU=7.2%, Memory=64.4%, Storage=75.4%, Tasks=0
2026/04/10 16:09:24 Heartbeat sent: CPU=8.1%, Memory=64.5%, Storage=75.4%, Tasks=0
2026/04/10 16:09:29 Heartbeat sent: CPU=16.1%, Memory=65.4%, Storage=75.4%, Tasks=0
2026/04/10 16:09:34 Heartbeat sent: CPU=12.1%, Memory=65.2%, Storage=75.4%, Tasks=0
2026/04/10 16:09:39 Heartbeat sent: CPU=9.0%, Memory=65.4%, Storage=75.4%, Tasks=0
2026/04/10 16:09:44 Heartbeat sent: CPU=9.5%, Memory=65.2%, Storage=75.4%, Tasks=0
2026/04/10 16:09:49 Heartbeat sent: CPU=15.3%, Memory=65.6%, Storage=75.4%, Tasks=0
2026/04/10 16:09:54 Heartbeat sent: CPU=11.1%, Memory=65.2%, Storage=75.4%, Tasks=0
2026/04/10 16:09:59 Heartbeat sent: CPU=10.2%, Memory=65.4%, Storage=75.4%, Tasks=0
2026/04/10 16:10:04 Heartbeat sent: CPU=14.8%, Memory=65.6%, Storage=75.4%, Tasks=0
2026/04/10 16:10:09 Heartbeat sent: CPU=11.5%, Memory=65.4%, Storage=75.4%, Tasks=0
2026/04/10 16:10:14 Heartbeat sent: CPU=18.0%, Memory=65.8%, Storage=75.4%, Tasks=0
2026/04/10 16:10:19 Heartbeat sent: CPU=14.8%, Memory=65.3%, Storage=75.4%, Tasks=0
2026/04/10 16:10:24 Heartbeat sent: CPU=13.9%, Memory=66.0%, Storage=75.4%, Tasks=0
2026/04/10 16:10:29 Heartbeat sent: CPU=11.6%, Memory=65.4%, Storage=75.4%, Tasks=0
2026/04/10 16:10:34 Heartbeat sent: CPU=12.2%, Memory=65.5%, Storage=75.4%, Tasks=0
2026/04/10 16:10:39 Heartbeat sent: CPU=13.5%, Memory=65.5%, Storage=75.4%, Tasks=0
2026/04/10 16:10:44 Heartbeat sent: CPU=7.3%, Memory=64.5%, Storage=75.4%, Tasks=0
2026/04/10 16:10:49 Heartbeat sent: CPU=9.6%, Memory=65.9%, Storage=75.4%, Tasks=0
2026/04/10 16:10:54 Heartbeat sent: CPU=10.0%, Memory=64.1%, Storage=75.4%, Tasks=0
2026/04/10 16:10:59 Heartbeat sent: CPU=11.6%, Memory=65.4%, Storage=75.4%, Tasks=0
2026/04/10 16:11:04 Heartbeat sent: CPU=15.1%, Memory=66.1%, Storage=75.4%, Tasks=0
2026/04/10 16:11:09 Heartbeat sent: CPU=9.2%, Memory=65.9%, Storage=75.4%, Tasks=0
2026/04/10 16:11:14 Heartbeat sent: CPU=8.7%, Memory=65.5%, Storage=75.4%, Tasks=0
2026/04/10 16:11:19 Heartbeat sent: CPU=13.4%, Memory=65.7%, Storage=75.4%, Tasks=0
2026/04/10 16:11:24 Heartbeat sent: CPU=15.6%, Memory=65.9%, Storage=75.4%, Tasks=0
2026/04/10 16:11:29 Heartbeat sent: CPU=9.4%, Memory=65.6%, Storage=75.4%, Tasks=0
2026/04/10 16:11:34 Heartbeat sent: CPU=11.6%, Memory=65.6%, Storage=75.4%, Tasks=0
2026/04/10 16:11:39 Heartbeat sent: CPU=14.5%, Memory=66.5%, Storage=75.4%, Tasks=0
2026/04/10 16:11:44 Heartbeat sent: CPU=18.0%, Memory=66.9%, Storage=75.4%, Tasks=0
2026/04/10 16:11:49 Heartbeat sent: CPU=13.8%, Memory=65.7%, Storage=75.4%, Tasks=0
2026/04/10 16:11:54 Heartbeat sent: CPU=9.1%, Memory=64.7%, Storage=75.4%, Tasks=0
2026/04/10 16:11:59 Heartbeat sent: CPU=21.3%, Memory=67.0%, Storage=75.4%, Tasks=0
2026/04/10 16:12:04 Heartbeat sent: CPU=12.0%, Memory=66.0%, Storage=75.4%, Tasks=0
2026/04/10 16:12:09 Heartbeat sent: CPU=15.9%, Memory=65.7%, Storage=75.4%, Tasks=0
2026/04/10 16:12:14 Heartbeat sent: CPU=7.7%, Memory=66.3%, Storage=75.4%, Tasks=0
2026/04/10 16:12:19 Heartbeat sent: CPU=8.5%, Memory=65.9%, Storage=75.4%, Tasks=0
2026/04/10 16:12:24 Heartbeat sent: CPU=12.9%, Memory=66.1%, Storage=75.4%, Tasks=0
2026/04/10 16:12:29 Heartbeat sent: CPU=16.1%, Memory=66.0%, Storage=75.4%, Tasks=0
2026/04/10 16:12:34 Heartbeat sent: CPU=7.5%, Memory=64.6%, Storage=75.4%, Tasks=0
2026/04/10 16:12:39 Heartbeat sent: CPU=7.1%, Memory=64.7%, Storage=75.4%, Tasks=0
2026/04/10 16:12:44 Heartbeat sent: CPU=6.5%, Memory=64.3%, Storage=75.4%, Tasks=0
2026/04/10 16:12:49 Heartbeat sent: CPU=6.4%, Memory=64.0%, Storage=75.4%, Tasks=0
2026/04/10 16:12:54 Heartbeat sent: CPU=7.8%, Memory=63.9%, Storage=75.4%, Tasks=0
2026/04/10 16:12:59 Heartbeat sent: CPU=7.4%, Memory=64.0%, Storage=75.4%, Tasks=0
2026/04/10 16:13:04 Heartbeat sent: CPU=8.5%, Memory=64.6%, Storage=75.4%, Tasks=0
2026/04/10 16:13:09 Heartbeat sent: CPU=7.9%, Memory=64.3%, Storage=75.4%, Tasks=0
2026/04/10 16:13:14 Heartbeat sent: CPU=7.9%, Memory=64.0%, Storage=75.4%, Tasks=0
2026/04/10 16:13:19 Heartbeat sent: CPU=9.7%, Memory=65.9%, Storage=75.4%, Tasks=0
2026/04/10 16:13:24 Heartbeat sent: CPU=10.7%, Memory=65.8%, Storage=75.4%, Tasks=0
2026/04/10 16:13:29 Heartbeat sent: CPU=7.3%, Memory=64.6%, Storage=75.4%, Tasks=0
2026/04/10 16:13:34 Heartbeat sent: CPU=10.5%, Memory=66.2%, Storage=75.4%, Tasks=0
2026/04/10 16:13:39 Heartbeat sent: CPU=10.1%, Memory=65.8%, Storage=75.4%, Tasks=0
2026/04/10 16:13:44 Heartbeat sent: CPU=23.2%, Memory=65.5%, Storage=75.4%, Tasks=0
2026/04/10 16:13:49 Heartbeat sent: CPU=13.0%, Memory=65.2%, Storage=75.4%, Tasks=0
2026/04/10 16:13:54 Heartbeat sent: CPU=19.5%, Memory=65.2%, Storage=75.4%, Tasks=0
2026/04/10 16:13:59 Heartbeat sent: CPU=12.1%, Memory=65.2%, Storage=75.4%, Tasks=0
2026/04/10 16:14:04 Heartbeat sent: CPU=13.1%, Memory=65.6%, Storage=75.4%, Tasks=0
2026/04/10 16:14:09 Heartbeat sent: CPU=6.7%, Memory=64.6%, Storage=75.4%, Tasks=0
2026/04/10 16:14:14 Heartbeat sent: CPU=8.6%, Memory=64.4%, Storage=75.4%, Tasks=0
2026/04/10 16:14:19 Heartbeat sent: CPU=6.6%, Memory=63.6%, Storage=75.4%, Tasks=0
2026/04/10 16:14:24 Heartbeat sent: CPU=7.0%, Memory=63.5%, Storage=75.4%, Tasks=0
2026/04/10 16:14:29 Heartbeat sent: CPU=7.2%, Memory=63.5%, Storage=75.4%, Tasks=0
2026/04/10 16:14:34 Heartbeat sent: CPU=8.0%, Memory=63.5%, Storage=75.4%, Tasks=0
2026/04/10 16:14:39 Heartbeat sent: CPU=6.6%, Memory=64.0%, Storage=75.4%, Tasks=0
2026/04/10 16:14:44 Heartbeat sent: CPU=7.3%, Memory=64.1%, Storage=75.4%, Tasks=0
2026/04/10 16:14:49 Heartbeat sent: CPU=7.1%, Memory=64.0%, Storage=75.4%, Tasks=0
2026/04/10 16:14:54 Heartbeat sent: CPU=6.8%, Memory=63.7%, Storage=75.4%, Tasks=0
2026/04/10 16:14:59 Heartbeat sent: CPU=7.6%, Memory=63.7%, Storage=75.4%, Tasks=0
2026/04/10 16:15:04 Heartbeat sent: CPU=8.6%, Memory=64.2%, Storage=75.4%, Tasks=0
2026/04/10 16:15:09 Heartbeat sent: CPU=7.4%, Memory=63.9%, Storage=75.4%, Tasks=0
2026/04/10 16:15:14 Heartbeat sent: CPU=7.5%, Memory=63.7%, Storage=75.4%, Tasks=0
2026/04/10 16:15:19 Heartbeat sent: CPU=6.8%, Memory=63.6%, Storage=75.4%, Tasks=0
2026/04/10 16:15:24 Heartbeat sent: CPU=7.0%, Memory=63.6%, Storage=75.4%, Tasks=0
2026/04/10 16:15:29 Heartbeat sent: CPU=7.7%, Memory=63.6%, Storage=75.4%, Tasks=0
2026/04/10 16:15:34 Heartbeat sent: CPU=12.4%, Memory=65.3%, Storage=75.4%, Tasks=0
2026/04/10 16:15:39 Heartbeat sent: CPU=10.7%, Memory=65.8%, Storage=75.4%, Tasks=0
2026/04/10 16:15:44 Heartbeat sent: CPU=18.4%, Memory=66.0%, Storage=75.4%, Tasks=0
2026/04/10 16:15:49 Heartbeat sent: CPU=17.1%, Memory=66.0%, Storage=75.4%, Tasks=0
2026/04/10 16:15:54 Heartbeat sent: CPU=15.0%, Memory=65.7%, Storage=75.4%, Tasks=0
2026/04/10 16:15:59 Heartbeat sent: CPU=17.4%, Memory=66.1%, Storage=75.4%, Tasks=0
2026/04/10 16:16:04 Heartbeat sent: CPU=19.0%, Memory=66.5%, Storage=75.4%, Tasks=0
2026/04/10 16:16:09 Heartbeat sent: CPU=17.0%, Memory=66.3%, Storage=75.4%, Tasks=0
2026/04/10 16:16:14 Heartbeat sent: CPU=13.1%, Memory=66.1%, Storage=75.4%, Tasks=0
2026/04/10 16:16:19 Heartbeat sent: CPU=13.9%, Memory=66.0%, Storage=75.4%, Tasks=0
2026/04/10 16:16:24 Heartbeat sent: CPU=13.6%, Memory=66.2%, Storage=75.4%, Tasks=0
2026/04/10 16:16:29 Heartbeat sent: CPU=14.1%, Memory=66.1%, Storage=75.4%, Tasks=0
2026/04/10 16:16:34 Heartbeat sent: CPU=13.6%, Memory=66.1%, Storage=75.4%, Tasks=0
2026/04/10 16:16:39 Heartbeat sent: CPU=17.3%, Memory=66.1%, Storage=75.4%, Tasks=0
2026/04/10 16:16:44 Heartbeat sent: CPU=15.2%, Memory=66.2%, Storage=75.4%, Tasks=0
2026/04/10 16:16:49 Heartbeat sent: CPU=17.1%, Memory=66.3%, Storage=75.4%, Tasks=0
2026/04/10 16:16:54 Heartbeat sent: CPU=12.5%, Memory=66.4%, Storage=75.4%, Tasks=0
2026/04/10 16:16:59 Heartbeat sent: CPU=20.1%, Memory=66.3%, Storage=75.4%, Tasks=0
2026/04/10 16:17:04 Heartbeat sent: CPU=10.2%, Memory=65.6%, Storage=75.4%, Tasks=0
2026/04/10 16:17:09 Heartbeat sent: CPU=11.6%, Memory=65.9%, Storage=75.4%, Tasks=0
2026/04/10 16:17:14 Heartbeat sent: CPU=11.8%, Memory=65.7%, Storage=75.4%, Tasks=0
2026/04/10 16:17:19 Heartbeat sent: CPU=12.1%, Memory=66.1%, Storage=75.4%, Tasks=0
2026/04/10 16:17:24 Heartbeat sent: CPU=8.2%, Memory=64.7%, Storage=75.4%, Tasks=0
2026/04/10 16:17:29 Heartbeat sent: CPU=12.3%, Memory=66.1%, Storage=75.4%, Tasks=0
2026/04/10 16:17:34 Heartbeat sent: CPU=11.8%, Memory=67.0%, Storage=75.4%, Tasks=0
2026/04/10 16:17:39 Heartbeat sent: CPU=8.3%, Memory=64.7%, Storage=75.4%, Tasks=0
2026/04/10 16:17:44 Heartbeat sent: CPU=7.5%, Memory=64.0%, Storage=75.4%, Tasks=0
2026/04/10 16:17:49 Heartbeat sent: CPU=6.5%, Memory=63.6%, Storage=75.4%, Tasks=0
2026/04/10 16:17:54 Heartbeat sent: CPU=6.4%, Memory=63.6%, Storage=75.4%, Tasks=0
2026/04/10 16:17:59 Heartbeat sent: CPU=9.2%, Memory=63.7%, Storage=75.4%, Tasks=0
2026/04/10 16:18:04 Heartbeat sent: CPU=12.4%, Memory=65.9%, Storage=75.4%, Tasks=0
2026/04/10 16:18:09 Heartbeat sent: CPU=11.5%, Memory=65.5%, Storage=75.4%, Tasks=0
2026/04/10 16:18:14 Heartbeat sent: CPU=11.0%, Memory=64.4%, Storage=75.4%, Tasks=0
2026/04/10 16:18:19 Heartbeat sent: CPU=7.0%, Memory=64.8%, Storage=75.4%, Tasks=0
2026/04/10 16:18:24 Heartbeat sent: CPU=16.1%, Memory=65.2%, Storage=75.4%, Tasks=0
2026/04/10 16:18:29 Heartbeat sent: CPU=11.8%, Memory=64.7%, Storage=75.4%, Tasks=0
2026/04/10 16:18:34 Heartbeat sent: CPU=12.1%, Memory=64.3%, Storage=75.4%, Tasks=0
2026/04/10 16:18:39 Heartbeat sent: CPU=7.1%, Memory=63.9%, Storage=75.4%, Tasks=0
2026/04/10 16:18:44 Heartbeat sent: CPU=7.1%, Memory=64.6%, Storage=75.4%, Tasks=0
2026/04/10 16:18:49 Heartbeat sent: CPU=18.0%, Memory=64.8%, Storage=75.4%, Tasks=0
2026/04/10 16:18:54 Heartbeat sent: CPU=10.3%, Memory=64.8%, Storage=75.4%, Tasks=0
2026/04/10 16:18:59 Heartbeat sent: CPU=12.5%, Memory=65.3%, Storage=75.4%, Tasks=0
2026/04/10 16:19:04 Heartbeat sent: CPU=16.0%, Memory=65.8%, Storage=75.4%, Tasks=0
2026/04/10 16:19:09 Heartbeat sent: CPU=10.7%, Memory=65.7%, Storage=75.4%, Tasks=0
2026/04/10 16:19:14 Heartbeat sent: CPU=12.2%, Memory=65.9%, Storage=75.4%, Tasks=0
2026/04/10 16:19:19 Heartbeat sent: CPU=11.3%, Memory=65.6%, Storage=75.4%, Tasks=0
2026/04/10 16:19:24 Heartbeat sent: CPU=11.7%, Memory=64.8%, Storage=75.4%, Tasks=0
2026/04/10 16:19:29 Heartbeat sent: CPU=10.5%, Memory=65.5%, Storage=75.4%, Tasks=0
2026/04/10 16:19:34 Heartbeat sent: CPU=8.4%, Memory=65.6%, Storage=75.4%, Tasks=0
2026/04/10 16:19:39 Heartbeat sent: CPU=12.9%, Memory=66.4%, Storage=75.4%, Tasks=0
2026/04/10 16:19:44 Heartbeat sent: CPU=6.8%, Memory=63.8%, Storage=75.4%, Tasks=0
2026/04/10 16:19:49 Heartbeat sent: CPU=6.5%, Memory=64.9%, Storage=75.4%, Tasks=0
2026/04/10 16:19:54 Heartbeat sent: CPU=7.1%, Memory=63.6%, Storage=75.4%, Tasks=0
2026/04/10 16:19:59 Heartbeat sent: CPU=7.2%, Memory=63.2%, Storage=75.4%, Tasks=0
2026/04/10 16:20:04 Heartbeat sent: CPU=7.7%, Memory=63.8%, Storage=75.4%, Tasks=0
2026/04/10 16:20:09 Heartbeat sent: CPU=6.7%, Memory=63.8%, Storage=75.4%, Tasks=0
2026/04/10 16:20:14 Heartbeat sent: CPU=7.0%, Memory=63.4%, Storage=75.4%, Tasks=0
2026/04/10 16:20:19 Heartbeat sent: CPU=6.5%, Memory=63.3%, Storage=75.4%, Tasks=0
2026/04/10 16:20:24 Heartbeat sent: CPU=9.3%, Memory=63.5%, Storage=75.4%, Tasks=0
2026/04/10 16:20:29 Heartbeat sent: CPU=11.9%, Memory=65.0%, Storage=75.4%, Tasks=0
2026/04/10 16:20:34 Heartbeat sent: CPU=12.3%, Memory=65.5%, Storage=75.4%, Tasks=0
2026/04/10 16:20:39 Heartbeat sent: CPU=16.5%, Memory=66.0%, Storage=75.4%, Tasks=0
2026/04/10 16:20:44 Heartbeat sent: CPU=19.5%, Memory=66.0%, Storage=75.4%, Tasks=0
2026/04/10 16:20:49 Heartbeat sent: CPU=16.5%, Memory=65.7%, Storage=75.4%, Tasks=0
2026/04/10 16:20:54 Heartbeat sent: CPU=15.7%, Memory=65.6%, Storage=75.4%, Tasks=0
2026/04/10 16:20:59 Heartbeat sent: CPU=9.0%, Memory=65.4%, Storage=75.4%, Tasks=0
2026/04/10 16:21:04 Heartbeat sent: CPU=14.6%, Memory=66.4%, Storage=75.4%, Tasks=0
2026/04/10 16:21:09 Heartbeat sent: CPU=24.6%, Memory=68.0%, Storage=75.4%, Tasks=0
2026/04/10 16:21:14 Heartbeat sent: CPU=14.0%, Memory=65.5%, Storage=75.4%, Tasks=0
2026/04/10 16:21:19 Heartbeat sent: CPU=15.3%, Memory=65.5%, Storage=75.4%, Tasks=0
2026/04/10 16:21:24 Heartbeat sent: CPU=16.2%, Memory=65.0%, Storage=75.4%, Tasks=0
2026/04/10 16:21:29 Heartbeat sent: CPU=12.3%, Memory=64.8%, Storage=75.4%, Tasks=0
2026/04/10 16:21:34 Heartbeat sent: CPU=13.3%, Memory=64.8%, Storage=75.4%, Tasks=0
2026/04/10 16:21:39 Heartbeat sent: CPU=12.8%, Memory=64.8%, Storage=75.4%, Tasks=0
2026/04/10 16:21:44 Heartbeat sent: CPU=16.2%, Memory=64.9%, Storage=75.4%, Tasks=0
2026/04/10 16:21:49 Heartbeat sent: CPU=6.1%, Memory=63.8%, Storage=75.4%, Tasks=0
2026/04/10 16:21:54 Heartbeat sent: CPU=8.4%, Memory=63.3%, Storage=75.4%, Tasks=0
2026/04/10 16:21:59 Heartbeat sent: CPU=9.2%, Memory=65.3%, Storage=75.4%, Tasks=0
2026/04/10 16:22:04 Heartbeat sent: CPU=13.3%, Memory=65.6%, Storage=75.4%, Tasks=0
2026/04/10 16:22:09 Heartbeat sent: CPU=6.7%, Memory=65.0%, Storage=75.4%, Tasks=0
2026/04/10 16:22:14 Heartbeat sent: CPU=10.0%, Memory=65.6%, Storage=75.4%, Tasks=0
2026/04/10 16:22:19 Heartbeat sent: CPU=7.2%, Memory=63.9%, Storage=75.4%, Tasks=0
2026/04/10 16:22:24 Heartbeat sent: CPU=6.9%, Memory=63.3%, Storage=75.4%, Tasks=0
2026/04/10 16:22:29 Heartbeat sent: CPU=6.9%, Memory=62.9%, Storage=75.4%, Tasks=0
2026/04/10 16:22:34 Heartbeat sent: CPU=6.8%, Memory=63.5%, Storage=75.4%, Tasks=0
2026/04/10 16:22:39 Heartbeat sent: CPU=7.4%, Memory=63.2%, Storage=75.4%, Tasks=0
2026/04/10 16:22:44 Heartbeat sent: CPU=6.7%, Memory=63.2%, Storage=75.4%, Tasks=0
2026/04/10 16:22:49 Heartbeat sent: CPU=6.7%, Memory=63.1%, Storage=75.4%, Tasks=0
2026/04/10 16:22:54 Heartbeat sent: CPU=6.9%, Memory=63.1%, Storage=75.4%, Tasks=0
2026/04/10 16:22:59 Heartbeat sent: CPU=9.0%, Memory=63.1%, Storage=75.4%, Tasks=0
2026/04/10 16:23:04 Heartbeat sent: CPU=7.6%, Memory=63.6%, Storage=75.4%, Tasks=0
2026/04/10 16:23:09 Heartbeat sent: CPU=6.3%, Memory=63.3%, Storage=75.4%, Tasks=0
2026/04/10 16:23:14 Heartbeat sent: CPU=7.4%, Memory=63.6%, Storage=75.4%, Tasks=0
2026/04/10 16:23:19 Heartbeat sent: CPU=6.9%, Memory=63.5%, Storage=75.4%, Tasks=0
2026/04/10 16:23:24 Heartbeat sent: CPU=8.5%, Memory=64.7%, Storage=75.4%, Tasks=0
2026/04/10 16:23:29 Heartbeat sent: CPU=7.3%, Memory=63.4%, Storage=75.4%, Tasks=0
2026/04/10 16:23:34 Heartbeat sent: CPU=7.8%, Memory=64.6%, Storage=75.4%, Tasks=0
2026/04/10 16:23:39 Heartbeat sent: CPU=12.8%, Memory=65.4%, Storage=75.4%, Tasks=0
2026/04/10 16:23:44 Heartbeat sent: CPU=9.3%, Memory=65.2%, Storage=75.4%, Tasks=0
2026/04/10 16:23:49 Heartbeat sent: CPU=9.6%, Memory=65.0%, Storage=75.4%, Tasks=0
2026/04/10 16:23:54 Heartbeat sent: CPU=8.1%, Memory=65.3%, Storage=75.4%, Tasks=0
2026/04/10 16:23:59 Heartbeat sent: CPU=9.2%, Memory=65.3%, Storage=75.4%, Tasks=0
2026/04/10 16:24:04 Heartbeat sent: CPU=8.9%, Memory=65.5%, Storage=75.4%, Tasks=0
2026/04/10 16:24:09 Heartbeat sent: CPU=9.3%, Memory=65.4%, Storage=75.4%, Tasks=0
2026/04/10 16:24:14 Heartbeat sent: CPU=15.1%, Memory=67.3%, Storage=75.4%, Tasks=0
2026/04/10 16:24:19 Heartbeat sent: CPU=9.9%, Memory=64.2%, Storage=75.4%, Tasks=0
2026/04/10 16:24:24 Heartbeat sent: CPU=20.2%, Memory=65.4%, Storage=75.4%, Tasks=0
2026/04/10 16:24:29 Heartbeat sent: CPU=12.2%, Memory=65.3%, Storage=75.4%, Tasks=0
2026/04/10 16:24:34 Heartbeat sent: CPU=18.0%, Memory=65.6%, Storage=75.4%, Tasks=0
2026/04/10 16:24:39 Heartbeat sent: CPU=10.0%, Memory=65.3%, Storage=75.4%, Tasks=0
2026/04/10 16:24:44 Heartbeat sent: CPU=13.3%, Memory=65.6%, Storage=75.4%, Tasks=0
2026/04/10 16:24:49 Heartbeat sent: CPU=9.9%, Memory=65.5%, Storage=75.4%, Tasks=0
2026/04/10 16:24:54 Heartbeat sent: CPU=10.7%, Memory=65.5%, Storage=75.4%, Tasks=0
2026/04/10 16:24:59 Heartbeat sent: CPU=10.4%, Memory=65.5%, Storage=75.4%, Tasks=0
2026/04/10 16:25:04 Heartbeat sent: CPU=13.1%, Memory=66.7%, Storage=75.4%, Tasks=0
2026/04/10 16:25:09 Heartbeat sent: CPU=15.0%, Memory=66.2%, Storage=75.4%, Tasks=0
2026/04/10 16:25:14 Heartbeat sent: CPU=9.9%, Memory=65.7%, Storage=75.4%, Tasks=0
2026/04/10 16:25:19 Heartbeat sent: CPU=14.8%, Memory=66.9%, Storage=75.4%, Tasks=0
2026/04/10 16:25:24 Heartbeat sent: CPU=16.8%, Memory=66.5%, Storage=75.4%, Tasks=0
2026/04/10 16:25:29 Heartbeat sent: CPU=12.7%, Memory=65.3%, Storage=75.4%, Tasks=0
2026/04/10 16:25:34 Heartbeat sent: CPU=15.3%, Memory=65.0%, Storage=75.4%, Tasks=0
2026/04/10 16:25:39 Heartbeat sent: CPU=15.1%, Memory=66.3%, Storage=75.4%, Tasks=0
2026/04/10 16:25:44 Heartbeat sent: CPU=14.6%, Memory=66.3%, Storage=75.4%, Tasks=0
2026/04/10 16:25:49 Heartbeat sent: CPU=12.0%, Memory=66.2%, Storage=75.4%, Tasks=0
2026/04/10 16:25:54 Heartbeat sent: CPU=8.9%, Memory=65.0%, Storage=75.4%, Tasks=0
2026/04/10 16:25:59 Heartbeat sent: CPU=17.2%, Memory=67.1%, Storage=75.4%, Tasks=0
2026/04/10 16:26:04 Heartbeat sent: CPU=11.5%, Memory=65.7%, Storage=75.4%, Tasks=0
2026/04/10 16:26:09 Heartbeat sent: CPU=11.5%, Memory=66.0%, Storage=75.4%, Tasks=0
2026/04/10 16:26:14 Heartbeat sent: CPU=11.9%, Memory=65.4%, Storage=75.4%, Tasks=0
2026/04/10 16:26:19 Heartbeat sent: CPU=8.8%, Memory=65.4%, Storage=75.4%, Tasks=0
2026/04/10 16:26:24 Heartbeat sent: CPU=33.8%, Memory=68.2%, Storage=75.4%, Tasks=0
2026/04/10 16:26:29 Heartbeat sent: CPU=12.4%, Memory=65.0%, Storage=75.4%, Tasks=0
2026/04/10 16:26:34 Heartbeat sent: CPU=13.1%, Memory=64.1%, Storage=75.4%, Tasks=0
2026/04/10 16:26:39 Heartbeat sent: CPU=15.6%, Memory=63.8%, Storage=75.4%, Tasks=0
2026/04/10 16:26:44 Heartbeat sent: CPU=10.0%, Memory=63.7%, Storage=75.4%, Tasks=0
2026/04/10 16:26:49 Heartbeat sent: CPU=9.9%, Memory=63.7%, Storage=75.4%, Tasks=0
2026/04/10 16:26:54 Heartbeat sent: CPU=14.2%, Memory=64.3%, Storage=75.4%, Tasks=0
2026/04/10 16:26:59 Heartbeat sent: CPU=13.3%, Memory=64.6%, Storage=75.4%, Tasks=0
2026/04/10 16:27:04 Heartbeat sent: CPU=15.1%, Memory=64.6%, Storage=75.4%, Tasks=0
2026/04/10 16:27:09 Heartbeat sent: CPU=14.2%, Memory=64.3%, Storage=75.4%, Tasks=0
2026/04/10 16:27:14 Heartbeat sent: CPU=14.9%, Memory=64.1%, Storage=75.4%, Tasks=0
2026/04/10 16:27:19 Heartbeat sent: CPU=14.6%, Memory=64.4%, Storage=75.4%, Tasks=0
2026/04/10 16:27:24 Heartbeat sent: CPU=14.8%, Memory=64.4%, Storage=75.4%, Tasks=0
2026/04/10 16:27:29 Heartbeat sent: CPU=15.2%, Memory=64.4%, Storage=75.4%, Tasks=0
2026/04/10 16:27:34 Heartbeat sent: CPU=15.0%, Memory=64.5%, Storage=75.4%, Tasks=0
2026/04/10 16:27:39 Heartbeat sent: CPU=14.5%, Memory=64.4%, Storage=75.4%, Tasks=0
2026/04/10 16:27:44 Heartbeat sent: CPU=23.9%, Memory=64.7%, Storage=75.4%, Tasks=0
2026/04/10 16:27:49 Heartbeat sent: CPU=20.8%, Memory=64.7%, Storage=75.4%, Tasks=0
2026/04/10 16:27:54 Heartbeat sent: CPU=14.3%, Memory=64.6%, Storage=75.4%, Tasks=0
2026/04/10 16:27:59 Heartbeat sent: CPU=19.2%, Memory=64.6%, Storage=75.4%, Tasks=0
2026/04/10 16:28:04 Heartbeat sent: CPU=20.1%, Memory=65.0%, Storage=75.4%, Tasks=0
2026/04/10 16:37:09 Master registration request from: master-1 (127.0.0.1:61051)
2026/04/10 16:37:09 Updated master address to: 127.0.0.1:61051
2026/04/10 16:37:09 Registering worker ppo-worker-1 with master at 127.0.0.1:61051
2026/04/10 16:37:09 Detected System Resources:
2026/04/10 16:37:09   CPU:     12.00 cores
2026/04/10 16:37:09   Memory:  24.00 GB
2026/04/10 16:37:09   Storage: 460.43 GB
2026/04/10 16:37:09 ✓ Successfully registered with master: Worker registered successfully
2026/04/10 16:37:12 Heartbeat sent: CPU=24.5%, Memory=66.0%, Storage=75.4%, Tasks=0
2026/04/10 16:37:17 Heartbeat sent: CPU=20.8%, Memory=65.4%, Storage=75.4%, Tasks=0
2026/04/10 16:37:22 Heartbeat sent: CPU=16.9%, Memory=64.7%, Storage=75.4%, Tasks=0
2026/04/10 16:37:27 Heartbeat sent: CPU=18.9%, Memory=64.6%, Storage=75.4%, Tasks=0
2026/04/10 16:37:32 Heartbeat sent: CPU=17.6%, Memory=64.8%, Storage=75.4%, Tasks=0
2026/04/10 16:37:37 Heartbeat sent: CPU=16.2%, Memory=64.9%, Storage=75.4%, Tasks=0
2026/04/10 16:37:42 Heartbeat sent: CPU=25.1%, Memory=64.7%, Storage=75.4%, Tasks=0
2026/04/10 16:37:47 Heartbeat sent: CPU=21.7%, Memory=64.0%, Storage=75.4%, Tasks=0
2026/04/10 16:37:52 Heartbeat sent: CPU=18.4%, Memory=64.7%, Storage=75.4%, Tasks=0
2026/04/10 16:37:57 Heartbeat sent: CPU=18.7%, Memory=64.5%, Storage=75.4%, Tasks=0
2026/04/10 16:38:02 Heartbeat sent: CPU=15.3%, Memory=64.7%, Storage=75.4%, Tasks=0
2026/04/10 16:38:07 Heartbeat sent: CPU=14.0%, Memory=64.2%, Storage=75.4%, Tasks=0
2026/04/10 16:38:12 Heartbeat sent: CPU=18.8%, Memory=64.1%, Storage=75.4%, Tasks=0
2026/04/10 16:38:17 Heartbeat sent: CPU=15.5%, Memory=64.2%, Storage=75.4%, Tasks=0
2026/04/10 16:38:22 Heartbeat sent: CPU=18.5%, Memory=64.3%, Storage=75.4%, Tasks=0
2026/04/10 16:38:27 Heartbeat sent: CPU=14.7%, Memory=64.2%, Storage=75.4%, Tasks=0
2026/04/10 16:38:32 Heartbeat sent: CPU=15.1%, Memory=64.2%, Storage=75.4%, Tasks=0
2026/04/10 16:38:37 Heartbeat sent: CPU=14.5%, Memory=64.2%, Storage=75.4%, Tasks=0
2026/04/10 16:38:42 Heartbeat sent: CPU=15.2%, Memory=64.0%, Storage=75.4%, Tasks=0
2026/04/10 16:38:47 Heartbeat sent: CPU=28.9%, Memory=64.2%, Storage=75.4%, Tasks=0
2026/04/10 16:38:52 Heartbeat sent: CPU=7.9%, Memory=64.2%, Storage=75.4%, Tasks=0
2026/04/10 16:41:46 Master registration request from: master-1 (127.0.0.1:61051)
2026/04/10 16:41:46 Updated master address to: 127.0.0.1:61051
2026/04/10 16:41:46 Registering worker ppo-worker-1 with master at 127.0.0.1:61051
2026/04/10 16:41:46 Detected System Resources:
2026/04/10 16:41:46   CPU:     12.00 cores
2026/04/10 16:41:46   Memory:  24.00 GB
2026/04/10 16:41:46   Storage: 460.43 GB
2026/04/10 16:41:46 ✓ Successfully registered with master: Worker registered successfully
2026/04/10 16:41:49 Heartbeat sent: CPU=45.5%, Memory=68.9%, Storage=75.4%, Tasks=0
2026/04/10 16:41:54 Heartbeat sent: CPU=35.6%, Memory=67.5%, Storage=75.4%, Tasks=0
2026/04/10 16:41:59 Heartbeat sent: CPU=29.2%, Memory=66.7%, Storage=75.4%, Tasks=0
2026/04/10 16:42:04 Heartbeat sent: CPU=22.7%, Memory=67.1%, Storage=75.4%, Tasks=0
2026/04/10 16:42:09 Heartbeat sent: CPU=10.3%, Memory=67.0%, Storage=75.4%, Tasks=0
2026/04/10 16:42:14 Heartbeat sent: CPU=11.7%, Memory=66.4%, Storage=75.4%, Tasks=0
2026/04/10 16:42:19 Heartbeat sent: CPU=9.2%, Memory=66.8%, Storage=75.4%, Tasks=0
2026/04/10 16:42:24 Heartbeat sent: CPU=20.0%, Memory=69.5%, Storage=75.4%, Tasks=0
2026/04/10 16:42:29 Heartbeat sent: CPU=17.5%, Memory=67.5%, Storage=75.4%, Tasks=0
2026/04/10 16:42:34 Heartbeat sent: CPU=8.7%, Memory=65.4%, Storage=75.4%, Tasks=0
2026/04/10 16:42:39 Heartbeat sent: CPU=12.4%, Memory=65.1%, Storage=75.4%, Tasks=0
2026/04/10 16:42:44 Heartbeat sent: CPU=14.2%, Memory=66.9%, Storage=75.4%, Tasks=0
2026/04/10 16:42:49 Heartbeat sent: CPU=11.2%, Memory=67.2%, Storage=75.4%, Tasks=0
2026/04/10 16:42:54 Heartbeat sent: CPU=10.9%, Memory=67.5%, Storage=75.4%, Tasks=0
2026/04/10 16:42:59 Heartbeat sent: CPU=8.9%, Memory=66.9%, Storage=75.4%, Tasks=0
2026/04/10 16:43:04 Heartbeat sent: CPU=8.4%, Memory=66.8%, Storage=75.4%, Tasks=0
2026/04/10 16:43:09 Heartbeat sent: CPU=9.5%, Memory=66.8%, Storage=75.4%, Tasks=0
2026/04/10 16:43:14 Heartbeat sent: CPU=8.3%, Memory=66.5%, Storage=75.4%, Tasks=0
2026/04/10 16:43:19 Heartbeat sent: CPU=9.1%, Memory=66.5%, Storage=75.4%, Tasks=0
2026/04/10 16:43:24 Heartbeat sent: CPU=9.0%, Memory=66.6%, Storage=75.4%, Tasks=0
2026/04/10 16:43:29 Heartbeat sent: CPU=8.9%, Memory=66.7%, Storage=75.4%, Tasks=0
2026/04/10 16:43:34 Heartbeat sent: CPU=8.3%, Memory=66.6%, Storage=75.4%, Tasks=0
2026/04/10 16:43:39 Heartbeat sent: CPU=9.1%, Memory=66.6%, Storage=75.4%, Tasks=0
2026/04/10 16:43:44 Heartbeat sent: CPU=8.5%, Memory=66.6%, Storage=75.4%, Tasks=0
2026/04/10 16:43:49 Heartbeat sent: CPU=16.6%, Memory=66.5%, Storage=75.4%, Tasks=0
2026/04/10 16:43:54 Heartbeat sent: CPU=15.8%, Memory=66.5%, Storage=75.4%, Tasks=0
2026/04/10 16:43:59 Heartbeat sent: CPU=16.2%, Memory=66.4%, Storage=75.4%, Tasks=0
2026/04/10 16:44:04 Heartbeat sent: CPU=15.4%, Memory=66.6%, Storage=75.4%, Tasks=0
2026/04/10 16:44:09 Heartbeat sent: CPU=15.0%, Memory=66.5%, Storage=75.4%, Tasks=0
2026/04/10 16:44:14 Heartbeat sent: CPU=15.8%, Memory=66.4%, Storage=75.4%, Tasks=0
2026/04/10 16:44:19 Heartbeat sent: CPU=15.9%, Memory=66.4%, Storage=75.4%, Tasks=0
2026/04/10 16:44:24 Heartbeat sent: CPU=15.8%, Memory=66.5%, Storage=75.4%, Tasks=0
2026/04/10 16:44:29 Heartbeat sent: CPU=16.3%, Memory=66.6%, Storage=75.4%, Tasks=0
2026/04/10 16:44:34 Heartbeat sent: CPU=15.4%, Memory=66.5%, Storage=75.4%, Tasks=0
2026/04/10 16:44:39 Heartbeat sent: CPU=15.6%, Memory=66.5%, Storage=75.4%, Tasks=0
2026/04/10 16:44:44 Heartbeat sent: CPU=15.6%, Memory=66.6%, Storage=75.4%, Tasks=0
2026/04/10 16:44:49 Heartbeat sent: CPU=20.7%, Memory=67.1%, Storage=75.4%, Tasks=0
2026/04/10 16:44:54 Heartbeat sent: CPU=15.7%, Memory=67.2%, Storage=75.4%, Tasks=0
2026/04/10 16:44:59 Heartbeat sent: CPU=13.9%, Memory=67.4%, Storage=75.4%, Tasks=0
2026/04/10 16:45:04 Heartbeat sent: CPU=18.0%, Memory=68.3%, Storage=75.4%, Tasks=0
2026/04/10 16:45:09 Heartbeat sent: CPU=13.0%, Memory=66.6%, Storage=75.4%, Tasks=0
2026/04/10 16:45:14 Heartbeat sent: CPU=11.0%, Memory=66.5%, Storage=75.4%, Tasks=0
2026/04/10 16:45:19 Heartbeat sent: CPU=7.7%, Memory=65.8%, Storage=75.4%, Tasks=0
2026/04/10 16:45:24 Heartbeat sent: CPU=8.0%, Memory=65.6%, Storage=75.4%, Tasks=0
2026/04/10 16:45:29 Heartbeat sent: CPU=9.1%, Memory=65.4%, Storage=75.4%, Tasks=0
2026/04/10 16:45:34 Heartbeat sent: CPU=14.0%, Memory=65.5%, Storage=75.4%, Tasks=0
2026/04/10 16:45:39 Heartbeat sent: CPU=7.8%, Memory=65.6%, Storage=75.4%, Tasks=0
2026/04/10 16:45:44 Heartbeat sent: CPU=8.2%, Memory=65.5%, Storage=75.4%, Tasks=0
2026/04/10 16:45:49 Heartbeat sent: CPU=8.2%, Memory=65.5%, Storage=75.4%, Tasks=0
2026/04/10 16:45:54 Heartbeat sent: CPU=12.0%, Memory=65.5%, Storage=75.4%, Tasks=0
2026/04/10 16:45:59 Heartbeat sent: CPU=9.8%, Memory=65.8%, Storage=75.4%, Tasks=0
2026/04/10 16:46:04 Heartbeat sent: CPU=8.1%, Memory=65.8%, Storage=75.4%, Tasks=0
2026/04/10 16:46:09 Heartbeat sent: CPU=8.1%, Memory=65.7%, Storage=75.4%, Tasks=0
2026/04/10 16:46:14 Heartbeat sent: CPU=9.9%, Memory=65.8%, Storage=75.4%, Tasks=0
2026/04/10 16:46:19 Heartbeat sent: CPU=16.7%, Memory=65.8%, Storage=75.4%, Tasks=0
2026/04/10 16:46:24 Heartbeat sent: CPU=8.1%, Memory=65.9%, Storage=75.4%, Tasks=0
2026/04/10 16:46:29 Heartbeat sent: CPU=11.4%, Memory=65.8%, Storage=75.4%, Tasks=0
2026/04/10 16:46:34 Heartbeat sent: CPU=7.4%, Memory=65.8%, Storage=75.4%, Tasks=0
2026/04/10 16:46:39 Heartbeat sent: CPU=10.5%, Memory=65.7%, Storage=75.4%, Tasks=0
2026/04/10 16:46:44 Heartbeat sent: CPU=10.0%, Memory=65.7%, Storage=75.4%, Tasks=0
2026/04/10 16:46:49 Heartbeat sent: CPU=9.1%, Memory=65.6%, Storage=75.4%, Tasks=0
2026/04/10 16:46:54 Heartbeat sent: CPU=8.4%, Memory=65.7%, Storage=75.4%, Tasks=0
2026/04/10 16:46:59 Heartbeat sent: CPU=12.4%, Memory=65.9%, Storage=75.4%, Tasks=0
2026/04/10 16:47:04 Heartbeat sent: CPU=8.9%, Memory=66.0%, Storage=75.4%, Tasks=0
2026/04/10 16:47:09 Heartbeat sent: CPU=11.4%, Memory=65.9%, Storage=75.4%, Tasks=0
2026/04/10 16:47:14 Heartbeat sent: CPU=10.8%, Memory=66.2%, Storage=75.4%, Tasks=0
2026/04/10 16:47:19 Heartbeat sent: CPU=10.9%, Memory=65.9%, Storage=75.4%, Tasks=0
2026/04/10 16:47:24 Heartbeat sent: CPU=10.0%, Memory=65.8%, Storage=75.4%, Tasks=0
2026/04/10 16:47:29 Heartbeat sent: CPU=10.0%, Memory=65.7%, Storage=75.4%, Tasks=0
2026/04/10 16:47:34 Heartbeat sent: CPU=11.4%, Memory=65.6%, Storage=75.4%, Tasks=0
2026/04/10 16:47:39 Heartbeat sent: CPU=11.3%, Memory=65.5%, Storage=75.4%, Tasks=0
2026/04/10 16:47:44 Heartbeat sent: CPU=8.9%, Memory=65.7%, Storage=75.4%, Tasks=0
2026/04/10 16:47:49 Heartbeat sent: CPU=11.9%, Memory=65.9%, Storage=75.4%, Tasks=0
2026/04/10 16:47:54 Heartbeat sent: CPU=8.2%, Memory=65.8%, Storage=75.4%, Tasks=0
2026/04/10 16:47:59 Heartbeat sent: CPU=9.0%, Memory=65.8%, Storage=75.4%, Tasks=0
2026/04/10 16:48:04 Heartbeat sent: CPU=8.3%, Memory=65.8%, Storage=75.4%, Tasks=0
2026/04/10 16:48:09 Heartbeat sent: CPU=8.0%, Memory=65.9%, Storage=75.4%, Tasks=0
2026/04/10 16:48:14 Heartbeat sent: CPU=9.4%, Memory=65.8%, Storage=75.4%, Tasks=0
2026/04/10 16:48:19 Heartbeat sent: CPU=11.1%, Memory=65.9%, Storage=75.4%, Tasks=0
2026/04/10 16:48:24 Heartbeat sent: CPU=10.6%, Memory=65.9%, Storage=75.4%, Tasks=0
2026/04/10 16:48:29 Heartbeat sent: CPU=10.2%, Memory=65.9%, Storage=75.4%, Tasks=0
2026/04/10 16:48:34 Heartbeat sent: CPU=12.3%, Memory=65.8%, Storage=75.4%, Tasks=0
2026/04/10 16:48:39 Heartbeat sent: CPU=11.7%, Memory=65.8%, Storage=75.4%, Tasks=0
2026/04/10 16:48:44 Heartbeat sent: CPU=15.4%, Memory=68.0%, Storage=75.4%, Tasks=0
2026/04/10 16:48:49 Heartbeat sent: CPU=19.4%, Memory=69.6%, Storage=75.4%, Tasks=0
2026/04/10 16:48:54 Heartbeat sent: CPU=19.1%, Memory=67.9%, Storage=75.4%, Tasks=0
2026/04/10 16:48:59 Heartbeat sent: CPU=19.2%, Memory=67.0%, Storage=75.4%, Tasks=0
2026/04/10 16:49:04 Heartbeat sent: CPU=27.0%, Memory=68.9%, Storage=75.4%, Tasks=0
2026/04/10 16:49:09 Heartbeat sent: CPU=9.6%, Memory=66.3%, Storage=75.4%, Tasks=0
2026/04/10 16:49:14 Heartbeat sent: CPU=8.6%, Memory=66.1%, Storage=75.4%, Tasks=0
2026/04/10 16:49:19 Heartbeat sent: CPU=7.8%, Memory=65.8%, Storage=75.4%, Tasks=0
2026/04/10 16:49:24 Heartbeat sent: CPU=8.7%, Memory=65.8%, Storage=75.4%, Tasks=0
2026/04/10 16:49:29 Heartbeat sent: CPU=8.2%, Memory=65.8%, Storage=75.4%, Tasks=0
2026/04/10 16:49:34 Heartbeat sent: CPU=7.8%, Memory=65.8%, Storage=75.4%, Tasks=0
2026/04/10 16:49:39 Heartbeat sent: CPU=8.4%, Memory=65.8%, Storage=75.4%, Tasks=0
2026/04/10 16:49:44 Heartbeat sent: CPU=8.1%, Memory=65.9%, Storage=75.4%, Tasks=0
2026/04/10 16:49:49 Heartbeat sent: CPU=7.9%, Memory=65.8%, Storage=75.4%, Tasks=0
2026/04/10 16:49:54 Heartbeat sent: CPU=7.9%, Memory=65.6%, Storage=75.4%, Tasks=0
2026/04/10 16:49:59 Heartbeat sent: CPU=7.9%, Memory=65.6%, Storage=75.4%, Tasks=0
2026/04/10 16:50:04 Heartbeat sent: CPU=8.4%, Memory=65.6%, Storage=75.4%, Tasks=0
2026/04/10 16:50:09 Heartbeat sent: CPU=14.5%, Memory=65.6%, Storage=75.4%, Tasks=0
2026/04/10 16:50:14 Heartbeat sent: CPU=10.1%, Memory=65.6%, Storage=75.4%, Tasks=0
2026/04/10 16:50:19 Heartbeat sent: CPU=8.2%, Memory=65.5%, Storage=75.4%, Tasks=0
2026/04/10 16:50:24 Heartbeat sent: CPU=7.8%, Memory=65.5%, Storage=75.4%, Tasks=0
2026/04/10 16:50:29 Heartbeat sent: CPU=7.8%, Memory=65.4%, Storage=75.4%, Tasks=0
2026/04/10 16:50:34 Heartbeat sent: CPU=8.0%, Memory=65.5%, Storage=75.4%, Tasks=0
2026/04/10 16:50:39 Heartbeat sent: CPU=7.9%, Memory=65.5%, Storage=75.4%, Tasks=0
2026/04/10 16:50:44 Heartbeat sent: CPU=10.0%, Memory=65.5%, Storage=75.4%, Tasks=0
2026/04/10 16:50:49 Heartbeat sent: CPU=10.5%, Memory=65.4%, Storage=75.4%, Tasks=0
2026/04/10 16:50:54 Heartbeat sent: CPU=9.1%, Memory=65.5%, Storage=75.4%, Tasks=0
2026/04/10 16:50:59 Heartbeat sent: CPU=13.5%, Memory=65.5%, Storage=75.4%, Tasks=0
2026/04/10 16:51:04 Heartbeat sent: CPU=13.0%, Memory=65.6%, Storage=75.4%, Tasks=0
2026/04/10 16:51:09 Heartbeat sent: CPU=13.7%, Memory=65.6%, Storage=75.4%, Tasks=0
2026/04/10 16:51:14 Heartbeat sent: CPU=13.7%, Memory=65.6%, Storage=75.4%, Tasks=0
2026/04/10 16:51:19 Heartbeat sent: CPU=8.6%, Memory=65.6%, Storage=75.4%, Tasks=0
2026/04/10 16:51:24 Heartbeat sent: CPU=20.9%, Memory=68.6%, Storage=75.4%, Tasks=0
2026/04/10 16:51:29 Heartbeat sent: CPU=16.9%, Memory=67.4%, Storage=75.4%, Tasks=0
2026/04/10 16:51:34 Heartbeat sent: CPU=22.0%, Memory=66.6%, Storage=75.4%, Tasks=0
2026/04/10 16:51:39 Heartbeat sent: CPU=12.3%, Memory=66.6%, Storage=75.4%, Tasks=0
2026/04/10 16:51:44 Heartbeat sent: CPU=8.1%, Memory=66.7%, Storage=75.4%, Tasks=0
2026/04/10 16:51:49 Heartbeat sent: CPU=16.9%, Memory=66.6%, Storage=75.4%, Tasks=0
2026/04/10 16:51:54 Heartbeat sent: CPU=13.4%, Memory=66.8%, Storage=75.4%, Tasks=0
2026/04/10 16:51:59 Heartbeat sent: CPU=14.4%, Memory=66.7%, Storage=75.4%, Tasks=0
2026/04/10 16:52:04 Heartbeat sent: CPU=11.3%, Memory=66.9%, Storage=75.4%, Tasks=0
2026/04/10 16:52:09 Heartbeat sent: CPU=14.4%, Memory=66.9%, Storage=75.4%, Tasks=0
2026/04/10 16:52:14 Heartbeat sent: CPU=19.6%, Memory=66.6%, Storage=75.4%, Tasks=0
2026/04/10 16:52:19 Heartbeat sent: CPU=18.1%, Memory=66.4%, Storage=75.4%, Tasks=0
2026/04/10 16:52:24 Heartbeat sent: CPU=16.3%, Memory=66.6%, Storage=75.4%, Tasks=0
2026/04/10 16:52:29 Heartbeat sent: CPU=12.8%, Memory=66.5%, Storage=75.4%, Tasks=0
2026/04/10 16:52:34 Heartbeat sent: CPU=14.9%, Memory=66.4%, Storage=75.4%, Tasks=0
2026/04/10 16:52:39 Heartbeat sent: CPU=17.9%, Memory=66.6%, Storage=75.4%, Tasks=0
2026/04/10 16:52:44 Heartbeat sent: CPU=15.4%, Memory=66.6%, Storage=75.4%, Tasks=0
2026/04/10 16:52:49 Heartbeat sent: CPU=10.9%, Memory=66.3%, Storage=75.4%, Tasks=0
2026/04/10 16:52:54 Heartbeat sent: CPU=15.7%, Memory=67.0%, Storage=75.4%, Tasks=0
2026/04/10 16:52:59 Heartbeat sent: CPU=14.2%, Memory=66.9%, Storage=75.4%, Tasks=0
2026/04/10 16:53:04 Heartbeat sent: CPU=14.8%, Memory=66.9%, Storage=75.4%, Tasks=0
2026/04/10 16:53:09 Heartbeat sent: CPU=15.7%, Memory=66.7%, Storage=75.4%, Tasks=0
2026/04/10 16:53:14 Heartbeat sent: CPU=14.9%, Memory=66.4%, Storage=75.4%, Tasks=0
2026/04/10 16:53:19 Heartbeat sent: CPU=14.8%, Memory=66.4%, Storage=75.4%, Tasks=0
2026/04/10 16:53:24 Heartbeat sent: CPU=15.2%, Memory=66.4%, Storage=75.4%, Tasks=0
2026/04/10 16:53:29 Heartbeat sent: CPU=15.0%, Memory=66.4%, Storage=75.4%, Tasks=0
2026/04/10 16:53:34 Heartbeat sent: CPU=14.9%, Memory=66.5%, Storage=75.4%, Tasks=0
2026/04/10 16:53:39 Heartbeat sent: CPU=15.7%, Memory=66.4%, Storage=75.4%, Tasks=0
2026/04/10 16:53:44 Heartbeat sent: CPU=14.8%, Memory=66.3%, Storage=75.4%, Tasks=0
2026/04/10 16:53:49 Heartbeat sent: CPU=17.5%, Memory=66.3%, Storage=75.4%, Tasks=0
2026/04/10 16:53:54 Heartbeat sent: CPU=18.7%, Memory=66.2%, Storage=75.4%, Tasks=0
2026/04/10 16:53:59 Heartbeat sent: CPU=18.3%, Memory=66.2%, Storage=75.4%, Tasks=0
2026/04/10 16:54:04 Heartbeat sent: CPU=17.8%, Memory=66.3%, Storage=75.4%, Tasks=0
2026/04/10 16:54:09 Heartbeat sent: CPU=15.6%, Memory=66.3%, Storage=75.4%, Tasks=0
2026/04/10 16:54:14 Heartbeat sent: CPU=15.9%, Memory=66.3%, Storage=75.4%, Tasks=0
2026/04/10 16:54:19 Heartbeat sent: CPU=15.1%, Memory=66.3%, Storage=75.4%, Tasks=0
2026/04/10 16:54:24 Heartbeat sent: CPU=18.3%, Memory=65.7%, Storage=75.4%, Tasks=0
2026/04/10 16:54:29 Heartbeat sent: CPU=17.9%, Memory=65.7%, Storage=75.4%, Tasks=0
2026/04/10 16:54:34 Heartbeat sent: CPU=16.6%, Memory=65.8%, Storage=75.4%, Tasks=0
2026/04/10 16:54:39 Heartbeat sent: CPU=17.9%, Memory=65.8%, Storage=75.4%, Tasks=0
2026/04/10 16:54:44 Heartbeat sent: CPU=15.9%, Memory=65.8%, Storage=75.4%, Tasks=0
2026/04/10 16:54:49 Heartbeat sent: CPU=15.9%, Memory=65.8%, Storage=75.4%, Tasks=0
2026/04/10 16:54:54 Heartbeat sent: CPU=20.1%, Memory=65.9%, Storage=75.4%, Tasks=0
2026/04/10 16:54:59 Heartbeat sent: CPU=16.5%, Memory=66.0%, Storage=75.4%, Tasks=0
2026/04/10 16:55:04 Heartbeat sent: CPU=14.4%, Memory=66.4%, Storage=75.4%, Tasks=0
2026/04/10 16:55:09 Heartbeat sent: CPU=15.0%, Memory=66.2%, Storage=75.4%, Tasks=0
2026/04/10 16:55:14 Heartbeat sent: CPU=15.4%, Memory=66.1%, Storage=75.4%, Tasks=0
2026/04/10 16:55:19 Heartbeat sent: CPU=21.8%, Memory=66.8%, Storage=75.4%, Tasks=0
2026/04/10 16:55:24 Heartbeat sent: CPU=15.9%, Memory=66.8%, Storage=75.4%, Tasks=0
2026/04/10 16:55:29 Heartbeat sent: CPU=15.2%, Memory=66.8%, Storage=75.4%, Tasks=0
2026/04/10 16:55:34 Heartbeat sent: CPU=14.7%, Memory=66.8%, Storage=75.4%, Tasks=0
2026/04/10 16:55:39 Heartbeat sent: CPU=14.8%, Memory=66.8%, Storage=75.4%, Tasks=0
2026/04/10 16:55:44 Heartbeat sent: CPU=14.5%, Memory=66.8%, Storage=75.4%, Tasks=0
2026/04/10 16:55:49 Heartbeat sent: CPU=14.6%, Memory=66.8%, Storage=75.4%, Tasks=0
2026/04/10 16:55:54 Heartbeat sent: CPU=16.2%, Memory=66.8%, Storage=75.4%, Tasks=0
2026/04/10 16:55:59 Heartbeat sent: CPU=14.7%, Memory=66.6%, Storage=75.4%, Tasks=0
2026/04/10 16:56:04 Heartbeat sent: CPU=15.4%, Memory=66.9%, Storage=75.4%, Tasks=0
2026/04/10 16:56:09 Heartbeat sent: CPU=15.3%, Memory=66.7%, Storage=75.4%, Tasks=0
2026/04/10 16:56:14 Heartbeat sent: CPU=18.5%, Memory=66.4%, Storage=75.4%, Tasks=0
2026/04/10 16:56:19 Heartbeat sent: CPU=14.8%, Memory=66.4%, Storage=75.4%, Tasks=0
2026/04/10 16:56:24 Heartbeat sent: CPU=18.3%, Memory=66.4%, Storage=75.4%, Tasks=0
2026/04/10 16:56:29 Heartbeat sent: CPU=15.3%, Memory=66.4%, Storage=75.4%, Tasks=0
2026/04/10 16:56:34 Heartbeat sent: CPU=17.0%, Memory=66.6%, Storage=75.4%, Tasks=0
2026/04/10 16:56:39 Heartbeat sent: CPU=14.8%, Memory=66.5%, Storage=75.4%, Tasks=0
2026/04/10 16:56:44 Heartbeat sent: CPU=15.1%, Memory=66.4%, Storage=75.4%, Tasks=0
2026/04/10 16:56:49 Heartbeat sent: CPU=15.4%, Memory=66.5%, Storage=75.4%, Tasks=0
2026/04/10 16:56:54 Heartbeat sent: CPU=20.2%, Memory=66.4%, Storage=75.4%, Tasks=0
2026/04/10 16:56:59 Heartbeat sent: CPU=14.7%, Memory=66.4%, Storage=75.4%, Tasks=0
2026/04/10 16:57:04 Heartbeat sent: CPU=15.1%, Memory=66.8%, Storage=75.4%, Tasks=0
2026/04/10 16:57:09 Heartbeat sent: CPU=18.9%, Memory=66.8%, Storage=75.4%, Tasks=0
2026/04/10 16:57:14 Heartbeat sent: CPU=15.5%, Memory=66.6%, Storage=75.4%, Tasks=0
2026/04/10 16:57:19 Heartbeat sent: CPU=15.3%, Memory=66.5%, Storage=75.4%, Tasks=0
2026/04/10 16:57:24 Heartbeat sent: CPU=15.4%, Memory=66.4%, Storage=75.4%, Tasks=0
2026/04/10 16:57:29 Heartbeat sent: CPU=14.9%, Memory=66.4%, Storage=75.4%, Tasks=0
2026/04/10 16:57:34 Heartbeat sent: CPU=14.8%, Memory=66.4%, Storage=75.4%, Tasks=0
2026/04/10 16:57:39 Heartbeat sent: CPU=15.9%, Memory=66.4%, Storage=75.4%, Tasks=0
2026/04/10 16:57:44 Heartbeat sent: CPU=22.5%, Memory=66.5%, Storage=75.4%, Tasks=0
2026/04/10 16:57:49 Heartbeat sent: CPU=16.0%, Memory=66.4%, Storage=75.4%, Tasks=0
2026/04/10 16:57:54 Heartbeat sent: CPU=15.0%, Memory=66.4%, Storage=75.4%, Tasks=0
2026/04/10 16:57:59 Heartbeat sent: CPU=14.8%, Memory=66.4%, Storage=75.4%, Tasks=0
2026/04/10 16:58:04 Heartbeat sent: CPU=18.4%, Memory=67.0%, Storage=75.4%, Tasks=0
2026/04/10 16:58:09 Heartbeat sent: CPU=15.8%, Memory=66.9%, Storage=75.4%, Tasks=0
2026/04/10 16:58:14 Heartbeat sent: CPU=15.1%, Memory=66.6%, Storage=75.4%, Tasks=0
2026/04/10 16:58:19 Heartbeat sent: CPU=16.1%, Memory=66.6%, Storage=75.4%, Tasks=0
2026/04/10 16:58:24 Heartbeat sent: CPU=14.9%, Memory=66.6%, Storage=75.4%, Tasks=0
2026/04/10 16:58:29 Heartbeat sent: CPU=14.6%, Memory=66.6%, Storage=75.4%, Tasks=0
2026/04/10 16:58:34 Heartbeat sent: CPU=14.6%, Memory=66.6%, Storage=75.4%, Tasks=0
2026/04/10 16:58:39 Heartbeat sent: CPU=9.5%, Memory=66.6%, Storage=75.4%, Tasks=0
2026/04/10 16:58:44 Heartbeat sent: CPU=20.4%, Memory=67.2%, Storage=75.4%, Tasks=0
2026/04/10 16:58:49 Heartbeat sent: CPU=11.0%, Memory=67.1%, Storage=75.4%, Tasks=0
2026/04/10 16:58:54 Heartbeat sent: CPU=16.8%, Memory=67.0%, Storage=75.4%, Tasks=0
2026/04/10 16:58:59 Heartbeat sent: CPU=14.9%, Memory=66.9%, Storage=75.4%, Tasks=0
2026/04/10 16:59:04 Heartbeat sent: CPU=15.8%, Memory=67.0%, Storage=75.4%, Tasks=0
2026/04/10 16:59:09 Heartbeat sent: CPU=15.3%, Memory=66.9%, Storage=75.4%, Tasks=0
2026/04/10 16:59:14 Heartbeat sent: CPU=14.6%, Memory=66.6%, Storage=75.4%, Tasks=0
2026/04/10 16:59:19 Heartbeat sent: CPU=14.4%, Memory=66.6%, Storage=75.4%, Tasks=0
2026/04/10 16:59:24 Heartbeat sent: CPU=15.2%, Memory=66.6%, Storage=75.4%, Tasks=0
2026/04/10 16:59:29 Heartbeat sent: CPU=14.7%, Memory=66.6%, Storage=75.4%, Tasks=0
2026/04/10 16:59:34 Heartbeat sent: CPU=17.3%, Memory=66.7%, Storage=75.4%, Tasks=0
2026/04/10 16:59:39 Heartbeat sent: CPU=14.6%, Memory=66.7%, Storage=75.4%, Tasks=0
2026/04/10 16:59:44 Heartbeat sent: CPU=14.8%, Memory=66.6%, Storage=75.4%, Tasks=0
2026/04/10 16:59:49 Heartbeat sent: CPU=15.8%, Memory=66.6%, Storage=75.4%, Tasks=0
2026/04/10 16:59:54 Heartbeat sent: CPU=15.4%, Memory=66.7%, Storage=75.4%, Tasks=0
2026/04/10 16:59:59 Heartbeat sent: CPU=16.3%, Memory=66.7%, Storage=75.4%, Tasks=0
2026/04/10 17:00:04 Heartbeat sent: CPU=15.2%, Memory=67.1%, Storage=75.4%, Tasks=0
2026/04/10 17:00:09 Heartbeat sent: CPU=16.1%, Memory=66.9%, Storage=75.4%, Tasks=0
2026/04/10 17:00:14 Heartbeat sent: CPU=10.0%, Memory=66.9%, Storage=75.4%, Tasks=0
2026/04/10 17:00:19 Heartbeat sent: CPU=20.5%, Memory=66.9%, Storage=75.4%, Tasks=0
2026/04/10 17:00:24 Heartbeat sent: CPU=17.0%, Memory=66.9%, Storage=75.4%, Tasks=0
2026/04/10 17:00:29 Heartbeat sent: CPU=15.6%, Memory=66.9%, Storage=75.4%, Tasks=0
2026/04/10 17:00:34 Heartbeat sent: CPU=15.7%, Memory=66.9%, Storage=75.4%, Tasks=0
2026/04/10 17:00:39 Heartbeat sent: CPU=14.6%, Memory=66.9%, Storage=75.4%, Tasks=0
2026/04/10 17:00:44 Heartbeat sent: CPU=14.7%, Memory=66.9%, Storage=75.4%, Tasks=0
2026/04/10 17:00:49 Heartbeat sent: CPU=15.2%, Memory=66.9%, Storage=75.4%, Tasks=0
2026/04/10 17:00:54 Heartbeat sent: CPU=15.9%, Memory=66.9%, Storage=75.4%, Tasks=0
2026/04/10 17:00:59 Heartbeat sent: CPU=15.5%, Memory=66.9%, Storage=75.4%, Tasks=0
2026/04/10 17:01:04 Heartbeat sent: CPU=15.7%, Memory=67.0%, Storage=75.4%, Tasks=0
2026/04/10 17:01:09 Heartbeat sent: CPU=15.3%, Memory=67.1%, Storage=75.4%, Tasks=0
2026/04/10 17:01:14 Heartbeat sent: CPU=15.7%, Memory=67.0%, Storage=75.4%, Tasks=0
2026/04/10 17:01:19 Heartbeat sent: CPU=15.0%, Memory=67.0%, Storage=75.4%, Tasks=0
2026/04/10 17:01:24 Heartbeat sent: CPU=16.2%, Memory=67.1%, Storage=75.4%, Tasks=0
2026/04/10 17:01:29 Heartbeat sent: CPU=16.9%, Memory=67.0%, Storage=75.4%, Tasks=0
2026/04/10 17:01:34 Heartbeat sent: CPU=15.8%, Memory=67.0%, Storage=75.4%, Tasks=0
2026/04/10 17:01:39 Heartbeat sent: CPU=16.3%, Memory=67.0%, Storage=75.4%, Tasks=0
2026/04/10 17:01:44 Heartbeat sent: CPU=19.6%, Memory=67.1%, Storage=75.4%, Tasks=0
2026/04/10 17:01:49 Heartbeat sent: CPU=18.1%, Memory=67.0%, Storage=75.4%, Tasks=0
2026/04/10 17:01:54 Heartbeat sent: CPU=15.7%, Memory=67.1%, Storage=75.4%, Tasks=0
2026/04/10 17:01:59 Heartbeat sent: CPU=15.4%, Memory=66.9%, Storage=75.4%, Tasks=0
2026/04/10 17:02:04 Heartbeat sent: CPU=20.2%, Memory=67.1%, Storage=75.4%, Tasks=0
2026/04/10 17:02:09 Heartbeat sent: CPU=19.5%, Memory=66.9%, Storage=75.4%, Tasks=0
2026/04/10 17:02:14 Heartbeat sent: CPU=15.2%, Memory=66.9%, Storage=75.4%, Tasks=0
2026/04/10 17:02:19 Heartbeat sent: CPU=14.6%, Memory=66.8%, Storage=75.4%, Tasks=0
2026/04/10 17:02:24 Heartbeat sent: CPU=14.8%, Memory=66.9%, Storage=75.4%, Tasks=0
2026/04/10 17:02:29 Heartbeat sent: CPU=15.6%, Memory=66.8%, Storage=75.4%, Tasks=0
2026/04/10 17:02:34 Heartbeat sent: CPU=15.9%, Memory=66.8%, Storage=75.4%, Tasks=0
2026/04/10 17:02:39 Heartbeat sent: CPU=21.1%, Memory=66.8%, Storage=75.4%, Tasks=0
2026/04/10 17:02:44 Heartbeat sent: CPU=17.8%, Memory=66.8%, Storage=75.4%, Tasks=0
2026/04/10 17:02:49 Heartbeat sent: CPU=12.8%, Memory=67.0%, Storage=75.4%, Tasks=0
2026/04/10 17:02:54 Heartbeat sent: CPU=15.9%, Memory=67.1%, Storage=75.4%, Tasks=0
2026/04/10 17:02:59 Heartbeat sent: CPU=14.9%, Memory=67.2%, Storage=75.4%, Tasks=0
2026/04/10 17:03:04 Heartbeat sent: CPU=15.0%, Memory=67.3%, Storage=75.4%, Tasks=0
2026/04/10 17:03:09 Heartbeat sent: CPU=18.9%, Memory=67.2%, Storage=75.4%, Tasks=0
2026/04/10 17:03:14 Heartbeat sent: CPU=15.4%, Memory=66.9%, Storage=75.4%, Tasks=0
2026/04/10 17:03:19 Heartbeat sent: CPU=15.5%, Memory=66.9%, Storage=75.4%, Tasks=0
2026/04/10 17:03:24 Heartbeat sent: CPU=15.6%, Memory=66.9%, Storage=75.4%, Tasks=0
2026/04/10 17:03:29 Heartbeat sent: CPU=16.0%, Memory=66.9%, Storage=75.4%, Tasks=0
2026/04/10 17:03:34 Heartbeat sent: CPU=14.8%, Memory=66.9%, Storage=75.4%, Tasks=0
2026/04/10 17:03:39 Heartbeat sent: CPU=15.1%, Memory=66.9%, Storage=75.4%, Tasks=0
2026/04/10 17:03:44 Heartbeat sent: CPU=14.5%, Memory=67.2%, Storage=75.4%, Tasks=0
2026/04/10 17:03:49 Heartbeat sent: CPU=16.2%, Memory=65.2%, Storage=75.4%, Tasks=0
2026/04/10 17:03:54 Heartbeat sent: CPU=20.8%, Memory=64.1%, Storage=75.4%, Tasks=0
2026/04/10 17:03:59 Heartbeat sent: CPU=8.1%, Memory=63.8%, Storage=75.4%, Tasks=0
2026/04/10 17:04:04 Heartbeat sent: CPU=8.2%, Memory=64.9%, Storage=75.4%, Tasks=0
2026/04/10 17:04:09 Heartbeat sent: CPU=7.7%, Memory=64.7%, Storage=75.4%, Tasks=0
2026/04/10 17:04:14 Heartbeat sent: CPU=8.3%, Memory=64.3%, Storage=75.4%, Tasks=0
2026/04/10 17:04:19 Heartbeat sent: CPU=14.6%, Memory=64.3%, Storage=75.4%, Tasks=0
2026/04/10 17:04:24 Heartbeat sent: CPU=18.8%, Memory=64.2%, Storage=75.4%, Tasks=0
2026/04/10 17:04:29 Heartbeat sent: CPU=14.9%, Memory=64.2%, Storage=75.4%, Tasks=0
2026/04/10 17:04:34 Heartbeat sent: CPU=15.2%, Memory=64.2%, Storage=75.4%, Tasks=0
2026/04/10 17:04:39 Heartbeat sent: CPU=14.1%, Memory=64.2%, Storage=75.4%, Tasks=0
2026/04/10 17:04:44 Heartbeat sent: CPU=14.3%, Memory=64.2%, Storage=75.4%, Tasks=0
2026/04/10 17:04:49 Heartbeat sent: CPU=15.0%, Memory=64.2%, Storage=75.4%, Tasks=0
2026/04/10 17:04:54 Heartbeat sent: CPU=14.8%, Memory=64.2%, Storage=75.4%, Tasks=0
2026/04/10 17:04:59 Heartbeat sent: CPU=19.4%, Memory=64.2%, Storage=75.4%, Tasks=0
2026/04/10 17:05:04 Heartbeat sent: CPU=19.3%, Memory=66.0%, Storage=75.4%, Tasks=0
2026/04/10 17:05:09 Heartbeat sent: CPU=17.9%, Memory=64.6%, Storage=75.4%, Tasks=0
2026/04/10 17:05:14 Heartbeat sent: CPU=17.9%, Memory=64.2%, Storage=75.4%, Tasks=0
2026/04/10 17:05:19 Heartbeat sent: CPU=19.3%, Memory=64.2%, Storage=75.4%, Tasks=0
2026/04/10 17:05:24 Heartbeat sent: CPU=20.7%, Memory=66.4%, Storage=75.4%, Tasks=0
2026/04/10 17:05:29 Heartbeat sent: CPU=21.2%, Memory=68.1%, Storage=75.4%, Tasks=0
2026/04/10 17:05:34 Heartbeat sent: CPU=14.6%, Memory=68.3%, Storage=75.4%, Tasks=0
2026/04/10 17:05:39 Heartbeat sent: CPU=14.4%, Memory=67.3%, Storage=75.4%, Tasks=0
2026/04/10 17:05:44 Heartbeat sent: CPU=11.2%, Memory=66.6%, Storage=75.4%, Tasks=0
2026/04/10 17:05:49 Heartbeat sent: CPU=10.6%, Memory=66.7%, Storage=75.4%, Tasks=0
2026/04/10 17:05:54 Heartbeat sent: CPU=9.9%, Memory=66.4%, Storage=75.4%, Tasks=0
2026/04/10 17:05:59 Heartbeat sent: CPU=10.2%, Memory=66.6%, Storage=75.4%, Tasks=0
2026/04/10 17:06:04 Heartbeat sent: CPU=8.8%, Memory=66.4%, Storage=75.4%, Tasks=0
2026/04/10 17:06:09 Heartbeat sent: CPU=9.1%, Memory=66.3%, Storage=75.4%, Tasks=0
2026/04/10 17:06:14 Heartbeat sent: CPU=10.2%, Memory=66.3%, Storage=75.4%, Tasks=0
2026/04/10 17:06:19 Heartbeat sent: CPU=9.7%, Memory=66.1%, Storage=75.4%, Tasks=0
2026/04/10 17:06:24 Heartbeat sent: CPU=10.1%, Memory=66.2%, Storage=75.4%, Tasks=0
2026/04/10 17:06:29 Heartbeat sent: CPU=10.1%, Memory=66.3%, Storage=75.4%, Tasks=0
2026/04/10 17:06:34 Heartbeat sent: CPU=11.8%, Memory=66.6%, Storage=75.4%, Tasks=0
2026/04/10 17:06:39 Heartbeat sent: CPU=9.9%, Memory=66.0%, Storage=75.4%, Tasks=0
2026/04/10 17:06:44 Heartbeat sent: CPU=9.5%, Memory=62.9%, Storage=75.4%, Tasks=0
2026/04/10 17:06:49 Heartbeat sent: CPU=8.9%, Memory=62.7%, Storage=75.4%, Tasks=0
2026/04/10 17:06:54 Heartbeat sent: CPU=10.2%, Memory=62.9%, Storage=75.4%, Tasks=0
2026/04/10 17:06:59 Heartbeat sent: CPU=11.5%, Memory=63.0%, Storage=75.4%, Tasks=0
2026/04/10 17:07:04 Heartbeat sent: CPU=10.3%, Memory=63.4%, Storage=75.4%, Tasks=0
2026/04/10 17:07:09 Heartbeat sent: CPU=11.6%, Memory=63.6%, Storage=75.4%, Tasks=0
2026/04/10 17:07:14 Heartbeat sent: CPU=10.7%, Memory=63.4%, Storage=75.4%, Tasks=0
2026/04/10 17:07:19 Heartbeat sent: CPU=11.5%, Memory=63.2%, Storage=75.4%, Tasks=0
2026/04/10 17:07:24 Heartbeat sent: CPU=8.6%, Memory=63.2%, Storage=75.4%, Tasks=0
2026/04/10 17:07:29 Heartbeat sent: CPU=13.6%, Memory=66.4%, Storage=75.4%, Tasks=0
2026/04/10 17:07:34 Heartbeat sent: CPU=9.3%, Memory=66.5%, Storage=75.4%, Tasks=0
2026/04/10 17:07:39 Heartbeat sent: CPU=12.3%, Memory=66.4%, Storage=75.4%, Tasks=0
2026/04/10 17:07:44 Heartbeat sent: CPU=13.2%, Memory=66.6%, Storage=75.4%, Tasks=0
2026/04/10 17:07:49 Heartbeat sent: CPU=17.0%, Memory=66.8%, Storage=75.4%, Tasks=0
2026/04/10 17:07:54 Heartbeat sent: CPU=13.0%, Memory=66.9%, Storage=75.4%, Tasks=0
2026/04/10 17:07:59 Heartbeat sent: CPU=9.7%, Memory=66.6%, Storage=75.4%, Tasks=0
2026/04/10 17:08:04 Heartbeat sent: CPU=9.8%, Memory=65.9%, Storage=75.4%, Tasks=0
2026/04/10 17:08:09 Heartbeat sent: CPU=11.4%, Memory=66.3%, Storage=75.4%, Tasks=0
2026/04/10 17:08:14 Heartbeat sent: CPU=9.3%, Memory=66.7%, Storage=75.4%, Tasks=0
2026/04/10 17:08:19 Heartbeat sent: CPU=10.1%, Memory=66.5%, Storage=75.4%, Tasks=0
2026/04/10 17:08:24 Heartbeat sent: CPU=8.7%, Memory=66.4%, Storage=75.4%, Tasks=0
2026/04/10 17:08:29 Heartbeat sent: CPU=9.1%, Memory=66.4%, Storage=75.4%, Tasks=0
2026/04/10 17:08:34 Heartbeat sent: CPU=13.6%, Memory=66.9%, Storage=75.4%, Tasks=0
2026/04/10 17:08:39 Heartbeat sent: CPU=10.8%, Memory=66.7%, Storage=75.4%, Tasks=0
2026/04/10 17:08:44 Heartbeat sent: CPU=9.5%, Memory=66.7%, Storage=75.4%, Tasks=0
2026/04/10 17:08:49 Heartbeat sent: CPU=10.9%, Memory=66.4%, Storage=75.4%, Tasks=0
2026/04/10 17:08:54 Heartbeat sent: CPU=10.8%, Memory=66.5%, Storage=75.4%, Tasks=0
2026/04/10 17:08:59 Heartbeat sent: CPU=10.4%, Memory=66.8%, Storage=75.4%, Tasks=0
2026/04/10 17:09:04 Heartbeat sent: CPU=9.6%, Memory=66.7%, Storage=75.4%, Tasks=0
2026/04/10 17:09:09 Heartbeat sent: CPU=10.9%, Memory=66.4%, Storage=75.4%, Tasks=0
2026/04/10 17:09:14 Heartbeat sent: CPU=21.6%, Memory=66.3%, Storage=75.4%, Tasks=0
2026/04/10 17:09:19 Heartbeat sent: CPU=11.1%, Memory=66.2%, Storage=75.4%, Tasks=0
2026/04/10 17:09:24 Heartbeat sent: CPU=13.1%, Memory=66.1%, Storage=75.4%, Tasks=0
2026/04/10 17:09:29 Heartbeat sent: CPU=12.2%, Memory=66.1%, Storage=75.4%, Tasks=0
2026/04/10 17:09:34 Heartbeat sent: CPU=16.2%, Memory=66.3%, Storage=75.4%, Tasks=0
2026/04/10 17:09:39 Heartbeat sent: CPU=13.2%, Memory=66.6%, Storage=75.4%, Tasks=0
2026/04/10 17:09:44 Heartbeat sent: CPU=12.5%, Memory=66.5%, Storage=75.4%, Tasks=0
2026/04/10 17:09:49 Heartbeat sent: CPU=10.4%, Memory=64.5%, Storage=75.4%, Tasks=0
2026/04/10 17:09:54 Heartbeat sent: CPU=8.9%, Memory=63.4%, Storage=75.4%, Tasks=0
2026/04/10 17:09:59 Heartbeat sent: CPU=10.5%, Memory=63.1%, Storage=75.4%, Tasks=0
2026/04/10 17:10:04 Heartbeat sent: CPU=9.8%, Memory=63.2%, Storage=75.4%, Tasks=0
2026/04/10 17:10:09 Heartbeat sent: CPU=13.3%, Memory=63.6%, Storage=75.4%, Tasks=0
2026/04/10 17:10:14 Heartbeat sent: CPU=9.4%, Memory=64.0%, Storage=75.4%, Tasks=0
2026/04/10 17:10:19 Heartbeat sent: CPU=10.1%, Memory=66.9%, Storage=75.4%, Tasks=0
2026/04/10 17:10:24 Heartbeat sent: CPU=13.5%, Memory=66.8%, Storage=75.4%, Tasks=0
2026/04/10 17:10:29 Heartbeat sent: CPU=9.4%, Memory=66.8%, Storage=75.4%, Tasks=0
2026/04/10 17:10:34 Heartbeat sent: CPU=10.9%, Memory=66.0%, Storage=75.4%, Tasks=0
2026/04/10 17:10:39 Heartbeat sent: CPU=9.0%, Memory=66.6%, Storage=75.4%, Tasks=0
2026/04/10 17:10:44 Heartbeat sent: CPU=8.9%, Memory=66.0%, Storage=75.4%, Tasks=0
2026/04/10 17:10:49 Heartbeat sent: CPU=8.2%, Memory=65.7%, Storage=75.4%, Tasks=0
2026/04/10 17:10:54 Heartbeat sent: CPU=28.1%, Memory=67.0%, Storage=75.4%, Tasks=0
2026/04/10 17:10:59 Heartbeat sent: CPU=19.5%, Memory=66.9%, Storage=75.4%, Tasks=0
2026/04/10 17:11:04 Heartbeat sent: CPU=9.9%, Memory=66.7%, Storage=75.4%, Tasks=0
2026/04/10 17:11:09 Heartbeat sent: CPU=18.0%, Memory=66.9%, Storage=75.4%, Tasks=0
2026/04/10 17:11:14 Heartbeat sent: CPU=14.0%, Memory=66.7%, Storage=75.4%, Tasks=0
2026/04/10 17:11:19 Heartbeat sent: CPU=8.6%, Memory=66.6%, Storage=75.4%, Tasks=0
2026/04/10 17:11:24 Heartbeat sent: CPU=11.4%, Memory=66.6%, Storage=75.4%, Tasks=0
2026/04/10 17:11:29 Heartbeat sent: CPU=12.3%, Memory=63.6%, Storage=75.4%, Tasks=0
2026/04/10 17:11:34 Heartbeat sent: CPU=9.1%, Memory=64.0%, Storage=75.4%, Tasks=0
2026/04/10 17:11:39 Heartbeat sent: CPU=33.3%, Memory=66.5%, Storage=75.4%, Tasks=0
2026/04/10 17:11:44 Heartbeat sent: CPU=15.7%, Memory=66.7%, Storage=75.4%, Tasks=0
2026/04/10 17:11:49 Heartbeat sent: CPU=15.3%, Memory=66.8%, Storage=75.4%, Tasks=0
2026/04/10 17:11:54 Heartbeat sent: CPU=16.7%, Memory=66.7%, Storage=75.4%, Tasks=0
2026/04/10 17:11:59 Heartbeat sent: CPU=8.6%, Memory=63.7%, Storage=75.4%, Tasks=0
2026/04/10 17:12:04 Heartbeat sent: CPU=16.0%, Memory=63.8%, Storage=75.4%, Tasks=0
2026/04/10 17:12:09 Heartbeat sent: CPU=9.4%, Memory=66.2%, Storage=75.4%, Tasks=0
2026/04/10 17:12:14 Heartbeat sent: CPU=14.1%, Memory=66.7%, Storage=75.4%, Tasks=0
2026/04/10 17:12:19 Heartbeat sent: CPU=13.0%, Memory=67.0%, Storage=75.4%, Tasks=0
2026/04/10 17:12:24 Heartbeat sent: CPU=9.7%, Memory=67.0%, Storage=75.4%, Tasks=0
2026/04/10 17:12:29 Heartbeat sent: CPU=11.1%, Memory=67.0%, Storage=75.4%, Tasks=0
2026/04/10 17:12:34 Heartbeat sent: CPU=10.4%, Memory=66.9%, Storage=75.4%, Tasks=0
2026/04/10 17:12:39 Heartbeat sent: CPU=12.0%, Memory=66.9%, Storage=75.4%, Tasks=0
2026/04/10 17:12:44 Heartbeat sent: CPU=11.9%, Memory=67.0%, Storage=75.4%, Tasks=0
2026/04/10 17:12:49 Heartbeat sent: CPU=12.0%, Memory=66.8%, Storage=75.4%, Tasks=0
2026/04/10 17:12:54 Heartbeat sent: CPU=11.2%, Memory=67.0%, Storage=75.4%, Tasks=0
2026/04/10 17:12:59 Heartbeat sent: CPU=12.7%, Memory=64.3%, Storage=75.4%, Tasks=0
2026/04/10 17:13:04 Heartbeat sent: CPU=15.3%, Memory=64.9%, Storage=75.4%, Tasks=0
2026/04/10 17:13:09 Heartbeat sent: CPU=9.6%, Memory=64.7%, Storage=75.4%, Tasks=0
2026/04/10 17:13:14 Heartbeat sent: CPU=10.0%, Memory=64.3%, Storage=75.4%, Tasks=0
2026/04/10 17:13:19 Heartbeat sent: CPU=8.9%, Memory=64.4%, Storage=75.4%, Tasks=0
2026/04/10 17:13:24 Heartbeat sent: CPU=12.0%, Memory=64.6%, Storage=75.4%, Tasks=0
2026/04/10 17:13:29 Heartbeat sent: CPU=10.9%, Memory=64.9%, Storage=75.4%, Tasks=0
2026/04/10 17:13:34 Heartbeat sent: CPU=13.3%, Memory=64.8%, Storage=75.4%, Tasks=0
2026/04/10 17:13:39 Heartbeat sent: CPU=9.1%, Memory=65.0%, Storage=75.4%, Tasks=0
2026/04/10 17:13:44 Heartbeat sent: CPU=11.3%, Memory=65.0%, Storage=75.4%, Tasks=0
2026/04/10 17:13:49 Heartbeat sent: CPU=10.9%, Memory=65.3%, Storage=75.4%, Tasks=0
2026/04/10 17:13:54 Heartbeat sent: CPU=13.9%, Memory=64.8%, Storage=75.4%, Tasks=0
2026/04/10 17:13:59 Heartbeat sent: CPU=10.2%, Memory=64.8%, Storage=75.4%, Tasks=0
2026/04/10 17:14:04 Heartbeat sent: CPU=9.3%, Memory=64.8%, Storage=75.4%, Tasks=0
2026/04/10 17:14:09 Heartbeat sent: CPU=11.0%, Memory=64.6%, Storage=75.4%, Tasks=0
2026/04/10 17:14:14 Heartbeat sent: CPU=15.3%, Memory=64.7%, Storage=75.4%, Tasks=0
2026/04/10 17:14:19 Heartbeat sent: CPU=9.5%, Memory=64.7%, Storage=75.4%, Tasks=0
2026/04/10 17:14:24 Heartbeat sent: CPU=12.1%, Memory=62.5%, Storage=75.4%, Tasks=0
2026/04/10 17:14:29 Heartbeat sent: CPU=17.2%, Memory=65.5%, Storage=75.4%, Tasks=0
2026/04/10 17:14:34 Heartbeat sent: CPU=12.4%, Memory=65.5%, Storage=75.4%, Tasks=0
2026/04/10 17:14:39 Heartbeat sent: CPU=14.1%, Memory=65.4%, Storage=75.4%, Tasks=0
2026/04/10 17:14:44 Heartbeat sent: CPU=10.6%, Memory=65.4%, Storage=75.4%, Tasks=0
2026/04/10 17:14:49 Heartbeat sent: CPU=9.0%, Memory=66.5%, Storage=75.4%, Tasks=0
2026/04/10 17:14:54 Heartbeat sent: CPU=11.0%, Memory=66.5%, Storage=75.4%, Tasks=0
2026/04/10 17:14:59 Heartbeat sent: CPU=9.9%, Memory=66.5%, Storage=75.4%, Tasks=0
2026/04/10 17:15:04 Heartbeat sent: CPU=20.1%, Memory=67.1%, Storage=75.4%, Tasks=0
2026/04/10 17:15:09 Heartbeat sent: CPU=21.8%, Memory=65.8%, Storage=75.4%, Tasks=0
2026/04/10 17:15:14 Heartbeat sent: CPU=23.7%, Memory=65.4%, Storage=75.4%, Tasks=0
2026/04/10 17:15:19 Heartbeat sent: CPU=11.9%, Memory=65.5%, Storage=75.4%, Tasks=0
2026/04/10 17:15:24 Heartbeat sent: CPU=10.1%, Memory=65.5%, Storage=75.4%, Tasks=0
2026/04/10 17:15:29 Heartbeat sent: CPU=10.5%, Memory=65.3%, Storage=75.4%, Tasks=0
2026/04/10 17:15:34 Heartbeat sent: CPU=11.9%, Memory=65.3%, Storage=75.4%, Tasks=0
2026/04/10 17:15:39 Heartbeat sent: CPU=9.1%, Memory=64.5%, Storage=75.4%, Tasks=0
2026/04/10 17:15:44 Heartbeat sent: CPU=7.4%, Memory=64.4%, Storage=75.4%, Tasks=0
2026/04/10 17:15:49 Heartbeat sent: CPU=8.3%, Memory=64.3%, Storage=75.4%, Tasks=0
2026/04/10 17:15:54 Heartbeat sent: CPU=11.1%, Memory=65.2%, Storage=75.4%, Tasks=0
2026/04/10 17:15:59 Heartbeat sent: CPU=10.9%, Memory=65.3%, Storage=75.4%, Tasks=0
2026/04/10 17:16:04 Heartbeat sent: CPU=9.7%, Memory=65.5%, Storage=75.4%, Tasks=0
2026/04/10 17:16:09 Heartbeat sent: CPU=13.8%, Memory=65.4%, Storage=75.4%, Tasks=0
2026/04/10 17:16:14 Heartbeat sent: CPU=15.9%, Memory=65.0%, Storage=75.4%, Tasks=0
2026/04/10 17:16:19 Heartbeat sent: CPU=15.5%, Memory=64.8%, Storage=75.4%, Tasks=0
2026/04/10 17:16:24 Heartbeat sent: CPU=10.6%, Memory=64.8%, Storage=75.4%, Tasks=0
2026/04/10 17:16:29 Heartbeat sent: CPU=12.5%, Memory=65.0%, Storage=75.4%, Tasks=0
2026/04/10 17:16:34 Heartbeat sent: CPU=12.7%, Memory=65.5%, Storage=75.4%, Tasks=0
2026/04/10 17:16:39 Heartbeat sent: CPU=11.8%, Memory=65.0%, Storage=75.4%, Tasks=0
2026/04/10 17:16:44 Heartbeat sent: CPU=10.8%, Memory=65.4%, Storage=75.4%, Tasks=0
2026/04/10 17:16:49 Heartbeat sent: CPU=7.5%, Memory=64.9%, Storage=75.4%, Tasks=0
2026/04/10 17:16:54 Heartbeat sent: CPU=12.9%, Memory=65.5%, Storage=75.4%, Tasks=0
2026/04/10 17:16:59 Heartbeat sent: CPU=12.1%, Memory=63.2%, Storage=75.4%, Tasks=0
2026/04/10 17:17:04 Heartbeat sent: CPU=7.8%, Memory=63.3%, Storage=75.4%, Tasks=0
2026/04/10 17:17:09 Heartbeat sent: CPU=11.7%, Memory=63.4%, Storage=75.4%, Tasks=0
2026/04/10 17:17:14 Heartbeat sent: CPU=21.3%, Memory=63.2%, Storage=75.4%, Tasks=0
2026/04/10 17:17:19 Heartbeat sent: CPU=12.4%, Memory=66.1%, Storage=75.4%, Tasks=0
2026/04/10 17:17:24 Heartbeat sent: CPU=21.4%, Memory=65.9%, Storage=75.4%, Tasks=0
2026/04/10 17:17:29 Heartbeat sent: CPU=8.4%, Memory=63.2%, Storage=75.4%, Tasks=0
2026/04/10 17:17:34 Heartbeat sent: CPU=9.3%, Memory=63.1%, Storage=75.4%, Tasks=0
2026/04/10 17:17:39 Heartbeat sent: CPU=10.5%, Memory=63.0%, Storage=75.4%, Tasks=0
2026/04/10 17:17:44 Heartbeat sent: CPU=11.3%, Memory=63.1%, Storage=75.4%, Tasks=0
2026/04/10 17:17:49 Heartbeat sent: CPU=10.3%, Memory=63.1%, Storage=75.4%, Tasks=0
2026/04/10 17:17:54 Heartbeat sent: CPU=8.4%, Memory=63.0%, Storage=75.4%, Tasks=0
2026/04/10 17:17:59 Heartbeat sent: CPU=11.4%, Memory=63.1%, Storage=75.4%, Tasks=0
2026/04/10 17:18:04 Heartbeat sent: CPU=10.8%, Memory=63.3%, Storage=75.4%, Tasks=0
2026/04/10 17:18:09 Heartbeat sent: CPU=17.5%, Memory=63.3%, Storage=75.4%, Tasks=0
2026/04/10 17:18:14 Heartbeat sent: CPU=12.4%, Memory=62.9%, Storage=75.4%, Tasks=0
2026/04/10 17:18:19 Heartbeat sent: CPU=10.5%, Memory=62.9%, Storage=75.4%, Tasks=0
2026/04/10 17:18:24 Heartbeat sent: CPU=10.3%, Memory=62.9%, Storage=75.4%, Tasks=0
2026/04/10 17:18:29 Heartbeat sent: CPU=10.9%, Memory=62.9%, Storage=75.4%, Tasks=0
2026/04/10 17:18:34 Heartbeat sent: CPU=8.8%, Memory=63.1%, Storage=75.4%, Tasks=0
2026/04/10 17:18:39 Heartbeat sent: CPU=12.3%, Memory=63.3%, Storage=75.4%, Tasks=0
2026/04/10 17:18:44 Heartbeat sent: CPU=10.2%, Memory=63.5%, Storage=75.4%, Tasks=0
2026/04/10 17:18:49 Heartbeat sent: CPU=11.2%, Memory=63.2%, Storage=75.4%, Tasks=0
2026/04/10 17:18:54 Heartbeat sent: CPU=12.5%, Memory=63.1%, Storage=75.4%, Tasks=0
2026/04/10 17:18:59 Heartbeat sent: CPU=10.9%, Memory=63.1%, Storage=75.4%, Tasks=0
2026/04/10 17:19:04 Heartbeat sent: CPU=11.3%, Memory=63.8%, Storage=75.4%, Tasks=0
2026/04/10 17:19:09 Heartbeat sent: CPU=11.6%, Memory=63.2%, Storage=75.4%, Tasks=0
2026/04/10 17:19:14 Heartbeat sent: CPU=14.6%, Memory=63.0%, Storage=75.4%, Tasks=0
2026/04/10 17:19:19 Heartbeat sent: CPU=13.1%, Memory=63.1%, Storage=75.4%, Tasks=0
2026/04/10 17:19:24 Heartbeat sent: CPU=9.6%, Memory=62.9%, Storage=75.4%, Tasks=0
2026/04/10 17:19:29 Heartbeat sent: CPU=10.4%, Memory=62.8%, Storage=75.4%, Tasks=0
2026/04/10 17:19:34 Heartbeat sent: CPU=9.7%, Memory=63.0%, Storage=75.4%, Tasks=0
2026/04/10 17:19:39 Heartbeat sent: CPU=15.6%, Memory=65.8%, Storage=75.4%, Tasks=0
2026/04/10 17:19:44 Heartbeat sent: CPU=10.1%, Memory=65.7%, Storage=75.4%, Tasks=0
2026/04/10 17:19:49 Heartbeat sent: CPU=7.9%, Memory=62.9%, Storage=75.4%, Tasks=0
2026/04/10 17:19:54 Heartbeat sent: CPU=8.7%, Memory=62.9%, Storage=75.4%, Tasks=0
2026/04/10 17:19:59 Heartbeat sent: CPU=9.7%, Memory=63.0%, Storage=75.4%, Tasks=0
2026/04/10 17:20:04 Heartbeat sent: CPU=13.8%, Memory=63.2%, Storage=75.4%, Tasks=0
2026/04/10 17:20:09 Heartbeat sent: CPU=14.6%, Memory=63.1%, Storage=75.4%, Tasks=0
2026/04/10 17:20:14 Heartbeat sent: CPU=21.8%, Memory=62.9%, Storage=75.4%, Tasks=0
2026/04/10 17:20:19 Heartbeat sent: CPU=9.3%, Memory=62.7%, Storage=75.4%, Tasks=0
2026/04/10 17:20:24 Heartbeat sent: CPU=11.1%, Memory=62.7%, Storage=75.4%, Tasks=0
2026/04/10 17:20:29 Heartbeat sent: CPU=12.0%, Memory=62.8%, Storage=75.4%, Tasks=0
2026/04/10 17:20:34 Heartbeat sent: CPU=11.6%, Memory=62.9%, Storage=75.4%, Tasks=0
2026/04/10 17:20:39 Heartbeat sent: CPU=8.3%, Memory=63.1%, Storage=75.4%, Tasks=0
2026/04/10 17:20:44 Heartbeat sent: CPU=9.1%, Memory=63.0%, Storage=75.4%, Tasks=0
2026/04/10 17:20:49 Heartbeat sent: CPU=9.8%, Memory=63.0%, Storage=75.4%, Tasks=0
2026/04/10 17:20:54 Heartbeat sent: CPU=10.4%, Memory=65.9%, Storage=75.4%, Tasks=0
2026/04/10 17:20:59 Heartbeat sent: CPU=8.3%, Memory=65.8%, Storage=75.4%, Tasks=0
2026/04/10 17:21:04 Heartbeat sent: CPU=8.7%, Memory=65.8%, Storage=75.4%, Tasks=0
2026/04/10 17:21:09 Heartbeat sent: CPU=16.3%, Memory=65.8%, Storage=75.4%, Tasks=0
2026/04/10 17:21:14 Heartbeat sent: CPU=11.9%, Memory=65.8%, Storage=75.4%, Tasks=0
2026/04/10 17:21:19 Heartbeat sent: CPU=12.3%, Memory=65.8%, Storage=75.4%, Tasks=0
2026/04/10 17:21:24 Heartbeat sent: CPU=13.4%, Memory=65.8%, Storage=75.4%, Tasks=0
2026/04/10 17:21:29 Heartbeat sent: CPU=13.5%, Memory=65.8%, Storage=75.4%, Tasks=0
2026/04/10 17:21:34 Heartbeat sent: CPU=12.3%, Memory=65.8%, Storage=75.4%, Tasks=0
2026/04/10 17:21:39 Heartbeat sent: CPU=11.6%, Memory=65.8%, Storage=75.4%, Tasks=0
2026/04/10 17:21:44 Heartbeat sent: CPU=13.3%, Memory=65.9%, Storage=75.4%, Tasks=0
2026/04/10 17:21:49 Heartbeat sent: CPU=16.5%, Memory=66.5%, Storage=75.4%, Tasks=0
2026/04/10 17:21:54 Heartbeat sent: CPU=16.8%, Memory=66.4%, Storage=75.4%, Tasks=0
2026/04/10 17:21:59 Heartbeat sent: CPU=15.6%, Memory=66.3%, Storage=75.4%, Tasks=0
2026/04/10 17:22:04 Heartbeat sent: CPU=13.8%, Memory=66.4%, Storage=75.4%, Tasks=0
2026/04/10 17:22:09 Heartbeat sent: CPU=10.9%, Memory=66.2%, Storage=75.4%, Tasks=0
2026/04/10 17:22:14 Heartbeat sent: CPU=13.2%, Memory=66.3%, Storage=75.4%, Tasks=0
2026/04/10 17:22:19 Heartbeat sent: CPU=11.8%, Memory=66.2%, Storage=75.4%, Tasks=0
2026/04/10 17:22:24 Heartbeat sent: CPU=12.7%, Memory=66.1%, Storage=75.4%, Tasks=0
2026/04/10 17:22:29 Heartbeat sent: CPU=14.0%, Memory=66.2%, Storage=75.4%, Tasks=0
2026/04/10 17:22:34 Heartbeat sent: CPU=11.5%, Memory=66.4%, Storage=75.4%, Tasks=0
2026/04/10 17:22:39 Heartbeat sent: CPU=10.5%, Memory=66.2%, Storage=75.4%, Tasks=0
2026/04/10 17:22:44 Heartbeat sent: CPU=10.7%, Memory=66.1%, Storage=75.4%, Tasks=0
2026/04/10 17:22:49 Heartbeat sent: CPU=11.2%, Memory=66.2%, Storage=75.4%, Tasks=0
2026/04/10 17:22:54 Heartbeat sent: CPU=15.3%, Memory=66.3%, Storage=75.4%, Tasks=0
2026/04/10 17:22:59 Heartbeat sent: CPU=13.1%, Memory=66.3%, Storage=75.4%, Tasks=0
2026/04/10 17:23:04 Heartbeat sent: CPU=13.2%, Memory=66.6%, Storage=75.4%, Tasks=0
2026/04/10 17:23:09 Heartbeat sent: CPU=12.6%, Memory=66.3%, Storage=75.4%, Tasks=0
2026/04/10 17:23:14 Heartbeat sent: CPU=12.7%, Memory=66.6%, Storage=75.4%, Tasks=0
2026/04/10 17:23:19 Heartbeat sent: CPU=8.8%, Memory=66.3%, Storage=75.4%, Tasks=0
2026/04/10 17:23:24 Heartbeat sent: CPU=10.7%, Memory=66.3%, Storage=75.4%, Tasks=0
2026/04/10 17:23:29 Heartbeat sent: CPU=9.6%, Memory=65.6%, Storage=75.4%, Tasks=0
2026/04/10 17:23:34 Heartbeat sent: CPU=9.9%, Memory=66.3%, Storage=75.4%, Tasks=0
2026/04/10 17:23:39 Heartbeat sent: CPU=12.9%, Memory=66.3%, Storage=75.4%, Tasks=0
2026/04/10 17:23:44 Heartbeat sent: CPU=14.8%, Memory=66.2%, Storage=75.4%, Tasks=0
2026/04/10 17:23:49 Heartbeat sent: CPU=9.4%, Memory=66.3%, Storage=75.4%, Tasks=0
2026/04/10 17:23:54 Heartbeat sent: CPU=10.8%, Memory=66.1%, Storage=75.4%, Tasks=0
2026/04/10 17:23:59 Heartbeat sent: CPU=11.0%, Memory=65.8%, Storage=75.4%, Tasks=0
2026/04/10 17:24:04 Heartbeat sent: CPU=11.4%, Memory=66.0%, Storage=75.4%, Tasks=0
2026/04/10 17:24:09 Heartbeat sent: CPU=11.5%, Memory=65.8%, Storage=75.4%, Tasks=0
2026/04/10 17:24:14 Heartbeat sent: CPU=10.3%, Memory=65.7%, Storage=75.4%, Tasks=0
2026/04/10 17:24:19 Heartbeat sent: CPU=10.3%, Memory=66.0%, Storage=75.4%, Tasks=0
2026/04/10 17:24:24 Heartbeat sent: CPU=10.3%, Memory=65.9%, Storage=75.4%, Tasks=0
2026/04/10 17:24:29 Heartbeat sent: CPU=12.2%, Memory=63.7%, Storage=75.4%, Tasks=0
2026/04/10 17:24:34 Heartbeat sent: CPU=10.8%, Memory=66.3%, Storage=75.4%, Tasks=0
2026/04/10 17:24:39 Heartbeat sent: CPU=10.0%, Memory=66.1%, Storage=75.4%, Tasks=0
2026/04/10 17:24:44 Heartbeat sent: CPU=10.5%, Memory=66.2%, Storage=75.4%, Tasks=0
2026/04/10 17:24:49 Heartbeat sent: CPU=13.8%, Memory=66.1%, Storage=75.4%, Tasks=0
2026/04/10 17:24:54 Heartbeat sent: CPU=12.3%, Memory=66.4%, Storage=75.4%, Tasks=0
2026/04/10 17:24:59 Heartbeat sent: CPU=8.5%, Memory=66.3%, Storage=75.4%, Tasks=0
2026/04/10 17:25:04 Heartbeat sent: CPU=10.8%, Memory=66.7%, Storage=75.4%, Tasks=0
2026/04/10 17:25:09 Heartbeat sent: CPU=10.4%, Memory=65.7%, Storage=75.4%, Tasks=0
2026/04/10 17:25:14 Heartbeat sent: CPU=8.1%, Memory=65.9%, Storage=75.4%, Tasks=0
2026/04/10 17:25:19 Heartbeat sent: CPU=12.7%, Memory=65.7%, Storage=75.4%, Tasks=0
2026/04/10 17:25:24 Heartbeat sent: CPU=9.4%, Memory=65.3%, Storage=75.4%, Tasks=0
2026/04/10 17:25:29 Heartbeat sent: CPU=9.9%, Memory=65.4%, Storage=75.4%, Tasks=0
2026/04/10 17:25:34 Heartbeat sent: CPU=11.2%, Memory=65.5%, Storage=75.4%, Tasks=0
2026/04/10 17:25:39 Heartbeat sent: CPU=10.8%, Memory=65.5%, Storage=75.4%, Tasks=0
2026/04/10 17:25:44 Heartbeat sent: CPU=10.2%, Memory=65.5%, Storage=75.4%, Tasks=0
2026/04/10 17:25:49 Heartbeat sent: CPU=8.7%, Memory=65.5%, Storage=75.4%, Tasks=0
2026/04/10 17:25:54 Heartbeat sent: CPU=9.5%, Memory=65.6%, Storage=75.4%, Tasks=0
2026/04/10 17:25:59 Heartbeat sent: CPU=10.4%, Memory=65.7%, Storage=75.4%, Tasks=0
2026/04/10 17:26:04 Heartbeat sent: CPU=17.0%, Memory=66.4%, Storage=75.4%, Tasks=0
2026/04/10 17:26:09 Heartbeat sent: CPU=14.9%, Memory=66.0%, Storage=75.4%, Tasks=0
2026/04/10 17:26:14 Heartbeat sent: CPU=11.3%, Memory=66.1%, Storage=75.4%, Tasks=0
2026/04/10 17:26:19 Heartbeat sent: CPU=15.6%, Memory=66.0%, Storage=75.4%, Tasks=0
2026/04/10 17:26:24 Heartbeat sent: CPU=12.8%, Memory=65.9%, Storage=75.4%, Tasks=0
2026/04/10 17:26:29 Heartbeat sent: CPU=12.9%, Memory=66.1%, Storage=75.4%, Tasks=0
2026/04/10 17:26:34 Heartbeat sent: CPU=13.7%, Memory=66.4%, Storage=75.4%, Tasks=0
2026/04/10 17:26:39 Heartbeat sent: CPU=20.7%, Memory=66.3%, Storage=75.4%, Tasks=0
2026/04/10 17:26:44 Heartbeat sent: CPU=11.7%, Memory=66.3%, Storage=75.4%, Tasks=0
2026/04/10 17:26:49 Heartbeat sent: CPU=10.9%, Memory=66.4%, Storage=75.4%, Tasks=0
2026/04/10 17:26:54 Heartbeat sent: CPU=10.9%, Memory=66.5%, Storage=75.4%, Tasks=0
2026/04/10 17:26:59 Heartbeat sent: CPU=11.3%, Memory=66.1%, Storage=75.4%, Tasks=0
2026/04/10 17:27:04 Heartbeat sent: CPU=12.6%, Memory=66.3%, Storage=75.4%, Tasks=0
2026/04/10 17:27:09 Heartbeat sent: CPU=16.0%, Memory=65.8%, Storage=75.4%, Tasks=0
2026/04/10 17:27:14 Heartbeat sent: CPU=14.3%, Memory=65.6%, Storage=75.4%, Tasks=0
2026/04/10 17:27:19 Heartbeat sent: CPU=12.5%, Memory=65.5%, Storage=75.4%, Tasks=0
2026/04/10 17:27:24 Heartbeat sent: CPU=12.4%, Memory=65.4%, Storage=75.4%, Tasks=0
2026/04/10 17:27:29 Heartbeat sent: CPU=15.5%, Memory=65.4%, Storage=75.4%, Tasks=0
2026/04/10 17:27:34 Heartbeat sent: CPU=13.7%, Memory=65.8%, Storage=75.4%, Tasks=0
2026/04/10 17:27:39 Heartbeat sent: CPU=12.1%, Memory=65.8%, Storage=75.4%, Tasks=0
2026/04/10 17:27:44 Heartbeat sent: CPU=10.1%, Memory=65.7%, Storage=75.4%, Tasks=0
2026/04/10 17:27:49 Heartbeat sent: CPU=14.0%, Memory=65.9%, Storage=75.4%, Tasks=0
2026/04/10 17:27:54 Heartbeat sent: CPU=16.3%, Memory=65.7%, Storage=75.4%, Tasks=0
2026/04/10 17:27:59 Heartbeat sent: CPU=11.1%, Memory=65.6%, Storage=75.4%, Tasks=0
2026/04/10 17:28:04 Heartbeat sent: CPU=12.8%, Memory=65.9%, Storage=75.4%, Tasks=0
2026/04/10 17:28:09 Heartbeat sent: CPU=13.4%, Memory=67.4%, Storage=75.4%, Tasks=0
2026/04/10 17:28:14 Heartbeat sent: CPU=26.0%, Memory=67.5%, Storage=75.4%, Tasks=0
2026/04/10 17:28:19 Heartbeat sent: CPU=24.2%, Memory=67.4%, Storage=75.4%, Tasks=0
2026/04/10 17:28:24 Heartbeat sent: CPU=18.5%, Memory=65.9%, Storage=75.4%, Tasks=0
2026/04/10 17:28:29 Heartbeat sent: CPU=18.9%, Memory=68.1%, Storage=75.4%, Tasks=0
2026/04/10 17:28:34 Heartbeat sent: CPU=10.7%, Memory=66.1%, Storage=75.4%, Tasks=0
2026/04/10 17:28:39 Heartbeat sent: CPU=9.0%, Memory=64.8%, Storage=75.4%, Tasks=0
2026/04/10 17:28:44 Heartbeat sent: CPU=9.1%, Memory=64.3%, Storage=75.4%, Tasks=0
2026/04/10 17:28:49 Heartbeat sent: CPU=11.2%, Memory=64.9%, Storage=75.4%, Tasks=0
2026/04/10 17:28:54 Heartbeat sent: CPU=12.4%, Memory=65.2%, Storage=75.4%, Tasks=0
2026/04/10 17:28:59 Heartbeat sent: CPU=13.5%, Memory=65.3%, Storage=75.4%, Tasks=0
2026/04/10 17:29:04 Heartbeat sent: CPU=11.4%, Memory=65.3%, Storage=75.4%, Tasks=0
2026/04/10 17:29:09 Heartbeat sent: CPU=8.7%, Memory=65.3%, Storage=75.4%, Tasks=0
2026/04/10 17:29:14 Heartbeat sent: CPU=8.3%, Memory=64.9%, Storage=75.4%, Tasks=0
2026/04/10 17:29:19 Heartbeat sent: CPU=9.2%, Memory=64.7%, Storage=75.4%, Tasks=0
2026/04/10 17:29:24 Heartbeat sent: CPU=8.0%, Memory=64.6%, Storage=75.4%, Tasks=0
2026/04/10 17:29:29 Heartbeat sent: CPU=12.9%, Memory=65.1%, Storage=75.4%, Tasks=0
2026/04/10 17:29:34 Heartbeat sent: CPU=19.9%, Memory=67.6%, Storage=75.4%, Tasks=0
2026/04/10 17:29:39 Heartbeat sent: CPU=25.1%, Memory=69.2%, Storage=75.4%, Tasks=0

╔═══════════════════════════════════════════════════════
║  Shutdown signal received - gracefully shutting down...
╚═══════════════════════════════════════════════════════
╔═══════════════════════════════════════════════════════
║  Worker Shutdown - Cleaning up running tasks...
╚═══════════════════════════════════════════════════════
  ✓ No running tasks to clean up
