scenario,scheduler,scheduler_algorithm,workload,task_id,task_status,current_attempt_id,current_attempt_no,recovery_count,last_failure_reason,attempt_id,attempt_no,attempt_status,attempt_worker_id,attempt_failure_reason,assigned_at,last_heartbeat,completed_at
baseline,RR,RR,heterogeneous-smoke,task-1777208648908104172,completed,att-task-1777208648908104172-1,1,0,,att-task-1777208648908104172-1,1,completed,worker-large,,1777208651,1777208652,1777208656
baseline,RR,RR,heterogeneous-smoke,task-1777208648910003228,completed,att-task-1777208648910003228-1,1,0,,att-task-1777208648910003228-1,1,completed,worker-medium,,1777208651,1777208652,1777208657
baseline,RR,RR,heterogeneous-smoke,task-1777208648911412208,completed,att-task-1777208648911412208-1,1,0,,att-task-1777208648911412208-1,1,completed,worker-small,,1777208651,1777208652,1777208657
baseline,RR,RR,heterogeneous-smoke,task-1777208648912616198,completed,att-task-1777208648912616198-1,1,0,,att-task-1777208648912616198-1,1,completed,worker-large,,1777208651,1777208652,1777208656
baseline,RR,RR,heterogeneous-smoke,task-1777208648913653991,completed,att-task-1777208648913653991-1,1,0,,att-task-1777208648913653991-1,1,completed,worker-medium,,1777208651,1777208652,1777208656
baseline,RR,RR,heterogeneous-smoke,task-1777208648914443817,completed,att-task-1777208648914443817-1,1,0,,att-task-1777208648914443817-1,1,completed,worker-large,,1777208656,1777208657,1777208662
baseline,RR,RR,heterogeneous-smoke,task-1777208648915020229,completed,att-task-1777208648915020229-1,1,0,,att-task-1777208648915020229-1,1,completed,worker-large,,1777208651,1777208652,1777208657
baseline,RR,RR,heterogeneous-smoke,task-1777208648915580147,completed,att-task-1777208648915580147-1,1,0,,att-task-1777208648915580147-1,1,completed,worker-medium,,1777208661,1777208662,1777208666
baseline,RR,RR,heterogeneous-smoke,task-1777208648916148854,completed,att-task-1777208648916148854-1,1,0,,att-task-1777208648916148854-1,1,completed,worker-medium,,1777208651,1777208652,1777208657
baseline,RR,RR,heterogeneous-smoke,task-1777208648916669706,completed,att-task-1777208648916669706-1,1,0,,att-task-1777208648916669706-1,1,completed,worker-large,,1777208666,1777208667,1777208672
baseline,RR,RR,steady-cpu,task-1777208672997313214,completed,att-task-1777208672997313214-1,1,0,,att-task-1777208672997313214-1,1,completed,worker-large,,1777208676,1777208677,1777208681
baseline,RR,RR,steady-cpu,task-1777208673998809039,completed,att-task-1777208673998809039-1,1,0,,att-task-1777208673998809039-1,1,completed,worker-medium,,1777208676,1777208677,1777208681
baseline,RR,RR,steady-cpu,task-1777208675000902010,completed,att-task-1777208675000902010-1,1,0,,att-task-1777208675000902010-1,1,completed,worker-small,,1777208676,1777208677,1777208681
baseline,RR,RR,steady-cpu,task-1777208676002794690,completed,att-task-1777208676002794690-1,1,0,,att-task-1777208676002794690-1,1,completed,worker-large,,1777208676,1777208677,1777208681
baseline,RR,RR,steady-cpu,task-1777208677005029768,completed,att-task-1777208677005029768-1,1,0,,att-task-1777208677005029768-1,1,completed,worker-medium,,1777208681,1777208682,1777208686
baseline,RR,RR,steady-cpu,task-1777208678007081346,completed,att-task-1777208678007081346-1,1,0,,att-task-1777208678007081346-1,1,completed,worker-large,,1777208681,1777208682,1777208686
baseline,RR,RR,steady-cpu,task-1777208679009186206,completed,att-task-1777208679009186206-1,1,0,,att-task-1777208679009186206-1,1,completed,worker-medium,,1777208681,1777208682,1777208686
baseline,RR,RR,steady-cpu,task-1777208680011486952,completed,att-task-1777208680011486952-1,1,0,,att-task-1777208680011486952-1,1,completed,worker-large,,1777208686,1777208687,1777208691
baseline,RR,RR,steady-mixed,task-1777208692055995565,completed,att-task-1777208692055995565-1,1,0,,att-task-1777208692055995565-1,1,completed,worker-large,,1777208696,1777208697,1777208701
baseline,RR,RR,steady-mixed,task-1777208692807569604,completed,att-task-1777208692807569604-1,1,0,,att-task-1777208692807569604-1,1,completed,worker-medium,,1777208696,1777208697,1777208701
baseline,RR,RR,steady-mixed,task-1777208693559765645,failed,att-task-1777208693559765645-1,1,0,,att-task-1777208693559765645-1,1,failed,worker-small,container_failed,1777208696,1777208697,1777208700
baseline,RR,RR,steady-mixed,task-1777208694312063887,completed,att-task-1777208694312063887-1,1,0,,att-task-1777208694312063887-1,1,completed,worker-large,,1777208696,1777208697,1777208701
baseline,RR,RR,steady-mixed,task-1777208695064580108,completed,att-task-1777208695064580108-1,1,0,,att-task-1777208695064580108-1,1,completed,worker-medium,,1777208696,1777208697,1777208701
baseline,RR,RR,steady-mixed,task-1777208695816737666,failed,att-task-1777208695816737666-1,1,0,,att-task-1777208695816737666-1,1,failed,worker-large,container_failed,1777208696,1777208697,1777208701
baseline,RR,RR,steady-mixed,task-1777208696569065650,completed,att-task-1777208696569065650-1,1,0,,att-task-1777208696569065650-1,1,completed,worker-medium,,1777208696,1777208697,1777208701
baseline,RR,RR,steady-mixed,task-1777208697321756314,completed,att-task-1777208697321756314-1,1,0,,att-task-1777208697321756314-1,1,completed,worker-small,,1777208701,1777208702,1777208706
baseline,RR,RR,memory-pressure,task-1777208709359793778,failed,att-task-1777208709359793778-1,1,0,,att-task-1777208709359793778-1,1,failed,worker-large,container_failed,1777208711,1777208712,1777208715
baseline,RR,RR,memory-pressure,task-1777208709861817931,failed,att-task-1777208709861817931-1,1,0,,att-task-1777208709861817931-1,1,failed,worker-medium,container_failed,1777208711,1777208712,1777208715
baseline,RR,RR,memory-pressure,task-1777208710364065147,completed,att-task-1777208710364065147-1,1,0,,att-task-1777208710364065147-1,1,completed,worker-small,,1777208711,1777208712,1777208716
baseline,RR,RR,memory-pressure,task-1777208710866286320,failed,att-task-1777208710866286320-1,1,0,,att-task-1777208710866286320-1,1,failed,worker-large,container_failed,1777208711,1777208712,1777208715
baseline,RR,RR,memory-pressure,task-1777208711368345468,completed,att-task-1777208711368345468-1,1,0,,att-task-1777208711368345468-1,1,completed,worker-medium,,1777208716,1777208717,1777208721
baseline,RR,RR,memory-pressure,task-1777208711870295103,failed,att-task-1777208711870295103-1,1,0,,att-task-1777208711870295103-1,1,failed,worker-large,container_failed,1777208716,1777208717,1777208721
baseline,RR,RR,bursty,task-1777208723907431054,completed,att-task-1777208723907431054-1,1,0,,att-task-1777208723907431054-1,1,completed,worker-large,,1777208726,1777208727,1777208731
baseline,RR,RR,bursty,task-1777208723908169835,completed,att-task-1777208723908169835-1,1,0,,att-task-1777208723908169835-1,1,completed,worker-medium,,1777208726,1777208727,1777208731
baseline,RR,RR,bursty,task-1777208723908824544,failed,att-task-1777208723908824544-1,1,0,,att-task-1777208723908824544-1,1,failed,worker-small,container_failed,1777208726,1777208727,1777208731
baseline,RR,RR,bursty,task-1777208723909393317,completed,att-task-1777208723909393317-1,1,0,,att-task-1777208723909393317-1,1,completed,worker-large,,1777208726,1777208727,1777208732
baseline,RR,RR,bursty,task-1777208727910548219,completed,att-task-1777208727910548219-1,1,0,,att-task-1777208727910548219-1,1,completed,worker-medium,,1777208731,1777208732,1777208736
baseline,RR,RR,bursty,task-1777208727912439648,completed,att-task-1777208727912439648-1,1,0,,att-task-1777208727912439648-1,1,completed,worker-large,,1777208731,1777208732,1777208736
baseline,RR,RR,bursty,task-1777208727913641234,completed,att-task-1777208727913641234-1,1,0,,att-task-1777208727913641234-1,1,completed,worker-medium,,1777208731,1777208732,1777208736
baseline,RR,RR,bursty,task-1777208731915524709,failed,att-task-1777208731915524709-1,1,0,,att-task-1777208731915524709-1,1,failed,worker-large,container_failed,1777208736,1777208737,1777208741
baseline,RR,RR,bursty,task-1777208731917932202,completed,att-task-1777208731917932202-1,1,0,,att-task-1777208731917932202-1,1,completed,worker-medium,,1777208736,1777208737,1777208741
baseline,RR,RR,bursty,task-1777208731919655302,completed,att-task-1777208731919655302-1,1,0,,att-task-1777208731919655302-1,1,completed,worker-large,,1777208741,1777208742,1777208746
baseline,RR,RR,long-tail,task-1777208746972888800,completed,att-task-1777208746972888800-1,1,0,,att-task-1777208746972888800-1,1,completed,worker-large,,1777208751,1777208757,1777208762
baseline,RR,RR,long-tail,task-1777208747473980032,completed,att-task-1777208747473980032-1,1,0,,att-task-1777208747473980032-1,1,completed,worker-medium,,1777208751,1777208752,1777208757
baseline,RR,RR,long-tail,task-1777208747975821061,completed,att-task-1777208747975821061-1,1,0,,att-task-1777208747975821061-1,1,completed,worker-small,,1777208751,1777208752,1777208756
baseline,RR,RR,long-tail,task-1777208748478070048,completed,att-task-1777208748478070048-1,1,0,,att-task-1777208748478070048-1,1,completed,worker-large,,1777208751,1777208762,1777208764
baseline,RR,RR,long-tail,task-1777208748980457063,failed,att-task-1777208748980457063-1,1,0,,att-task-1777208748980457063-1,1,failed,worker-large,container_failed,1777208751,1777208752,1777208756
baseline,RR,RR,long-tail,task-1777208749482466236,completed,att-task-1777208749482466236-1,1,0,,att-task-1777208749482466236-1,1,completed,worker-medium,,1777208761,1777208767,1777208767
baseline,RTS,RTS,heterogeneous-smoke,task-1777208770541909053,completed,att-task-1777208770541909053-1,1,0,,att-task-1777208770541909053-1,1,completed,worker-large,,1777208771,1777208772,1777208775
baseline,RTS,RTS,heterogeneous-smoke,task-1777208770543423562,completed,att-task-1777208770543423562-1,1,0,,att-task-1777208770543423562-1,1,completed,worker-large,,1777208771,1777208772,1777208776
baseline,RTS,RTS,heterogeneous-smoke,task-1777208770544562218,completed,att-task-1777208770544562218-1,1,0,,att-task-1777208770544562218-1,1,completed,worker-large,,1777208771,1777208772,1777208775
baseline,RTS,RTS,heterogeneous-smoke,task-1777208770545616097,completed,att-task-1777208770545616097-1,1,0,,att-task-1777208770545616097-1,1,completed,worker-medium,,1777208771,1777208772,1777208775
baseline,RTS,RTS,heterogeneous-smoke,task-1777208770546824984,completed,att-task-1777208770546824984-1,1,0,,att-task-1777208770546824984-1,1,completed,worker-large,,1777208771,1777208772,1777208776
baseline,RTS,RTS,heterogeneous-smoke,task-1777208770547829260,completed,att-task-1777208770547829260-1,1,0,,att-task-1777208770547829260-1,1,completed,worker-large,,1777208776,1777208777,1777208781
baseline,RTS,RTS,heterogeneous-smoke,task-1777208770548819653,completed,att-task-1777208770548819653-1,1,0,,att-task-1777208770548819653-1,1,completed,worker-medium,,1777208771,1777208772,1777208775
baseline,RTS,RTS,heterogeneous-smoke,task-1777208770549864662,completed,att-task-1777208770549864662-1,1,0,,att-task-1777208770549864662-1,1,completed,worker-medium,,1777208776,1777208777,1777208781
baseline,RTS,RTS,heterogeneous-smoke,task-1777208770550932500,completed,att-task-1777208770550932500-1,1,0,,att-task-1777208770550932500-1,1,completed,worker-small,,1777208771,1777208772,1777208775
baseline,RTS,RTS,heterogeneous-smoke,task-1777208770552000652,completed,att-task-1777208770552000652-1,1,0,,att-task-1777208770552000652-1,1,completed,worker-medium,,1777208781,1777208782,1777208786
baseline,RTS,RTS,steady-cpu,task-1777208788617078603,completed,att-task-1777208788617078603-1,1,0,,att-task-1777208788617078603-1,1,completed,worker-small,,1777208791,1777208792,1777208796
baseline,RTS,RTS,steady-cpu,task-1777208789619098843,completed,att-task-1777208789619098843-1,1,0,,att-task-1777208789619098843-1,1,completed,worker-large,,1777208791,1777208792,1777208797
baseline,RTS,RTS,steady-cpu,task-1777208790621756017,completed,att-task-1777208790621756017-1,1,0,,att-task-1777208790621756017-1,1,completed,worker-small,,1777208791,1777208792,1777208796
baseline,RTS,RTS,steady-cpu,task-1777208791623554344,completed,att-task-1777208791623554344-1,1,0,,att-task-1777208791623554344-1,1,completed,worker-large,,1777208791,1777208792,1777208797
baseline,RTS,RTS,steady-cpu,task-1777208792626169349,completed,att-task-1777208792626169349-1,1,0,,att-task-1777208792626169349-1,1,completed,worker-medium,,1777208796,1777208802,1777208802
baseline,RTS,RTS,steady-cpu,task-1777208793628409549,completed,att-task-1777208793628409549-1,1,0,,att-task-1777208793628409549-1,1,completed,worker-medium,,1777208796,1777208802,1777208803
baseline,RTS,RTS,steady-cpu,task-1777208794630620016,completed,att-task-1777208794630620016-1,1,0,,att-task-1777208794630620016-1,1,completed,worker-large,,1777208801,1777208802,1777208805
baseline,RTS,RTS,steady-cpu,task-1777208795633007506,completed,att-task-1777208795633007506-1,1,0,,att-task-1777208795633007506-1,1,completed,worker-large,,1777208801,1777208802,1777208805
baseline,RTS,RTS,steady-mixed,task-1777208807680293112,completed,att-task-1777208807680293112-1,1,0,,att-task-1777208807680293112-1,1,completed,worker-medium,,1777208811,1777208812,1777208816
baseline,RTS,RTS,steady-mixed,task-1777208808432315704,completed,att-task-1777208808432315704-1,1,0,,att-task-1777208808432315704-1,1,completed,worker-medium,,1777208811,1777208812,1777208816
baseline,RTS,RTS,steady-mixed,task-1777208809184562153,failed,att-task-1777208809184562153-1,1,0,,att-task-1777208809184562153-1,1,failed,worker-small,container_failed,1777208811,1777208812,1777208815
baseline,RTS,RTS,steady-mixed,task-1777208809937035440,completed,att-task-1777208809937035440-1,1,0,,att-task-1777208809937035440-1,1,completed,worker-large,,1777208811,1777208812,1777208816
baseline,RTS,RTS,steady-mixed,task-1777208810689882624,completed,att-task-1777208810689882624-1,1,0,,att-task-1777208810689882624-1,1,completed,worker-large,,1777208811,1777208812,1777208816
baseline,RTS,RTS,steady-mixed,task-1777208811442314868,failed,att-task-1777208811442314868-1,1,0,,att-task-1777208811442314868-1,1,failed,worker-large,container_failed,1777208811,1777208812,1777208815
baseline,RTS,RTS,steady-mixed,task-1777208812194603270,completed,att-task-1777208812194603270-1,1,0,,att-task-1777208812194603270-1,1,completed,worker-large,,1777208816,1777208817,1777208821
baseline,RTS,RTS,steady-mixed,task-1777208812946912086,completed,att-task-1777208812946912086-1,1,0,,att-task-1777208812946912086-1,1,completed,worker-small,,1777208816,1777208817,1777208821
baseline,RTS,RTS,memory-pressure,task-1777208821992732760,failed,att-task-1777208821992732760-1,1,0,,att-task-1777208821992732760-1,1,failed,worker-large,container_failed,1777208826,1777208827,1777208831
baseline,RTS,RTS,memory-pressure,task-1777208822494336167,failed,att-task-1777208822494336167-1,1,0,,att-task-1777208822494336167-1,1,failed,worker-large,container_failed,1777208826,1777208827,1777208831
baseline,RTS,RTS,memory-pressure,task-1777208822996779566,completed,att-task-1777208822996779566-1,1,0,,att-task-1777208822996779566-1,1,completed,worker-small,,1777208826,1777208827,1777208831
baseline,RTS,RTS,memory-pressure,task-1777208823499226842,failed,att-task-1777208823499226842-1,1,0,,att-task-1777208823499226842-1,1,failed,worker-medium,container_failed,1777208826,1777208827,1777208831
baseline,RTS,RTS,memory-pressure,task-1777208824001534575,completed,att-task-1777208824001534575-1,1,0,,att-task-1777208824001534575-1,1,completed,worker-medium,,1777208831,1777208832,1777208837
baseline,RTS,RTS,memory-pressure,task-1777208824503976672,failed,att-task-1777208824503976672-1,1,0,,att-task-1777208824503976672-1,1,failed,worker-large,container_failed,1777208831,1777208832,1777208836
baseline,RTS,RTS,bursty,task-1777208839559171935,completed,att-task-1777208839559171935-1,1,0,,att-task-1777208839559171935-1,1,completed,worker-small,,1777208841,1777208842,1777208846
baseline,RTS,RTS,bursty,task-1777208839560519429,completed,att-task-1777208839560519429-1,1,0,,att-task-1777208839560519429-1,1,completed,worker-large,,1777208841,1777208842,1777208846
baseline,RTS,RTS,bursty,task-1777208839561548914,failed,att-task-1777208839561548914-1,1,0,,att-task-1777208839561548914-1,1,failed,worker-large,container_failed,1777208841,1777208842,1777208846
baseline,RTS,RTS,bursty,task-1777208839562550179,completed,att-task-1777208839562550179-1,1,0,,att-task-1777208839562550179-1,1,completed,worker-medium,,1777208841,1777208842,1777208847
baseline,RTS,RTS,bursty,task-1777208843563923264,completed,att-task-1777208843563923264-1,1,0,,att-task-1777208843563923264-1,1,completed,worker-large,,1777208846,1777208847,1777208851
baseline,RTS,RTS,bursty,task-1777208843565497161,completed,att-task-1777208843565497161-1,1,0,,att-task-1777208843565497161-1,1,completed,worker-large,,1777208846,1777208847,1777208852
baseline,RTS,RTS,bursty,task-1777208843566629124,completed,att-task-1777208843566629124-1,1,0,,att-task-1777208843566629124-1,1,completed,worker-medium,,1777208846,1777208847,1777208851
baseline,RTS,RTS,bursty,task-1777208847568058162,failed,att-task-1777208847568058162-1,1,0,,att-task-1777208847568058162-1,1,failed,worker-large,container_failed,1777208851,1777208857,1777208859
baseline,RTS,RTS,bursty,task-1777208847569704323,completed,att-task-1777208847569704323-1,1,0,,att-task-1777208847569704323-1,1,completed,worker-small,,1777208851,1777208857,1777208859
baseline,RTS,RTS,bursty,task-1777208847571075295,completed,att-task-1777208847571075295-1,1,0,,att-task-1777208847571075295-1,1,completed,worker-medium,,1777208851,1777208857,1777208859
baseline,RTS,RTS,long-tail,task-1777208862615476334,completed,att-task-1777208862615476334-1,1,0,,att-task-1777208862615476334-1,1,completed,worker-large,,1777208866,1777208872,1777208877
baseline,RTS,RTS,long-tail,task-1777208863116892489,completed,att-task-1777208863116892489-1,1,0,,att-task-1777208863116892489-1,1,completed,worker-medium,,1777208866,1777208867,1777208872
baseline,RTS,RTS,long-tail,task-1777208863619375549,completed,att-task-1777208863619375549-1,1,0,,att-task-1777208863619375549-1,1,completed,worker-small,,1777208866,1777208867,1777208871
baseline,RTS,RTS,long-tail,task-1777208864121217547,completed,att-task-1777208864121217547-1,1,0,,att-task-1777208864121217547-1,1,completed,worker-large,,1777208866,1777208877,1777208879
baseline,RTS,RTS,long-tail,task-1777208864623217888,failed,att-task-1777208864623217888-1,1,0,,att-task-1777208864623217888-1,1,failed,worker-large,container_failed,1777208866,1777208867,1777208871
baseline,RTS,RTS,long-tail,task-1777208865125095200,completed,att-task-1777208865125095200-1,1,0,,att-task-1777208865125095200-1,1,completed,worker-medium,,1777208876,1777208882,1777208884
baseline,PPO-pretrained,PPO,heterogeneous-smoke,task-1777208886189913764,completed,att-task-1777208886189913764-1,1,0,,att-task-1777208886189913764-1,1,completed,worker-large,,1777208887,1777208887,1777208890
baseline,PPO-pretrained,PPO,heterogeneous-smoke,task-1777208886191236325,completed,att-task-1777208886191236325-1,1,0,,att-task-1777208886191236325-1,1,completed,worker-large,,1777208887,1777208887,1777208891
baseline,PPO-pretrained,PPO,heterogeneous-smoke,task-1777208886192398820,completed,att-task-1777208886192398820-1,1,0,,att-task-1777208886192398820-1,1,completed,worker-large,,1777208887,1777208887,1777208891
baseline,PPO-pretrained,PPO,heterogeneous-smoke,task-1777208886193507145,completed,att-task-1777208886193507145-1,1,0,,att-task-1777208886193507145-1,1,completed,worker-medium,,1777208887,1777208887,1777208890
baseline,PPO-pretrained,PPO,heterogeneous-smoke,task-1777208886194725617,completed,att-task-1777208886194725617-1,1,0,,att-task-1777208886194725617-1,1,completed,worker-large,,1777208887,1777208887,1777208891
baseline,PPO-pretrained,PPO,heterogeneous-smoke,task-1777208886195838654,completed,att-task-1777208886195838654-1,1,0,,att-task-1777208886195838654-1,1,completed,worker-large,,1777208891,1777208892,1777208897
baseline,PPO-pretrained,PPO,heterogeneous-smoke,task-1777208886196780637,completed,att-task-1777208886196780637-1,1,0,,att-task-1777208886196780637-1,1,completed,worker-medium,,1777208887,1777208887,1777208891
baseline,PPO-pretrained,PPO,heterogeneous-smoke,task-1777208886197543939,completed,att-task-1777208886197543939-1,1,0,,att-task-1777208886197543939-1,1,completed,worker-medium,,1777208891,1777208892,1777208896
baseline,PPO-pretrained,PPO,heterogeneous-smoke,task-1777208886198567550,completed,att-task-1777208886198567550-1,1,0,,att-task-1777208886198567550-1,1,completed,worker-small,,1777208887,1777208887,1777208890
baseline,PPO-pretrained,PPO,heterogeneous-smoke,task-1777208886199526725,completed,att-task-1777208886199526725-1,1,0,,att-task-1777208886199526725-1,1,completed,worker-large,,1777208901,1777208907,1777208909
baseline,PPO-pretrained,PPO,steady-cpu,task-1777208910268104885,completed,att-task-1777208910268104885-1,1,0,,att-task-1777208910268104885-1,1,completed,worker-large,,1777208911,1777208912,1777208915
baseline,PPO-pretrained,PPO,steady-cpu,task-1777208911269694308,completed,att-task-1777208911269694308-1,1,0,,att-task-1777208911269694308-1,1,completed,worker-large,,1777208911,1777208912,1777208916
baseline,PPO-pretrained,PPO,steady-cpu,task-1777208912272044486,completed,att-task-1777208912272044486-1,1,0,,att-task-1777208912272044486-1,1,completed,worker-large,,1777208916,1777208917,1777208920
baseline,PPO-pretrained,PPO,steady-cpu,task-1777208913274345136,completed,att-task-1777208913274345136-1,1,0,,att-task-1777208913274345136-1,1,completed,worker-large,,1777208916,1777208917,1777208922
baseline,PPO-pretrained,PPO,steady-cpu,task-1777208914277274207,completed,att-task-1777208914277274207-1,1,0,,att-task-1777208914277274207-1,1,completed,worker-large,,1777208916,1777208917,1777208921
baseline,PPO-pretrained,PPO,steady-cpu,task-1777208915280787921,completed,att-task-1777208915280787921-1,1,0,,att-task-1777208915280787921-1,1,completed,worker-medium,,1777208916,1777208917,1777208921
baseline,PPO-pretrained,PPO,steady-cpu,task-1777208916282942263,completed,att-task-1777208916282942263-1,1,0,,att-task-1777208916282942263-1,1,completed,worker-large,,1777208916,1777208917,1777208921
baseline,PPO-pretrained,PPO,steady-cpu,task-1777208917285054627,completed,att-task-1777208917285054627-1,1,0,,att-task-1777208917285054627-1,1,completed,worker-large,,1777208921,1777208922,1777208925
baseline,PPO-pretrained,PPO,steady-mixed,task-1777208926321491531,completed,att-task-1777208926321491531-1,1,0,,att-task-1777208926321491531-1,1,completed,worker-large,,1777208926,1777208927,1777208932
baseline,PPO-pretrained,PPO,steady-mixed,task-1777208927073612138,completed,att-task-1777208927073612138-1,1,0,,att-task-1777208927073612138-1,1,completed,worker-large,,1777208931,1777208932,1777208937
baseline,PPO-pretrained,PPO,steady-mixed,task-1777208927825862889,failed,att-task-1777208927825862889-1,1,0,,att-task-1777208927825862889-1,1,failed,worker-large,container_failed,1777208931,1777208932,1777208937
baseline,PPO-pretrained,PPO,steady-mixed,task-1777208928577998857,completed,att-task-1777208928577998857-1,1,0,,att-task-1777208928577998857-1,1,completed,worker-medium,,1777208931,1777208937,1777208938
baseline,PPO-pretrained,PPO,steady-mixed,task-1777208929330434981,completed,att-task-1777208929330434981-1,1,0,,att-task-1777208929330434981-1,1,completed,worker-small,,1777208931,1777208937,1777208937
baseline,PPO-pretrained,PPO,steady-mixed,task-1777208930082991936,failed,att-task-1777208930082991936-1,1,0,,att-task-1777208930082991936-1,1,failed,worker-large,container_failed,1777208931,1777208932,1777208937
baseline,PPO-pretrained,PPO,steady-mixed,task-1777208930835448325,completed,att-task-1777208930835448325-1,1,0,,att-task-1777208930835448325-1,1,completed,worker-medium,,1777208931,1777208937,1777208937
baseline,PPO-pretrained,PPO,steady-mixed,task-1777208931587921956,completed,att-task-1777208931587921956-1,1,0,,att-task-1777208931587921956-1,1,completed,worker-large,,1777208936,1777208942,1777208942
baseline,PPO-pretrained,PPO,memory-pressure,task-1777208943645227584,failed,att-task-1777208943645227584-1,1,0,,att-task-1777208943645227584-1,1,failed,worker-large,container_failed,1777208946,1777208947,1777208951
baseline,PPO-pretrained,PPO,memory-pressure,task-1777208944146915049,failed,att-task-1777208944146915049-1,1,0,,att-task-1777208944146915049-1,1,failed,worker-large,container_failed,1777208946,1777208947,1777208951
baseline,PPO-pretrained,PPO,memory-pressure,task-1777208944648850282,completed,att-task-1777208944648850282-1,1,0,,att-task-1777208944648850282-1,1,completed,worker-medium,,1777208946,1777208947,1777208951
baseline,PPO-pretrained,PPO,memory-pressure,task-1777208945150959139,failed,att-task-1777208945150959139-1,1,0,,att-task-1777208945150959139-1,1,failed,worker-large,container_failed,1777208951,1777208952,1777208956
baseline,PPO-pretrained,PPO,memory-pressure,task-1777208945652890622,completed,att-task-1777208945652890622-1,1,0,,att-task-1777208945652890622-1,1,completed,worker-medium,,1777208946,1777208947,1777208951
baseline,PPO-pretrained,PPO,memory-pressure,task-1777208946154769861,failed,att-task-1777208946154769861-1,1,0,,att-task-1777208946154769861-1,1,failed,worker-large,container_failed,1777208951,1777208952,1777208956
baseline,PPO-pretrained,PPO,bursty,task-1777208958195701864,completed,att-task-1777208958195701864-1,1,0,,att-task-1777208958195701864-1,1,completed,worker-large,,1777208961,1777208962,1777208965
baseline,PPO-pretrained,PPO,bursty,task-1777208958196790262,completed,att-task-1777208958196790262-1,1,0,,att-task-1777208958196790262-1,1,completed,worker-large,,1777208961,1777208962,1777208965
baseline,PPO-pretrained,PPO,bursty,task-1777208958197900880,failed,att-task-1777208958197900880-1,1,0,,att-task-1777208958197900880-1,1,failed,worker-large,container_failed,1777208961,1777208962,1777208965
baseline,PPO-pretrained,PPO,bursty,task-1777208958198960028,completed,att-task-1777208958198960028-1,1,0,,att-task-1777208958198960028-1,1,completed,worker-medium,,1777208961,1777208962,1777208966
baseline,PPO-pretrained,PPO,bursty,task-1777208962200644237,completed,att-task-1777208962200644237-1,1,0,,att-task-1777208962200644237-1,1,completed,worker-large,,1777208966,1777208967,1777208970
baseline,PPO-pretrained,PPO,bursty,task-1777208962202478360,completed,att-task-1777208962202478360-1,1,0,,att-task-1777208962202478360-1,1,completed,worker-large,,1777208966,1777208967,1777208970
baseline,PPO-pretrained,PPO,bursty,task-1777208962203536610,completed,att-task-1777208962203536610-1,1,0,,att-task-1777208962203536610-1,1,completed,worker-large,,1777208966,1777208967,1777208970
baseline,PPO-pretrained,PPO,bursty,task-1777208966204952426,failed,att-task-1777208966204952426-1,1,0,,att-task-1777208966204952426-1,1,failed,worker-medium,container_failed,1777208966,1777208967,1777208970
baseline,PPO-pretrained,PPO,bursty,task-1777208966206975194,completed,att-task-1777208966206975194-1,1,0,,att-task-1777208966206975194-1,1,completed,worker-medium,,1777208966,1777208967,1777208970
baseline,PPO-pretrained,PPO,bursty,task-1777208966208391018,completed,att-task-1777208966208391018-1,1,0,,att-task-1777208966208391018-1,1,completed,worker-large,,1777208971,1777208977,1777208978
baseline,PPO-pretrained,PPO,long-tail,task-1777208978257446559,completed,att-task-1777208978257446559-1,1,0,,att-task-1777208978257446559-1,1,completed,worker-large,,1777208981,1777208987,1777208991
baseline,PPO-pretrained,PPO,long-tail,task-1777208978759053656,completed,att-task-1777208978759053656-1,1,0,,att-task-1777208978759053656-1,1,completed,worker-large,,1777208981,1777208982,1777208986
baseline,PPO-pretrained,PPO,long-tail,task-1777208979261789795,completed,att-task-1777208979261789795-1,1,0,,att-task-1777208979261789795-1,1,completed,worker-medium,,1777208981,1777208982,1777208986
baseline,PPO-pretrained,PPO,long-tail,task-1777208979764046966,completed,att-task-1777208979764046966-1,1,0,,att-task-1777208979764046966-1,1,completed,worker-medium,,1777208981,1777208992,1777208994
baseline,PPO-pretrained,PPO,long-tail,task-1777208980266276500,failed,att-task-1777208980266276500-1,1,0,,att-task-1777208980266276500-1,1,failed,worker-medium,container_failed,1777208986,1777208987,1777208990
baseline,PPO-pretrained,PPO,long-tail,task-1777208980768527201,completed,att-task-1777208980768527201-1,1,0,,att-task-1777208980768527201-1,1,completed,worker-large,,1777208991,1777208992,1777208996
baseline,PPO-adapted,PPO,heterogeneous-smoke,task-1777208998823626980,completed,att-task-1777208998823626980-1,1,0,,att-task-1777208998823626980-1,1,completed,worker-large,,1777209001,1777209007,1777209009
baseline,PPO-adapted,PPO,heterogeneous-smoke,task-1777208998825001655,completed,att-task-1777208998825001655-1,1,0,,att-task-1777208998825001655-1,1,completed,worker-large,,1777209001,1777209007,1777209010
baseline,PPO-adapted,PPO,heterogeneous-smoke,task-1777208998826111961,completed,att-task-1777208998826111961-1,1,0,,att-task-1777208998826111961-1,1,completed,worker-large,,1777209001,1777209007,1777209009
baseline,PPO-adapted,PPO,heterogeneous-smoke,task-1777208998827087544,completed,att-task-1777208998827087544-1,1,0,,att-task-1777208998827087544-1,1,completed,worker-medium,,1777209001,1777209007,1777209009
baseline,PPO-adapted,PPO,heterogeneous-smoke,task-1777208998828068320,completed,att-task-1777208998828068320-1,1,0,,att-task-1777208998828068320-1,1,completed,worker-large,,1777209001,1777209007,1777209009
baseline,PPO-adapted,PPO,heterogeneous-smoke,task-1777208998829023593,completed,att-task-1777208998829023593-1,1,0,,att-task-1777208998829023593-1,1,completed,worker-large,,1777209011,1777209017,1777209017
baseline,PPO-adapted,PPO,heterogeneous-smoke,task-1777208998829950725,completed,att-task-1777208998829950725-1,1,0,,att-task-1777208998829950725-1,1,completed,worker-medium,,1777209001,1777209007,1777209009
baseline,PPO-adapted,PPO,heterogeneous-smoke,task-1777208998830949814,completed,att-task-1777208998830949814-1,1,0,,att-task-1777208998830949814-1,1,completed,worker-medium,,1777209011,1777209012,1777209017
baseline,PPO-adapted,PPO,heterogeneous-smoke,task-1777208998831932983,completed,att-task-1777208998831932983-1,1,0,,att-task-1777208998831932983-1,1,completed,worker-small,,1777209001,1777209007,1777209009
baseline,PPO-adapted,PPO,heterogeneous-smoke,task-1777208998832917685,completed,att-task-1777208998832917685-1,1,0,,att-task-1777208998832917685-1,1,completed,worker-large,,1777209021,1777209032,1777209035
baseline,PPO-adapted,PPO,steady-cpu,task-1777209037952347204,completed,att-task-1777209037952347204-2,2,1,worker_timeout,att-task-1777209037952347204-1,1,lost,worker-large,worker_timeout,1777209041,0,1777209071
baseline,PPO-adapted,PPO,steady-cpu,task-1777209037952347204,completed,att-task-1777209037952347204-2,2,1,worker_timeout,att-task-1777209037952347204-2,2,completed,worker-medium,,1777219021,1777219027,1777219027
baseline,PPO-adapted,PPO,steady-cpu,task-1777209038953996289,completed,att-task-1777209038953996289-2,2,1,worker_timeout,att-task-1777209038953996289-1,1,lost,worker-large,worker_timeout,1777209041,0,1777209071
baseline,PPO-adapted,PPO,steady-cpu,task-1777209038953996289,completed,att-task-1777209038953996289-2,2,1,worker_timeout,att-task-1777209038953996289-2,2,completed,worker-large,,1777219031,1777219032,1777219036
baseline,PPO-adapted,PPO,steady-cpu,task-1777209039956322353,completed,att-task-1777209039956322353-2,2,1,worker_timeout,att-task-1777209039956322353-1,1,lost,worker-large,worker_timeout,1777209041,0,1777209071
baseline,PPO-adapted,PPO,steady-cpu,task-1777209039956322353,completed,att-task-1777209039956322353-2,2,1,worker_timeout,att-task-1777209039956322353-2,2,completed,worker-small,,1777219021,1777219025,1777219027
baseline,PPO-adapted,PPO,steady-cpu,task-1777209040958852330,completed,att-task-1777209040958852330-2,2,1,worker_timeout,att-task-1777209040958852330-1,1,lost,worker-medium,worker_timeout,1777209041,0,1777209071
baseline,PPO-adapted,PPO,steady-cpu,task-1777209040958852330,completed,att-task-1777209040958852330-2,2,1,worker_timeout,att-task-1777209040958852330-2,2,completed,worker-medium,,1777219021,1777219027,1777219027
baseline,PPO-adapted,PPO,steady-cpu,task-1777209041961351064,completed,att-task-1777209041961351064-2,2,1,worker_timeout,att-task-1777209041961351064-1,1,lost,worker-large,worker_timeout,1777209046,0,1777209071
baseline,PPO-adapted,PPO,steady-cpu,task-1777209041961351064,completed,att-task-1777209041961351064-2,2,1,worker_timeout,att-task-1777209041961351064-2,2,completed,worker-large,,1777219031,1777219032,1777219036
baseline,PPO-adapted,PPO,steady-cpu,task-1777209042963810960,completed,att-task-1777209042963810960-1,1,0,,att-task-1777209042963810960-1,1,completed,worker-large,,1777219021,1777219027,1777219028
baseline,PPO-adapted,PPO,steady-cpu,task-1777209043965923071,completed,att-task-1777209043965923071-2,2,1,worker_timeout,att-task-1777209043965923071-1,1,lost,worker-medium,worker_timeout,1777209046,0,1777209071
baseline,PPO-adapted,PPO,steady-cpu,task-1777209043965923071,completed,att-task-1777209043965923071-2,2,1,worker_timeout,att-task-1777209043965923071-2,2,completed,worker-small,,1777219021,1777219025,1777219027
baseline,PPO-adapted,PPO,steady-cpu,task-1777209044967959328,completed,att-task-1777209044967959328-1,1,0,,att-task-1777209044967959328-1,1,completed,worker-large,,1777219021,1777219027,1777219029
baseline,PPO-adapted,PPO,steady-mixed,task-1777209647570884388,completed,att-task-1777209647570884388-1,1,0,,att-task-1777209647570884388-1,1,completed,worker-medium,,1777219031,1777219032,1777219036
baseline,PPO-adapted,PPO,steady-mixed,task-1777209648323307186,completed,att-task-1777209648323307186-1,1,0,,att-task-1777209648323307186-1,1,completed,worker-large,,1777219031,1777219032,1777219036
baseline,PPO-adapted,PPO,steady-mixed,task-1777209649075152688,failed,att-task-1777209649075152688-1,1,0,,att-task-1777209649075152688-1,1,failed,worker-large,container_failed,1777219031,1777219032,1777219035
baseline,PPO-adapted,PPO,steady-mixed,task-1777209649827367500,completed,att-task-1777209649827367500-1,1,0,,att-task-1777209649827367500-1,1,completed,worker-large,,1777219036,1777219037,1777219042
baseline,PPO-adapted,PPO,steady-mixed,task-1777209650578942237,completed,att-task-1777209650578942237-1,1,0,,att-task-1777209650578942237-1,1,completed,worker-medium,,1777219031,1777219032,1777219036
baseline,PPO-adapted,PPO,steady-mixed,task-1777209651330862853,failed,att-task-1777209651330862853-1,1,0,,att-task-1777209651330862853-1,1,failed,worker-small,container_failed,1777219031,1777219032,1777219035
baseline,PPO-adapted,PPO,steady-mixed,task-1777209652083114227,completed,att-task-1777209652083114227-1,1,0,,att-task-1777209652083114227-1,1,completed,worker-large,,1777219036,1777219037,1777219042
baseline,PPO-adapted,PPO,steady-mixed,task-1777209652835739572,completed,att-task-1777209652835739572-1,1,0,,att-task-1777209652835739572-1,1,completed,worker-large,,1777219036,1777219037,1777219041
baseline,PPO-adapted,PPO,memory-pressure,task-1777210255562231127,failed,att-task-1777210255562231127-1,1,0,,att-task-1777210255562231127-1,1,failed,worker-large,container_failed,1777219041,1777219042,1777219045
baseline,PPO-adapted,PPO,memory-pressure,task-1777210256064528763,failed,att-task-1777210256064528763-1,1,0,,att-task-1777210256064528763-1,1,failed,worker-large,container_failed,1777219046,1777219047,1777219050
baseline,PPO-adapted,PPO,memory-pressure,task-1777210256566900287,completed,att-task-1777210256566900287-1,1,0,,att-task-1777210256566900287-1,1,completed,worker-medium,,1777219036,1777219037,1777219041
baseline,PPO-adapted,PPO,memory-pressure,task-1777210257069277035,failed,att-task-1777210257069277035-1,1,0,,att-task-1777210257069277035-1,1,failed,worker-large,container_failed,1777219046,1777219047,1777219050
baseline,PPO-adapted,PPO,memory-pressure,task-1777210257571590881,completed,att-task-1777210257571590881-1,1,0,,att-task-1777210257571590881-1,1,completed,worker-small,,1777219036,1777219037,1777219042
baseline,PPO-adapted,PPO,memory-pressure,task-1777210258074072038,failed,att-task-1777210258074072038-1,1,0,,att-task-1777210258074072038-1,1,failed,worker-medium,container_failed,1777219046,1777219047,1777219050
baseline,PPO-adapted,PPO,bursty,task-1777210860225644528,completed,att-task-1777210860225644528-1,1,0,,att-task-1777210860225644528-1,1,completed,worker-medium,,1777219041,1777219042,1777219045
baseline,PPO-adapted,PPO,bursty,task-1777210860227432089,completed,att-task-1777210860227432089-1,1,0,,att-task-1777210860227432089-1,1,completed,worker-medium,,1777219041,1777219042,1777219045
baseline,PPO-adapted,PPO,bursty,task-1777210860228735402,failed,att-task-1777210860228735402-1,1,0,,att-task-1777210860228735402-1,1,failed,worker-small,container_failed,1777219046,1777219047,1777219050
baseline,PPO-adapted,PPO,bursty,task-1777210860229478004,completed,att-task-1777210860229478004-1,1,0,,att-task-1777210860229478004-1,1,completed,worker-large,,1777219051,1777219052,1777219056
baseline,PPO-adapted,PPO,bursty,task-1777210864231125582,completed,att-task-1777210864231125582-1,1,0,,att-task-1777210864231125582-1,1,completed,worker-medium,,1777219051,1777219052,1777219056
baseline,PPO-adapted,PPO,bursty,task-1777210864232748302,completed,att-task-1777210864232748302-1,1,0,,att-task-1777210864232748302-1,1,completed,worker-medium,,1777219046,1777219047,1777219051
baseline,PPO-adapted,PPO,bursty,task-1777210864233471193,completed,att-task-1777210864233471193-1,1,0,,att-task-1777210864233471193-1,1,completed,worker-large,,1777219041,1777219042,1777219045
baseline,PPO-adapted,PPO,bursty,task-1777210868234635363,failed,att-task-1777210868234635363-1,1,0,,att-task-1777210868234635363-1,1,failed,worker-large,container_failed,1777219051,1777219052,1777219055
baseline,PPO-adapted,PPO,bursty,task-1777210868237081346,completed,att-task-1777210868237081346-1,1,0,,att-task-1777210868237081346-1,1,completed,worker-medium,,1777219051,1777219052,1777219056
baseline,PPO-adapted,PPO,bursty,task-1777210868238434644,completed,att-task-1777210868238434644-1,1,0,,att-task-1777210868238434644-1,1,completed,worker-large,,1777219056,1777219057,1777219061
baseline,PPO-adapted,PPO,long-tail,task-1777211468426556030,completed,att-task-1777211468426556030-1,1,0,,att-task-1777211468426556030-1,1,completed,worker-large,,1777219051,1777219057,1777219062
baseline,PPO-adapted,PPO,long-tail,task-1777211468928745901,completed,att-task-1777211468928745901-1,1,0,,att-task-1777211468928745901-1,1,completed,worker-medium,,1777219056,1777219057,1777219061
baseline,PPO-adapted,PPO,long-tail,task-1777211469430878174,completed,att-task-1777211469430878174-1,1,0,,att-task-1777211469430878174-1,1,completed,worker-small,,1777219051,1777219052,1777219056
baseline,PPO-adapted,PPO,long-tail,task-1777211469932711415,completed,att-task-1777211469932711415-1,1,0,,att-task-1777211469932711415-1,1,completed,worker-large,,1777219056,1777219067,1777219068
baseline,PPO-adapted,PPO,long-tail,task-1777211470435026389,failed,att-task-1777211470435026389-1,1,0,,att-task-1777211470435026389-1,1,failed,worker-large,container_failed,1777219061,1777219062,1777219065
baseline,PPO-adapted,PPO,long-tail,task-1777211470936804091,completed,att-task-1777211470936804091-1,1,0,,att-task-1777211470936804091-1,1,completed,worker-medium,,1777219061,1777219062,1777219066
burst,RR,RR,heterogeneous-smoke,task-1777212073079457004,completed,att-task-1777212073079457004-1,1,0,,att-task-1777212073079457004-1,1,completed,worker-large,,1777219046,1777219047,1777219051
burst,RR,RR,heterogeneous-smoke,task-1777212073081380218,completed,att-task-1777212073081380218-1,1,0,,att-task-1777212073081380218-1,1,completed,worker-small,,1777219056,1777219057,1777219061
burst,RR,RR,heterogeneous-smoke,task-1777212073082953023,completed,att-task-1777212073082953023-1,1,0,,att-task-1777212073082953023-1,1,completed,worker-small,,1777219061,1777219062,1777219065
burst,RR,RR,heterogeneous-smoke,task-1777212073084223095,completed,att-task-1777212073084223095-1,1,0,,att-task-1777212073084223095-1,1,completed,worker-large,,1777219066,1777219067,1777219070
burst,RR,RR,heterogeneous-smoke,task-1777212073085426331,completed,att-task-1777212073085426331-1,1,0,,att-task-1777212073085426331-1,1,completed,worker-large,,1777219061,1777219062,1777219065
burst,RR,RR,heterogeneous-smoke,task-1777212073086480446,completed,att-task-1777212073086480446-1,1,0,,att-task-1777212073086480446-1,1,completed,worker-medium,,1777219066,1777219067,1777219071
burst,RR,RR,heterogeneous-smoke,task-1777212073087496928,completed,att-task-1777212073087496928-1,1,0,,att-task-1777212073087496928-1,1,completed,worker-large,,1777219066,1777219067,1777219070
burst,RR,RR,heterogeneous-smoke,task-1777212073088605831,completed,att-task-1777212073088605831-1,1,0,,att-task-1777212073088605831-1,1,completed,worker-large,,1777219071,1777219072,1777219076
burst,RR,RR,heterogeneous-smoke,task-1777212073089794855,completed,att-task-1777212073089794855-1,1,0,,att-task-1777212073089794855-1,1,completed,worker-small,,1777219066,1777219067,1777219071
burst,RR,RR,heterogeneous-smoke,task-1777212073090633784,completed,att-task-1777212073090633784-1,1,0,,att-task-1777212073090633784-1,1,completed,worker-medium,,1777219071,1777219072,1777219076
burst,RR,RR,steady-cpu,task-1777212673107372833,completed,att-task-1777212673107372833-1,1,0,,att-task-1777212673107372833-1,1,completed,worker-medium,,1777219066,1777219067,1777219070
burst,RR,RR,steady-cpu,task-1777212673108613102,completed,att-task-1777212673108613102-1,1,0,,att-task-1777212673108613102-1,1,completed,worker-large,,1777219071,1777219072,1777219076
burst,RR,RR,steady-cpu,task-1777212673109471006,completed,att-task-1777212673109471006-1,1,0,,att-task-1777212673109471006-1,1,completed,worker-small,,1777219066,1777219067,1777219070
burst,RR,RR,steady-cpu,task-1777212673110409809,completed,att-task-1777212673110409809-1,1,0,,att-task-1777212673110409809-1,1,completed,worker-large,,1777219076,1777219082,1777219085
burst,RR,RR,steady-cpu,task-1777212673111235330,completed,att-task-1777212673111235330-1,1,0,,att-task-1777212673111235330-1,1,completed,worker-small,,1777219071,1777219072,1777219075
burst,RR,RR,steady-cpu,task-1777212673111925547,completed,att-task-1777212673111925547-1,1,0,,att-task-1777212673111925547-1,1,completed,worker-medium,,1777219076,1777219077,1777219081
burst,RR,RR,steady-cpu,task-1777212673112597476,completed,att-task-1777212673112597476-1,1,0,,att-task-1777212673112597476-1,1,completed,worker-small,,1777219071,1777219072,1777219076
burst,RR,RR,steady-cpu,task-1777212673113292594,completed,att-task-1777212673113292594-1,1,0,,att-task-1777212673113292594-1,1,completed,worker-large,,1777219076,1777219077,1777219081
burst,RR,RR,steady-mixed,task-1777213275643866718,completed,att-task-1777213275643866718-1,1,0,,att-task-1777213275643866718-1,1,completed,worker-small,,1777219076,1777219077,1777219080
burst,RR,RR,steady-mixed,task-1777213275645495420,completed,att-task-1777213275645495420-1,1,0,,att-task-1777213275645495420-1,1,completed,worker-medium,,1777219076,1777219077,1777219080
burst,RR,RR,steady-mixed,task-1777213275646784177,failed,att-task-1777213275646784177-1,1,0,,att-task-1777213275646784177-1,1,failed,worker-large,container_failed,1777219081,1777219082,1777219085
burst,RR,RR,steady-mixed,task-1777213275647892076,completed,att-task-1777213275647892076-1,1,0,,att-task-1777213275647892076-1,1,completed,worker-medium,,1777219081,1777219082,1777219086
burst,RR,RR,steady-mixed,task-1777213275649006967,completed,att-task-1777213275649006967-1,1,0,,att-task-1777213275649006967-1,1,completed,worker-small,,1777219081,1777219082,1777219085
burst,RR,RR,steady-mixed,task-1777213275650104735,failed,att-task-1777213275650104735-1,1,0,,att-task-1777213275650104735-1,1,failed,worker-large,container_failed,1777219081,1777219082,1777219085
burst,RR,RR,steady-mixed,task-1777213275651124829,completed,att-task-1777213275651124829-1,1,0,,att-task-1777213275651124829-1,1,completed,worker-medium,,1777219081,1777219082,1777219085
burst,RR,RR,steady-mixed,task-1777213275652357449,completed,att-task-1777213275652357449-1,1,0,,att-task-1777213275652357449-1,1,completed,worker-large,,1777219086,1777219087,1777219091
burst,RR,RR,memory-pressure,task-1777213878117161981,failed,att-task-1777213878117161981-1,1,0,,att-task-1777213878117161981-1,1,failed,worker-large,container_failed,1777219086,1777219087,1777219090
burst,RR,RR,memory-pressure,task-1777213878118667174,failed,att-task-1777213878118667174-1,1,0,,att-task-1777213878118667174-1,1,failed,worker-medium,container_failed,1777219086,1777219087,1777219090
burst,RR,RR,memory-pressure,task-1777213878119827051,completed,att-task-1777213878119827051-1,1,0,,att-task-1777213878119827051-1,1,completed,worker-large,,1777219086,1777219087,1777219091
burst,RR,RR,memory-pressure,task-1777213878120785002,failed,att-task-1777213878120785002-1,1,0,,att-task-1777213878120785002-1,1,failed,worker-large,container_failed,1777219091,1777219092,1777219095
burst,RR,RR,memory-pressure,task-1777213878121486447,completed,att-task-1777213878121486447-1,1,0,,att-task-1777213878121486447-1,1,completed,worker-small,,1777219086,1777219087,1777219091
burst,RR,RR,memory-pressure,task-1777213878122385992,failed,att-task-1777213878122385992-1,1,0,,att-task-1777213878122385992-1,1,failed,worker-medium,container_failed,1777219091,1777219092,1777219095
burst,RR,RR,bursty,task-1777214480195945563,completed,att-task-1777214480195945563-1,1,0,,att-task-1777214480195945563-1,1,completed,worker-medium,,1777219086,1777219087,1777219091
burst,RR,RR,bursty,task-1777214480197927367,completed,att-task-1777214480197927367-1,1,0,,att-task-1777214480197927367-1,1,completed,worker-large,,1777219091,1777219092,1777219095
burst,RR,RR,bursty,task-1777214480199630841,failed,att-task-1777214480199630841-1,1,0,,att-task-1777214480199630841-1,1,failed,worker-large,container_failed,1777219091,1777219097,1777219099
burst,RR,RR,bursty,task-1777214480200957529,completed,att-task-1777214480200957529-1,1,0,,att-task-1777214480200957529-1,1,completed,worker-large,,1777219096,1777219097,1777219102
burst,RR,RR,bursty,task-1777214480202135025,completed,att-task-1777214480202135025-1,1,0,,att-task-1777214480202135025-1,1,completed,worker-small,,1777219091,1777219092,1777219096
burst,RR,RR,bursty,task-1777214480203222742,completed,att-task-1777214480203222742-1,1,0,,att-task-1777214480203222742-1,1,completed,worker-medium,,1777219091,1777219092,1777219096
burst,RR,RR,bursty,task-1777214480204234017,completed,att-task-1777214480204234017-1,1,0,,att-task-1777214480204234017-1,1,completed,worker-medium,,1777219096,1777219097,1777219100
burst,RR,RR,bursty,task-1777214480205297603,failed,att-task-1777214480205297603-1,1,0,,att-task-1777214480205297603-1,1,failed,worker-medium,container_failed,1777219096,1777219097,1777219100
burst,RR,RR,bursty,task-1777214480206282485,completed,att-task-1777214480206282485-1,1,0,,att-task-1777214480206282485-1,1,completed,worker-small,,1777219096,1777219097,1777219100
burst,RR,RR,bursty,task-1777214480207279146,completed,att-task-1777214480207279146-1,1,0,,att-task-1777214480207279146-1,1,completed,worker-large,,1777219106,1777219107,1777219112
burst,RR,RR,long-tail,task-1777215083184473785,completed,att-task-1777215083184473785-1,1,0,,att-task-1777215083184473785-1,1,completed,worker-large,,1777219096,1777219107,1777219107
burst,RR,RR,long-tail,task-1777215083186008098,completed,att-task-1777215083186008098-1,1,0,,att-task-1777215083186008098-1,1,completed,worker-medium,,1777219111,1777219112,1777219116
burst,RR,RR,long-tail,task-1777215083186982678,completed,att-task-1777215083186982678-1,1,0,,att-task-1777215083186982678-1,1,completed,worker-medium,,1777219101,1777219102,1777219105
burst,RR,RR,long-tail,task-1777215083187789926,completed,att-task-1777215083187789926-1,1,0,,att-task-1777215083187789926-1,1,completed,worker-medium,,1777219096,1777219107,1777219108
burst,RR,RR,long-tail,task-1777215083188459124,failed,att-task-1777215083188459124-1,1,0,,att-task-1777215083188459124-1,1,failed,worker-large,container_failed,1777219101,1777219102,1777219105
burst,RR,RR,long-tail,task-1777215083188988615,completed,att-task-1777215083188988615-1,1,0,,att-task-1777215083188988615-1,1,completed,worker-large,,1777219116,1777219117,1777219121
burst,RTS,RTS,heterogeneous-smoke,task-1777215685243069681,completed,att-task-1777215685243069681-1,1,0,,att-task-1777215685243069681-1,1,completed,worker-medium,,1777219086,1777219087,1777219091
burst,RTS,RTS,heterogeneous-smoke,task-1777215685244611453,completed,att-task-1777215685244611453-1,1,0,,att-task-1777215685244611453-1,1,completed,worker-small,,1777219101,1777219102,1777219105
burst,RTS,RTS,heterogeneous-smoke,task-1777215685245841844,completed,att-task-1777215685245841844-1,1,0,,att-task-1777215685245841844-1,1,completed,worker-medium,,1777219106,1777219107,1777219111
burst,RTS,RTS,heterogeneous-smoke,task-1777215685246486164,completed,att-task-1777215685246486164-1,1,0,,att-task-1777215685246486164-1,1,completed,worker-medium,,1777219116,1777219117,1777219120
burst,RTS,RTS,heterogeneous-smoke,task-1777215685247083727,completed,att-task-1777215685247083727-1,1,0,,att-task-1777215685247083727-1,1,completed,worker-medium,,1777219036,1777219037,1777219042
burst,RTS,RTS,heterogeneous-smoke,task-1777215685247742644,completed,att-task-1777215685247742644-1,1,0,,att-task-1777215685247742644-1,1,completed,worker-large,,1777219121,1777219122,1777219127
burst,RTS,RTS,heterogeneous-smoke,task-1777215685248343858,completed,att-task-1777215685248343858-1,1,0,,att-task-1777215685248343858-1,1,completed,worker-small,,1777219106,1777219107,1777219111
burst,RTS,RTS,heterogeneous-smoke,task-1777215685248996612,completed,att-task-1777215685248996612-1,1,0,,att-task-1777215685248996612-1,1,completed,worker-medium,,1777219121,1777219122,1777219126
burst,RTS,RTS,heterogeneous-smoke,task-1777215685249775851,completed,att-task-1777215685249775851-1,1,0,,att-task-1777215685249775851-1,1,completed,worker-medium,,1777219036,1777219037,1777219041
burst,RTS,RTS,heterogeneous-smoke,task-1777215685250403368,completed,att-task-1777215685250403368-1,1,0,,att-task-1777215685250403368-1,1,completed,worker-medium,,1777219126,1777219132,1777219133
burst,RTS,RTS,steady-cpu,task-1777216285332490071,completed,att-task-1777216285332490071-1,1,0,,att-task-1777216285332490071-1,1,completed,worker-large,,1777219106,1777219107,1777219112
burst,RTS,RTS,steady-cpu,task-1777216285333973596,completed,att-task-1777216285333973596-1,1,0,,att-task-1777216285333973596-1,1,completed,worker-large,,1777219116,1777219117,1777219120
burst,RTS,RTS,steady-cpu,task-1777216285334706476,completed,att-task-1777216285334706476-1,1,0,,att-task-1777216285334706476-1,1,completed,worker-medium,,1777219106,1777219107,1777219111
burst,RTS,RTS,steady-cpu,task-1777216285335479205,completed,att-task-1777216285335479205-1,1,0,,att-task-1777216285335479205-1,1,completed,worker-large,,1777219121,1777219122,1777219127
burst,RTS,RTS,steady-cpu,task-1777216285336183601,completed,att-task-1777216285336183601-1,1,0,,att-task-1777216285336183601-1,1,completed,worker-large,,1777219111,1777219112,1777219115
burst,RTS,RTS,steady-cpu,task-1777216285336970843,completed,att-task-1777216285336970843-1,1,0,,att-task-1777216285336970843-1,1,completed,worker-large,,1777219131,1777219132,1777219135
burst,RTS,RTS,steady-cpu,task-1777216285337749937,completed,att-task-1777216285337749937-1,1,0,,att-task-1777216285337749937-1,1,completed,worker-small,,1777219111,1777219112,1777219115
burst,RTS,RTS,steady-cpu,task-1777216285338419856,completed,att-task-1777216285338419856-1,1,0,,att-task-1777216285338419856-1,1,completed,worker-large,,1777219131,1777219132,1777219135
burst,RTS,RTS,steady-mixed,task-1777216887932312284,completed,att-task-1777216887932312284-1,1,0,,att-task-1777216887932312284-1,1,completed,worker-small,,1777219116,1777219117,1777219120
burst,RTS,RTS,steady-mixed,task-1777216887933525931,completed,att-task-1777216887933525931-1,1,0,,att-task-1777216887933525931-1,1,completed,worker-large,,1777219111,1777219112,1777219115
burst,RTS,RTS,steady-mixed,task-1777216887934384804,failed,att-task-1777216887934384804-1,1,0,,att-task-1777216887934384804-1,1,failed,worker-medium,container_failed,1777219116,1777219117,1777219120
burst,RTS,RTS,steady-mixed,task-1777216887934991106,completed,att-task-1777216887934991106-1,1,0,,att-task-1777216887934991106-1,1,completed,worker-large,,1777219136,1777219137,1777219142
burst,RTS,RTS,steady-mixed,task-1777216887935527994,completed,att-task-1777216887935527994-1,1,0,,att-task-1777216887935527994-1,1,completed,worker-small,,1777219121,1777219122,1777219126
burst,RTS,RTS,steady-mixed,task-1777216887936159646,failed,att-task-1777216887936159646-1,1,0,,att-task-1777216887936159646-1,1,failed,worker-small,container_failed,1777219126,1777219127,1777219132
burst,RTS,RTS,steady-mixed,task-1777216887936839264,completed,att-task-1777216887936839264-1,1,0,,att-task-1777216887936839264-1,1,completed,worker-small,,1777219111,1777219112,1777219115
burst,RTS,RTS,steady-mixed,task-1777216887937472143,completed,att-task-1777216887937472143-1,1,0,,att-task-1777216887937472143-1,1,completed,worker-large,,1777219136,1777219137,1777219141
burst,RTS,RTS,memory-pressure,task-1777217490482549540,failed,att-task-1777217490482549540-1,1,0,,att-task-1777217490482549540-1,1,failed,worker-medium,container_failed,1777219136,1777219137,1777219141
burst,RTS,RTS,memory-pressure,task-1777217490484018963,failed,att-task-1777217490484018963-1,1,0,,att-task-1777217490484018963-1,1,failed,worker-large,container_failed,1777219136,1777219137,1777219141
burst,RTS,RTS,memory-pressure,task-1777217490484999368,completed,att-task-1777217490484999368-1,1,0,,att-task-1777217490484999368-1,1,completed,worker-small,,1777219136,1777219137,1777219141
burst,RTS,RTS,memory-pressure,task-1777217490485999028,failed,att-task-1777217490485999028-1,1,0,,att-task-1777217490485999028-1,1,failed,worker-large,container_failed,1777219141,1777219142,1777219146
burst,RTS,RTS,memory-pressure,task-1777217490486960009,completed,att-task-1777217490486960009-1,1,0,,att-task-1777217490486960009-1,1,completed,worker-medium,,1777219141,1777219142,1777219146
burst,RTS,RTS,memory-pressure,task-1777217490487998774,failed,att-task-1777217490487998774-1,1,0,,att-task-1777217490487998774-1,1,failed,worker-large,container_failed,1777219146,1777219147,1777219150
burst,RTS,RTS,bursty,task-1777218092555880953,completed,att-task-1777218092555880953-1,1,0,,att-task-1777218092555880953-1,1,completed,worker-medium,,1777219136,1777219137,1777219141
burst,RTS,RTS,bursty,task-1777218092557431892,completed,att-task-1777218092557431892-1,1,0,,att-task-1777218092557431892-1,1,completed,worker-large,,1777219141,1777219142,1777219146
burst,RTS,RTS,bursty,task-1777218092558490429,failed,att-task-1777218092558490429-1,1,0,,att-task-1777218092558490429-1,1,failed,worker-medium,container_failed,1777219141,1777219142,1777219146
burst,RTS,RTS,bursty,task-1777218092559434880,completed,att-task-1777218092559434880-1,1,0,,att-task-1777218092559434880-1,1,completed,worker-large,,1777219146,1777219147,1777219151
burst,RTS,RTS,bursty,task-1777218092560291485,completed,att-task-1777218092560291485-1,1,0,,att-task-1777218092560291485-1,1,completed,worker-small,,1777219141,1777219142,1777219146
burst,RTS,RTS,bursty,task-1777218092560949218,completed,att-task-1777218092560949218-1,1,0,,att-task-1777218092560949218-1,1,completed,worker-medium,,1777219146,1777219147,1777219151
burst,RTS,RTS,bursty,task-1777218092561896712,completed,att-task-1777218092561896712-1,1,0,,att-task-1777218092561896712-1,1,completed,worker-medium,,1777219136,1777219137,1777219141
burst,RTS,RTS,bursty,task-1777218092562807178,failed,att-task-1777218092562807178-1,1,0,,att-task-1777218092562807178-1,1,failed,worker-medium,container_failed,1777219146,1777219147,1777219150
burst,RTS,RTS,bursty,task-1777218092563700419,completed,att-task-1777218092563700419-1,1,0,,att-task-1777218092563700419-1,1,completed,worker-small,,1777219146,1777219147,1777219150
burst,RTS,RTS,bursty,task-1777218092564572358,completed,att-task-1777218092564572358-1,1,0,,att-task-1777218092564572358-1,1,completed,worker-large,,1777219151,1777219152,1777219156
burst,RTS,RTS,long-tail,task-1777218692628511315,completed,att-task-1777218692628511315-1,1,0,,att-task-1777218692628511315-1,1,completed,worker-large,,1777219146,1777219152,1777219156
burst,RTS,RTS,long-tail,task-1777218692630524657,completed,att-task-1777218692630524657-1,1,0,,att-task-1777218692630524657-1,1,completed,worker-medium,,1777219151,1777219152,1777219156
burst,RTS,RTS,long-tail,task-1777218692631952213,completed,att-task-1777218692631952213-1,1,0,,att-task-1777218692631952213-1,1,completed,worker-small,,1777219151,1777219152,1777219155
burst,RTS,RTS,long-tail,task-1777218692633172124,completed,att-task-1777218692633172124-1,1,0,,att-task-1777218692633172124-1,1,completed,worker-large,,1777219151,1777219162,1777219163
burst,RTS,RTS,long-tail,task-1777218692634232555,failed,att-task-1777218692634232555-1,1,0,,att-task-1777218692634232555-1,1,failed,worker-large,container_failed,1777219156,1777219157,1777219160
burst,RTS,RTS,long-tail,task-1777218692635315836,completed,att-task-1777218692635315836-1,1,0,,att-task-1777218692635315836-1,1,completed,worker-medium,,1777219156,1777219157,1777219161
burst,PPO-pretrained,PPO,heterogeneous-smoke,task-1777219165347113375,completed,att-task-1777219165347113375-1,1,0,,att-task-1777219165347113375-1,1,completed,worker-large,,1777219167,1777219167,1777219171
burst,PPO-pretrained,PPO,heterogeneous-smoke,task-1777219165348704519,completed,att-task-1777219165348704519-1,1,0,,att-task-1777219165348704519-1,1,completed,worker-large,,1777219167,1777219167,1777219171
burst,PPO-pretrained,PPO,heterogeneous-smoke,task-1777219165349853396,completed,att-task-1777219165349853396-1,1,0,,att-task-1777219165349853396-1,1,completed,worker-large,,1777219167,1777219167,1777219170
burst,PPO-pretrained,PPO,heterogeneous-smoke,task-1777219165350938376,completed,att-task-1777219165350938376-1,1,0,,att-task-1777219165350938376-1,1,completed,worker-medium,,1777219167,1777219167,1777219171
burst,PPO-pretrained,PPO,heterogeneous-smoke,task-1777219165351835097,completed,att-task-1777219165351835097-1,1,0,,att-task-1777219165351835097-1,1,completed,worker-large,,1777219167,1777219167,1777219171
burst,PPO-pretrained,PPO,heterogeneous-smoke,task-1777219165352551904,completed,att-task-1777219165352551904-1,1,0,,att-task-1777219165352551904-1,1,completed,worker-large,,1777219171,1777219172,1777219176
burst,PPO-pretrained,PPO,heterogeneous-smoke,task-1777219165353260303,completed,att-task-1777219165353260303-1,1,0,,att-task-1777219165353260303-1,1,completed,worker-medium,,1777219167,1777219167,1777219171
burst,PPO-pretrained,PPO,heterogeneous-smoke,task-1777219165353930530,completed,att-task-1777219165353930530-1,1,0,,att-task-1777219165353930530-1,1,completed,worker-medium,,1777219171,1777219172,1777219175
burst,PPO-pretrained,PPO,heterogeneous-smoke,task-1777219165354578983,completed,att-task-1777219165354578983-1,1,0,,att-task-1777219165354578983-1,1,completed,worker-small,,1777219167,1777219167,1777219171
burst,PPO-pretrained,PPO,heterogeneous-smoke,task-1777219165355274901,completed,att-task-1777219165355274901-1,1,0,,att-task-1777219165355274901-1,1,completed,worker-large,,1777219176,1777219177,1777219181
burst,PPO-pretrained,PPO,steady-cpu,task-1777219183451119007,completed,att-task-1777219183451119007-1,1,0,,att-task-1777219183451119007-1,1,completed,worker-large,,1777219186,1777219187,1777219190
burst,PPO-pretrained,PPO,steady-cpu,task-1777219183452521350,completed,att-task-1777219183452521350-1,1,0,,att-task-1777219183452521350-1,1,completed,worker-large,,1777219186,1777219187,1777219191
burst,PPO-pretrained,PPO,steady-cpu,task-1777219183453686446,completed,att-task-1777219183453686446-1,1,0,,att-task-1777219183453686446-1,1,completed,worker-large,,1777219186,1777219187,1777219191
burst,PPO-pretrained,PPO,steady-cpu,task-1777219183454882467,completed,att-task-1777219183454882467-1,1,0,,att-task-1777219183454882467-1,1,completed,worker-medium,,1777219186,1777219187,1777219191
burst,PPO-pretrained,PPO,steady-cpu,task-1777219183456028268,completed,att-task-1777219183456028268-1,1,0,,att-task-1777219183456028268-1,1,completed,worker-large,,1777219186,1777219187,1777219190
burst,PPO-pretrained,PPO,steady-cpu,task-1777219183457109688,completed,att-task-1777219183457109688-1,1,0,,att-task-1777219183457109688-1,1,completed,worker-large,,1777219191,1777219192,1777219196
burst,PPO-pretrained,PPO,steady-cpu,task-1777219183458178492,completed,att-task-1777219183458178492-1,1,0,,att-task-1777219183458178492-1,1,completed,worker-medium,,1777219186,1777219187,1777219190
burst,PPO-pretrained,PPO,steady-cpu,task-1777219183459210628,completed,att-task-1777219183459210628-1,1,0,,att-task-1777219183459210628-1,1,completed,worker-large,,1777219191,1777219192,1777219196
burst,PPO-pretrained,PPO,steady-mixed,task-1777219198520046781,completed,att-task-1777219198520046781-1,1,0,,att-task-1777219198520046781-1,1,completed,worker-large,,1777219201,1777219202,1777219205
burst,PPO-pretrained,PPO,steady-mixed,task-1777219198522028965,completed,att-task-1777219198522028965-1,1,0,,att-task-1777219198522028965-1,1,completed,worker-large,,1777219201,1777219202,1777219205
burst,PPO-pretrained,PPO,steady-mixed,task-1777219198523137177,failed,att-task-1777219198523137177-1,1,0,,att-task-1777219198523137177-1,1,failed,worker-large,container_failed,1777219201,1777219202,1777219205
burst,PPO-pretrained,PPO,steady-mixed,task-1777219198524301042,completed,att-task-1777219198524301042-1,1,0,,att-task-1777219198524301042-1,1,completed,worker-medium,,1777219201,1777219202,1777219206
burst,PPO-pretrained,PPO,steady-mixed,task-1777219198525568655,completed,att-task-1777219198525568655-1,1,0,,att-task-1777219198525568655-1,1,completed,worker-small,,1777219201,1777219202,1777219206
burst,PPO-pretrained,PPO,steady-mixed,task-1777219198526766651,failed,att-task-1777219198526766651-1,1,0,,att-task-1777219198526766651-1,1,failed,worker-large,container_failed,1777219201,1777219202,1777219206
burst,PPO-pretrained,PPO,steady-mixed,task-1777219198527616293,completed,att-task-1777219198527616293-1,1,0,,att-task-1777219198527616293-1,1,completed,worker-medium,,1777219201,1777219202,1777219207
burst,PPO-pretrained,PPO,steady-mixed,task-1777219198528717132,completed,att-task-1777219198528717132-1,1,0,,att-task-1777219198528717132-1,1,completed,worker-medium,,1777219206,1777219207,1777219210
burst,PPO-pretrained,PPO,memory-pressure,task-1777219213594715216,failed,att-task-1777219213594715216-1,1,0,,att-task-1777219213594715216-1,1,failed,worker-large,container_failed,1777219216,1777219217,1777219220
burst,PPO-pretrained,PPO,memory-pressure,task-1777219213596131853,failed,att-task-1777219213596131853-1,1,0,,att-task-1777219213596131853-1,1,failed,worker-large,container_failed,1777219216,1777219217,1777219220
burst,PPO-pretrained,PPO,memory-pressure,task-1777219213597506625,completed,att-task-1777219213597506625-1,1,0,,att-task-1777219213597506625-1,1,completed,worker-medium,,1777219216,1777219217,1777219220
burst,PPO-pretrained,PPO,memory-pressure,task-1777219213599011850,failed,att-task-1777219213599011850-1,1,0,,att-task-1777219213599011850-1,1,failed,worker-large,container_failed,1777219221,1777219222,1777219225
burst,PPO-pretrained,PPO,memory-pressure,task-1777219213600490537,completed,att-task-1777219213600490537-1,1,0,,att-task-1777219213600490537-1,1,completed,worker-medium,,1777219216,1777219217,1777219220
burst,PPO-pretrained,PPO,memory-pressure,task-1777219213601792403,failed,att-task-1777219213601792403-1,1,0,,att-task-1777219213601792403-1,1,failed,worker-large,container_failed,1777219221,1777219222,1777219225
burst,PPO-pretrained,PPO,bursty,task-1777219225660927785,completed,att-task-1777219225660927785-1,1,0,,att-task-1777219225660927785-1,1,completed,worker-large,,1777219226,1777219227,1777219231
burst,PPO-pretrained,PPO,bursty,task-1777219225661956448,completed,att-task-1777219225661956448-1,1,0,,att-task-1777219225661956448-1,1,completed,worker-large,,1777219226,1777219227,1777219230
burst,PPO-pretrained,PPO,bursty,task-1777219225662832050,failed,att-task-1777219225662832050-1,1,0,,att-task-1777219225662832050-1,1,failed,worker-large,container_failed,1777219226,1777219227,1777219230
burst,PPO-pretrained,PPO,bursty,task-1777219225663469497,completed,att-task-1777219225663469497-1,1,0,,att-task-1777219225663469497-1,1,completed,worker-medium,,1777219226,1777219227,1777219231
burst,PPO-pretrained,PPO,bursty,task-1777219225664119985,completed,att-task-1777219225664119985-1,1,0,,att-task-1777219225664119985-1,1,completed,worker-small,,1777219226,1777219227,1777219231
burst,PPO-pretrained,PPO,bursty,task-1777219225664802337,completed,att-task-1777219225664802337-1,1,0,,att-task-1777219225664802337-1,1,completed,worker-large,,1777219231,1777219232,1777219236
burst,PPO-pretrained,PPO,bursty,task-1777219225665414885,completed,att-task-1777219225665414885-1,1,0,,att-task-1777219225665414885-1,1,completed,worker-large,,1777219226,1777219227,1777219231
burst,PPO-pretrained,PPO,bursty,task-1777219225666012509,failed,att-task-1777219225666012509-1,1,0,,att-task-1777219225666012509-1,1,failed,worker-large,container_failed,1777219231,1777219232,1777219235
burst,PPO-pretrained,PPO,bursty,task-1777219225666587211,completed,att-task-1777219225666587211-1,1,0,,att-task-1777219225666587211-1,1,completed,worker-large,,1777219231,1777219232,1777219235
burst,PPO-pretrained,PPO,bursty,task-1777219225667143838,completed,att-task-1777219225667143838-1,1,0,,att-task-1777219225667143838-1,1,completed,worker-medium,,1777219231,1777219232,1777219236
burst,PPO-pretrained,PPO,long-tail,task-1777219237733185312,completed,att-task-1777219237733185312-1,1,0,,att-task-1777219237733185312-1,1,completed,worker-large,,1777219241,1777219247,1777219251
burst,PPO-pretrained,PPO,long-tail,task-1777219237734616282,completed,att-task-1777219237734616282-1,1,0,,att-task-1777219237734616282-1,1,completed,worker-large,,1777219241,1777219242,1777219246
burst,PPO-pretrained,PPO,long-tail,task-1777219237735901888,completed,att-task-1777219237735901888-1,1,0,,att-task-1777219237735901888-1,1,completed,worker-medium,,1777219241,1777219242,1777219245
burst,PPO-pretrained,PPO,long-tail,task-1777219237737264844,completed,att-task-1777219237737264844-1,1,0,,att-task-1777219237737264844-1,1,completed,worker-medium,,1777219241,1777219252,1777219253
burst,PPO-pretrained,PPO,long-tail,task-1777219237738537753,failed,att-task-1777219237738537753-1,1,0,,att-task-1777219237738537753-1,1,failed,worker-medium,container_failed,1777219246,1777219247,1777219250
burst,PPO-pretrained,PPO,long-tail,task-1777219237739705511,completed,att-task-1777219237739705511-1,1,0,,att-task-1777219237739705511-1,1,completed,worker-large,,1777219246,1777219247,1777219251
burst,PPO-adapted,PPO,heterogeneous-smoke,task-1777219255820464686,completed,att-task-1777219255820464686-1,1,0,,att-task-1777219255820464686-1,1,completed,worker-large,,1777219256,1777219257,1777219260
burst,PPO-adapted,PPO,heterogeneous-smoke,task-1777219255822140788,completed,att-task-1777219255822140788-1,1,0,,att-task-1777219255822140788-1,1,completed,worker-large,,1777219256,1777219257,1777219261
burst,PPO-adapted,PPO,heterogeneous-smoke,task-1777219255823466798,completed,att-task-1777219255823466798-1,1,0,,att-task-1777219255823466798-1,1,completed,worker-large,,1777219256,1777219257,1777219260
burst,PPO-adapted,PPO,heterogeneous-smoke,task-1777219255824848711,completed,att-task-1777219255824848711-1,1,0,,att-task-1777219255824848711-1,1,completed,worker-medium,,1777219256,1777219257,1777219261
burst,PPO-adapted,PPO,heterogeneous-smoke,task-1777219255825979578,completed,att-task-1777219255825979578-1,1,0,,att-task-1777219255825979578-1,1,completed,worker-large,,1777219256,1777219257,1777219261
burst,PPO-adapted,PPO,heterogeneous-smoke,task-1777219255826944607,completed,att-task-1777219255826944607-1,1,0,,att-task-1777219255826944607-1,1,completed,worker-large,,1777219261,1777219262,1777219266
burst,PPO-adapted,PPO,heterogeneous-smoke,task-1777219255827657016,completed,att-task-1777219255827657016-1,1,0,,att-task-1777219255827657016-1,1,completed,worker-medium,,1777219256,1777219257,1777219261
burst,PPO-adapted,PPO,heterogeneous-smoke,task-1777219255828481391,completed,att-task-1777219255828481391-1,1,0,,att-task-1777219255828481391-1,1,completed,worker-medium,,1777219261,1777219262,1777219266
burst,PPO-adapted,PPO,heterogeneous-smoke,task-1777219255829742891,completed,att-task-1777219255829742891-1,1,0,,att-task-1777219255829742891-1,1,completed,worker-small,,1777219256,1777219257,1777219261
burst,PPO-adapted,PPO,heterogeneous-smoke,task-1777219255830985698,completed,att-task-1777219255830985698-1,1,0,,att-task-1777219255830985698-1,1,completed,worker-large,,1777219266,1777219267,1777219272
burst,PPO-adapted,PPO,steady-cpu,task-1777219273910309349,completed,att-task-1777219273910309349-1,1,0,,att-task-1777219273910309349-1,1,completed,worker-large,,1777219276,1777219277,1777219280
burst,PPO-adapted,PPO,steady-cpu,task-1777219273911350697,completed,att-task-1777219273911350697-1,1,0,,att-task-1777219273911350697-1,1,completed,worker-large,,1777219276,1777219277,1777219280
burst,PPO-adapted,PPO,steady-cpu,task-1777219273912040430,completed,att-task-1777219273912040430-1,1,0,,att-task-1777219273912040430-1,1,completed,worker-large,,1777219276,1777219277,1777219280
burst,PPO-adapted,PPO,steady-cpu,task-1777219273912610810,completed,att-task-1777219273912610810-1,1,0,,att-task-1777219273912610810-1,1,completed,worker-medium,,1777219276,1777219277,1777219281
burst,PPO-adapted,PPO,steady-cpu,task-1777219273913205166,completed,att-task-1777219273913205166-1,1,0,,att-task-1777219273913205166-1,1,completed,worker-large,,1777219276,1777219277,1777219280
burst,PPO-adapted,PPO,steady-cpu,task-1777219273913881009,completed,att-task-1777219273913881009-1,1,0,,att-task-1777219273913881009-1,1,completed,worker-large,,1777219281,1777219282,1777219286
burst,PPO-adapted,PPO,steady-cpu,task-1777219273914436992,completed,att-task-1777219273914436992-1,1,0,,att-task-1777219273914436992-1,1,completed,worker-medium,,1777219276,1777219277,1777219280
burst,PPO-adapted,PPO,steady-cpu,task-1777219273915025326,completed,att-task-1777219273915025326-1,1,0,,att-task-1777219273915025326-1,1,completed,worker-large,,1777219281,1777219282,1777219285
burst,PPO-adapted,PPO,steady-mixed,task-1777219289008990016,completed,att-task-1777219289008990016-1,1,0,,att-task-1777219289008990016-1,1,completed,worker-large,,1777219291,1777219292,1777219295
burst,PPO-adapted,PPO,steady-mixed,task-1777219289010326349,completed,att-task-1777219289010326349-1,1,0,,att-task-1777219289010326349-1,1,completed,worker-large,,1777219291,1777219292,1777219296
burst,PPO-adapted,PPO,steady-mixed,task-1777219289011607131,failed,att-task-1777219289011607131-1,1,0,,att-task-1777219289011607131-1,1,failed,worker-large,container_failed,1777219291,1777219292,1777219295
burst,PPO-adapted,PPO,steady-mixed,task-1777219289012897116,completed,att-task-1777219289012897116-1,1,0,,att-task-1777219289012897116-1,1,completed,worker-medium,,1777219291,1777219292,1777219296
burst,PPO-adapted,PPO,steady-mixed,task-1777219289014050645,completed,att-task-1777219289014050645-1,1,0,,att-task-1777219289014050645-1,1,completed,worker-small,,1777219291,1777219292,1777219296
burst,PPO-adapted,PPO,steady-mixed,task-1777219289015262846,failed,att-task-1777219289015262846-1,1,0,,att-task-1777219289015262846-1,1,failed,worker-large,container_failed,1777219291,1777219292,1777219295
burst,PPO-adapted,PPO,steady-mixed,task-1777219289016440168,completed,att-task-1777219289016440168-1,1,0,,att-task-1777219289016440168-1,1,completed,worker-medium,,1777219291,1777219292,1777219295
burst,PPO-adapted,PPO,steady-mixed,task-1777219289017454618,completed,att-task-1777219289017454618-1,1,0,,att-task-1777219289017454618-1,1,completed,worker-large,,1777219296,1777219297,1777219300
burst,PPO-adapted,PPO,memory-pressure,task-1777219301079923549,failed,att-task-1777219301079923549-1,1,0,,att-task-1777219301079923549-1,1,failed,worker-large,container_failed,1777219301,1777219302,1777219305
burst,PPO-adapted,PPO,memory-pressure,task-1777219301081328576,failed,att-task-1777219301081328576-1,1,0,,att-task-1777219301081328576-1,1,failed,worker-large,container_failed,1777219301,1777219302,1777219305
burst,PPO-adapted,PPO,memory-pressure,task-1777219301082485499,completed,att-task-1777219301082485499-1,1,0,,att-task-1777219301082485499-1,1,completed,worker-medium,,1777219301,1777219302,1777219305
burst,PPO-adapted,PPO,memory-pressure,task-1777219301083563077,failed,att-task-1777219301083563077-1,1,0,,att-task-1777219301083563077-1,1,failed,worker-large,container_failed,1777219306,1777219307,1777219310
burst,PPO-adapted,PPO,memory-pressure,task-1777219301084670996,completed,att-task-1777219301084670996-1,1,0,,att-task-1777219301084670996-1,1,completed,worker-medium,,1777219301,1777219302,1777219305
burst,PPO-adapted,PPO,memory-pressure,task-1777219301085801464,failed,att-task-1777219301085801464-1,1,0,,att-task-1777219301085801464-1,1,failed,worker-large,container_failed,1777219306,1777219307,1777219310
burst,PPO-adapted,PPO,bursty,task-1777219313136303093,completed,att-task-1777219313136303093-1,1,0,,att-task-1777219313136303093-1,1,completed,worker-large,,1777219316,1777219317,1777219320
burst,PPO-adapted,PPO,bursty,task-1777219313137866957,completed,att-task-1777219313137866957-1,1,0,,att-task-1777219313137866957-1,1,completed,worker-large,,1777219316,1777219317,1777219320
burst,PPO-adapted,PPO,bursty,task-1777219313139203498,failed,att-task-1777219313139203498-1,1,0,,att-task-1777219313139203498-1,1,failed,worker-large,container_failed,1777219316,1777219317,1777219320
burst,PPO-adapted,PPO,bursty,task-1777219313140326110,completed,att-task-1777219313140326110-1,1,0,,att-task-1777219313140326110-1,1,completed,worker-medium,,1777219316,1777219317,1777219321
burst,PPO-adapted,PPO,bursty,task-1777219313141435149,completed,att-task-1777219313141435149-1,1,0,,att-task-1777219313141435149-1,1,completed,worker-small,,1777219316,1777219317,1777219320
burst,PPO-adapted,PPO,bursty,task-1777219313142542836,completed,att-task-1777219313142542836-1,1,0,,att-task-1777219313142542836-1,1,completed,worker-large,,1777219321,1777219322,1777219326
burst,PPO-adapted,PPO,bursty,task-1777219313143654296,completed,att-task-1777219313143654296-1,1,0,,att-task-1777219313143654296-1,1,completed,worker-large,,1777219316,1777219317,1777219321
burst,PPO-adapted,PPO,bursty,task-1777219313144774523,failed,att-task-1777219313144774523-1,1,0,,att-task-1777219313144774523-1,1,failed,worker-large,container_failed,1777219321,1777219322,1777219325
burst,PPO-adapted,PPO,bursty,task-1777219313145939284,completed,att-task-1777219313145939284-1,1,0,,att-task-1777219313145939284-1,1,completed,worker-large,,1777219321,1777219322,1777219325
burst,PPO-adapted,PPO,bursty,task-1777219313147079882,completed,att-task-1777219313147079882-1,1,0,,att-task-1777219313147079882-1,1,completed,worker-medium,,1777219321,1777219322,1777219326
burst,PPO-adapted,PPO,long-tail,task-1777219328243880321,completed,att-task-1777219328243880321-1,1,0,,att-task-1777219328243880321-1,1,completed,worker-large,,1777219331,1777219337,1777219341
burst,PPO-adapted,PPO,long-tail,task-1777219328245477532,completed,att-task-1777219328245477532-1,1,0,,att-task-1777219328245477532-1,1,completed,worker-large,,1777219331,1777219332,1777219336
burst,PPO-adapted,PPO,long-tail,task-1777219328246704810,completed,att-task-1777219328246704810-1,1,0,,att-task-1777219328246704810-1,1,completed,worker-medium,,1777219331,1777219332,1777219335
burst,PPO-adapted,PPO,long-tail,task-1777219328247888689,completed,att-task-1777219328247888689-1,1,0,,att-task-1777219328247888689-1,1,completed,worker-medium,,1777219331,1777219342,1777219343
burst,PPO-adapted,PPO,long-tail,task-1777219328249103446,failed,att-task-1777219328249103446-1,1,0,,att-task-1777219328249103446-1,1,failed,worker-medium,container_failed,1777219336,1777219337,1777219340
burst,PPO-adapted,PPO,long-tail,task-1777219328250241857,completed,att-task-1777219328250241857-1,1,0,,att-task-1777219328250241857-1,1,completed,worker-large,,1777219336,1777219337,1777219341
overload,RR,RR,heterogeneous-smoke,task-1777219346317389514,completed,att-task-1777219346317389514-1,1,0,,att-task-1777219346317389514-1,1,completed,worker-large,,1777219346,1777219347,1777219351
overload,RR,RR,heterogeneous-smoke,task-1777219346318580334,completed,att-task-1777219346318580334-1,1,0,,att-task-1777219346318580334-1,1,completed,worker-medium,,1777219346,1777219347,1777219351
overload,RR,RR,heterogeneous-smoke,task-1777219346319393704,completed,att-task-1777219346319393704-1,1,0,,att-task-1777219346319393704-1,1,completed,worker-small,,1777219346,1777219347,1777219351
overload,RR,RR,heterogeneous-smoke,task-1777219346320290586,completed,att-task-1777219346320290586-1,1,0,,att-task-1777219346320290586-1,1,completed,worker-large,,1777219346,1777219347,1777219351
overload,RR,RR,heterogeneous-smoke,task-1777219346321193468,completed,att-task-1777219346321193468-1,1,0,,att-task-1777219346321193468-1,1,completed,worker-medium,,1777219346,1777219347,1777219351
overload,RR,RR,heterogeneous-smoke,task-1777219346322565989,completed,att-task-1777219346322565989-1,1,0,,att-task-1777219346322565989-1,1,completed,worker-medium,,1777219351,1777219352,1777219356
overload,RR,RR,heterogeneous-smoke,task-1777219346323840251,completed,att-task-1777219346323840251-1,1,0,,att-task-1777219346323840251-1,1,completed,worker-large,,1777219346,1777219347,1777219351
overload,RR,RR,heterogeneous-smoke,task-1777219346324958287,completed,att-task-1777219346324958287-1,1,0,,att-task-1777219346324958287-1,1,completed,worker-large,,1777219351,1777219352,1777219356
overload,RR,RR,heterogeneous-smoke,task-1777219346326109464,completed,att-task-1777219346326109464-1,1,0,,att-task-1777219346326109464-1,1,completed,worker-medium,,1777219346,1777219347,1777219351
overload,RR,RR,heterogeneous-smoke,task-1777219346327337553,completed,att-task-1777219346327337553-1,1,0,,att-task-1777219346327337553-1,1,completed,worker-medium,,1777219356,1777219357,1777219361
overload,RR,RR,heterogeneous-smoke,task-1777219346328756988,completed,att-task-1777219346328756988-1,1,0,,att-task-1777219346328756988-1,1,completed,worker-large,,1777219346,1777219347,1777219351
overload,RR,RR,heterogeneous-smoke,task-1777219346329949953,completed,att-task-1777219346329949953-1,1,0,,att-task-1777219346329949953-1,1,completed,worker-small,,1777219351,1777219352,1777219356
overload,RR,RR,heterogeneous-smoke,task-1777219346331041954,completed,att-task-1777219346331041954-1,1,0,,att-task-1777219346331041954-1,1,completed,worker-large,,1777219351,1777219352,1777219356
overload,RR,RR,heterogeneous-smoke,task-1777219346332193026,completed,att-task-1777219346332193026-1,1,0,,att-task-1777219346332193026-1,1,completed,worker-large,,1777219356,1777219357,1777219360
overload,RR,RR,heterogeneous-smoke,task-1777219346333475415,completed,att-task-1777219346333475415-1,1,0,,att-task-1777219346333475415-1,1,completed,worker-medium,,1777219351,1777219352,1777219356
overload,RR,RR,heterogeneous-smoke,task-1777219346334636358,completed,att-task-1777219346334636358-1,1,0,,att-task-1777219346334636358-1,1,completed,worker-large,,1777219356,1777219357,1777219361
overload,RR,RR,heterogeneous-smoke,task-1777219346335888101,completed,att-task-1777219346335888101-1,1,0,,att-task-1777219346335888101-1,1,completed,worker-small,,1777219356,1777219357,1777219360
overload,RR,RR,heterogeneous-smoke,task-1777219346337052331,completed,att-task-1777219346337052331-1,1,0,,att-task-1777219346337052331-1,1,completed,worker-large,,1777219361,1777219362,1777219366
overload,RR,RR,heterogeneous-smoke,task-1777219346338152990,completed,att-task-1777219346338152990-1,1,0,,att-task-1777219346338152990-1,1,completed,worker-large,,1777219351,1777219352,1777219356
overload,RR,RR,heterogeneous-smoke,task-1777219346339300284,completed,att-task-1777219346339300284-1,1,0,,att-task-1777219346339300284-1,1,completed,worker-medium,,1777219361,1777219362,1777219366
overload,RR,RR,heterogeneous-smoke,task-1777219346340426029,completed,att-task-1777219346340426029-1,1,0,,att-task-1777219346340426029-1,1,completed,worker-small,,1777219361,1777219362,1777219366
overload,RR,RR,heterogeneous-smoke,task-1777219346341833331,completed,att-task-1777219346341833331-1,1,0,,att-task-1777219346341833331-1,1,completed,worker-large,,1777219361,1777219362,1777219366
overload,RR,RR,heterogeneous-smoke,task-1777219346342766838,completed,att-task-1777219346342766838-1,1,0,,att-task-1777219346342766838-1,1,completed,worker-large,,1777219366,1777219367,1777219370
overload,RR,RR,heterogeneous-smoke,task-1777219346343908619,completed,att-task-1777219346343908619-1,1,0,,att-task-1777219346343908619-1,1,completed,worker-medium,,1777219366,1777219367,1777219371
overload,RR,RR,heterogeneous-smoke,task-1777219346345102389,completed,att-task-1777219346345102389-1,1,0,,att-task-1777219346345102389-1,1,completed,worker-small,,1777219361,1777219362,1777219366
overload,RR,RR,heterogeneous-smoke,task-1777219346346397129,completed,att-task-1777219346346397129-1,1,0,,att-task-1777219346346397129-1,1,completed,worker-large,,1777219366,1777219367,1777219371
overload,RR,RR,heterogeneous-smoke,task-1777219346347808814,completed,att-task-1777219346347808814-1,1,0,,att-task-1777219346347808814-1,1,completed,worker-medium,,1777219366,1777219367,1777219370
overload,RR,RR,heterogeneous-smoke,task-1777219346349059990,completed,att-task-1777219346349059990-1,1,0,,att-task-1777219346349059990-1,1,completed,worker-large,,1777219371,1777219372,1777219375
overload,RR,RR,heterogeneous-smoke,task-1777219346350989191,completed,att-task-1777219346350989191-1,1,0,,att-task-1777219346350989191-1,1,completed,worker-small,,1777219366,1777219367,1777219371
overload,RR,RR,heterogeneous-smoke,task-1777219346352765211,completed,att-task-1777219346352765211-1,1,0,,att-task-1777219346352765211-1,1,completed,worker-medium,,1777219371,1777219372,1777219376
overload,RR,RR,steady-cpu,task-1777219376697560067,completed,att-task-1777219376697560067-1,1,0,,att-task-1777219376697560067-1,1,completed,worker-large,,1777219376,1777219377,1777219380
overload,RR,RR,steady-cpu,task-1777219377699518786,completed,att-task-1777219377699518786-1,1,0,,att-task-1777219377699518786-1,1,completed,worker-medium,,1777219381,1777219382,1777219386
overload,RR,RR,steady-cpu,task-1777219378701878091,completed,att-task-1777219378701878091-1,1,0,,att-task-1777219378701878091-1,1,completed,worker-small,,1777219381,1777219382,1777219385
overload,RR,RR,steady-cpu,task-1777219379704763230,completed,att-task-1777219379704763230-1,1,0,,att-task-1777219379704763230-1,1,completed,worker-large,,1777219381,1777219382,1777219386
overload,RR,RR,steady-cpu,task-1777219380707596001,completed,att-task-1777219380707596001-1,1,0,,att-task-1777219380707596001-1,1,completed,worker-medium,,1777219381,1777219382,1777219385
overload,RR,RR,steady-cpu,task-1777219381709203816,completed,att-task-1777219381709203816-1,1,0,,att-task-1777219381709203816-1,1,completed,worker-large,,1777219381,1777219382,1777219386
overload,RR,RR,steady-cpu,task-1777219382711695624,completed,att-task-1777219382711695624-1,1,0,,att-task-1777219382711695624-1,1,completed,worker-medium,,1777219386,1777219387,1777219391
overload,RR,RR,steady-cpu,task-1777219383713574684,completed,att-task-1777219383713574684-1,1,0,,att-task-1777219383713574684-1,1,completed,worker-large,,1777219386,1777219387,1777219392
overload,RR,RR,steady-cpu,task-1777219383715396124,completed,att-task-1777219383715396124-1,1,0,,att-task-1777219383715396124-1,1,completed,worker-medium,,1777219386,1777219387,1777219391
overload,RR,RR,steady-cpu,task-1777219384717048506,completed,att-task-1777219384717048506-1,1,0,,att-task-1777219384717048506-1,1,completed,worker-large,,1777219386,1777219387,1777219392
overload,RR,RR,steady-cpu,task-1777219385719506495,completed,att-task-1777219385719506495-1,1,0,,att-task-1777219385719506495-1,1,completed,worker-medium,,1777219386,1777219387,1777219392
overload,RR,RR,steady-cpu,task-1777219386722105477,completed,att-task-1777219386722105477-1,1,0,,att-task-1777219386722105477-1,1,completed,worker-large,,1777219396,1777219397,1777219401
overload,RR,RR,steady-cpu,task-1777219387724860619,completed,att-task-1777219387724860619-1,1,0,,att-task-1777219387724860619-1,1,completed,worker-small,,1777219391,1777219392,1777219395
overload,RR,RR,steady-cpu,task-1777219388726846252,completed,att-task-1777219388726846252-1,1,0,,att-task-1777219388726846252-1,1,completed,worker-medium,,1777219396,1777219397,1777219401
overload,RR,RR,steady-cpu,task-1777219389729149260,completed,att-task-1777219389729149260-1,1,0,,att-task-1777219389729149260-1,1,completed,worker-medium,,1777219391,1777219392,1777219395
overload,RR,RR,steady-cpu,task-1777219390731731670,completed,att-task-1777219390731731670-1,1,0,,att-task-1777219390731731670-1,1,completed,worker-large,,1777219396,1777219397,1777219401
overload,RR,RR,steady-cpu,task-1777219390734019955,completed,att-task-1777219390734019955-1,1,0,,att-task-1777219390734019955-1,1,completed,worker-small,,1777219391,1777219392,1777219395
overload,RR,RR,steady-cpu,task-1777219391735933767,completed,att-task-1777219391735933767-1,1,0,,att-task-1777219391735933767-1,1,completed,worker-large,,1777219401,1777219402,1777219406
overload,RR,RR,steady-cpu,task-1777219392738442028,completed,att-task-1777219392738442028-1,1,0,,att-task-1777219392738442028-1,1,completed,worker-medium,,1777219396,1777219397,1777219401
overload,RR,RR,steady-cpu,task-1777219393740814002,completed,att-task-1777219393740814002-1,1,0,,att-task-1777219393740814002-1,1,completed,worker-medium,,1777219401,1777219402,1777219406
overload,RR,RR,steady-cpu,task-1777219394743698574,completed,att-task-1777219394743698574-1,1,0,,att-task-1777219394743698574-1,1,completed,worker-small,,1777219396,1777219397,1777219401
overload,RR,RR,steady-cpu,task-1777219395746181394,completed,att-task-1777219395746181394-1,1,0,,att-task-1777219395746181394-1,1,completed,worker-large,,1777219401,1777219402,1777219406
overload,RR,RR,steady-cpu,task-1777219396748897681,completed,att-task-1777219396748897681-1,1,0,,att-task-1777219396748897681-1,1,completed,worker-small,,1777219396,1777219397,1777219401
overload,RR,RR,steady-cpu,task-1777219397751357512,completed,att-task-1777219397751357512-1,1,0,,att-task-1777219397751357512-1,1,completed,worker-medium,,1777219406,1777219407,1777219410
overload,RR,RR,steady-mixed,task-1777219412845054256,completed,att-task-1777219412845054256-1,1,0,,att-task-1777219412845054256-1,1,completed,worker-large,,1777219416,1777219417,1777219420
overload,RR,RR,steady-mixed,task-1777219413597227067,completed,att-task-1777219413597227067-1,1,0,,att-task-1777219413597227067-1,1,completed,worker-medium,,1777219416,1777219417,1777219420
overload,RR,RR,steady-mixed,task-1777219414349643879,failed,att-task-1777219414349643879-1,1,0,,att-task-1777219414349643879-1,1,failed,worker-small,container_failed,1777219416,1777219417,1777219420
overload,RR,RR,steady-mixed,task-1777219415102094107,completed,att-task-1777219415102094107-1,1,0,,att-task-1777219415102094107-1,1,completed,worker-large,,1777219416,1777219417,1777219421
overload,RR,RR,steady-mixed,task-1777219415854525005,completed,att-task-1777219415854525005-1,1,0,,att-task-1777219415854525005-1,1,completed,worker-medium,,1777219416,1777219417,1777219420
overload,RR,RR,steady-mixed,task-1777219416607013625,failed,att-task-1777219416607013625-1,1,0,,att-task-1777219416607013625-1,1,failed,worker-large,container_failed,1777219416,1777219417,1777219420
overload,RR,RR,steady-mixed,task-1777219417359456543,completed,att-task-1777219417359456543-1,1,0,,att-task-1777219417359456543-1,1,completed,worker-medium,,1777219421,1777219422,1777219425
overload,RR,RR,steady-mixed,task-1777219418111746913,completed,att-task-1777219418111746913-1,1,0,,att-task-1777219418111746913-1,1,completed,worker-small,,1777219421,1777219422,1777219425
overload,RR,RR,steady-mixed,task-1777219418113855794,completed,att-task-1777219418113855794-1,1,0,,att-task-1777219418113855794-1,1,completed,worker-large,,1777219421,1777219422,1777219425
overload,RR,RR,steady-mixed,task-1777219418865471127,completed,att-task-1777219418865471127-1,1,0,,att-task-1777219418865471127-1,1,completed,worker-medium,,1777219421,1777219422,1777219425
overload,RR,RR,steady-mixed,task-1777219419617419801,failed,att-task-1777219419617419801-1,1,0,,att-task-1777219419617419801-1,1,failed,worker-large,container_failed,1777219421,1777219422,1777219425
overload,RR,RR,steady-mixed,task-1777219420384717272,completed,att-task-1777219420384717272-1,1,0,,att-task-1777219420384717272-1,1,completed,worker-large,,1777219421,1777219422,1777219426
overload,RR,RR,steady-mixed,task-1777219421137395781,completed,att-task-1777219421137395781-1,1,0,,att-task-1777219421137395781-1,1,completed,worker-medium,,1777219421,1777219422,1777219425
overload,RR,RR,steady-mixed,task-1777219421889545832,failed,att-task-1777219421889545832-1,1,0,,att-task-1777219421889545832-1,1,failed,worker-small,container_failed,1777219426,1777219427,1777219430
overload,RR,RR,steady-mixed,task-1777219422641896553,completed,att-task-1777219422641896553-1,1,0,,att-task-1777219422641896553-1,1,completed,worker-large,,1777219426,1777219427,1777219430
overload,RR,RR,steady-mixed,task-1777219423394576670,completed,att-task-1777219423394576670-1,1,0,,att-task-1777219423394576670-1,1,completed,worker-medium,,1777219426,1777219427,1777219430
overload,RR,RR,steady-mixed,task-1777219423396777585,completed,att-task-1777219423396777585-1,1,0,,att-task-1777219423396777585-1,1,completed,worker-large,,1777219426,1777219427,1777219430
overload,RR,RR,steady-mixed,task-1777219424148852726,completed,att-task-1777219424148852726-1,1,0,,att-task-1777219424148852726-1,1,completed,worker-medium,,1777219426,1777219427,1777219430
overload,RR,RR,steady-mixed,task-1777219424900930831,failed,att-task-1777219424900930831-1,1,0,,att-task-1777219424900930831-1,1,failed,worker-large,container_failed,1777219426,1777219427,1777219430
overload,RR,RR,steady-mixed,task-1777219425652962132,completed,att-task-1777219425652962132-1,1,0,,att-task-1777219425652962132-1,1,completed,worker-medium,,1777219431,1777219432,1777219436
overload,RR,RR,steady-mixed,task-1777219426405957255,completed,att-task-1777219426405957255-1,1,0,,att-task-1777219426405957255-1,1,completed,worker-small,,1777219431,1777219432,1777219435
overload,RR,RR,steady-mixed,task-1777219427158510104,failed,att-task-1777219427158510104-1,1,0,,att-task-1777219427158510104-1,1,failed,worker-large,container_failed,1777219431,1777219432,1777219435
overload,RR,RR,steady-mixed,task-1777219427910836779,completed,att-task-1777219427910836779-1,1,0,,att-task-1777219427910836779-1,1,completed,worker-medium,,1777219431,1777219432,1777219435
overload,RR,RR,steady-mixed,task-1777219428663393894,completed,att-task-1777219428663393894-1,1,0,,att-task-1777219428663393894-1,1,completed,worker-large,,1777219431,1777219432,1777219435
overload,RR,RR,memory-pressure,task-1777219437736485955,failed,att-task-1777219437736485955-1,1,0,,att-task-1777219437736485955-1,1,failed,worker-large,container_failed,1777219441,1777219442,1777219445
overload,RR,RR,memory-pressure,task-1777219438237967621,failed,att-task-1777219438237967621-1,1,0,,att-task-1777219438237967621-1,1,failed,worker-medium,container_failed,1777219441,1777219442,1777219445
overload,RR,RR,memory-pressure,task-1777219438740635410,completed,att-task-1777219438740635410-1,1,0,,att-task-1777219438740635410-1,1,completed,worker-small,,1777219441,1777219442,1777219445
overload,RR,RR,memory-pressure,task-1777219439243570191,failed,att-task-1777219439243570191-1,1,0,,att-task-1777219439243570191-1,1,failed,worker-large,container_failed,1777219441,1777219442,1777219445
overload,RR,RR,memory-pressure,task-1777219439746590090,completed,att-task-1777219439746590090-1,1,0,,att-task-1777219439746590090-1,1,completed,worker-medium,,1777219446,1777219447,1777219451
overload,RR,RR,memory-pressure,task-1777219440249220004,failed,att-task-1777219440249220004-1,1,0,,att-task-1777219440249220004-1,1,failed,worker-large,container_failed,1777219446,1777219447,1777219450
overload,RR,RR,memory-pressure,task-1777219440251609787,failed,att-task-1777219440251609787-1,1,0,,att-task-1777219440251609787-1,1,failed,worker-large,container_failed,1777219446,1777219447,1777219450
overload,RR,RR,memory-pressure,task-1777219440753648575,failed,att-task-1777219440753648575-1,1,0,,att-task-1777219440753648575-1,1,failed,worker-large,container_failed,1777219451,1777219452,1777219455
overload,RR,RR,memory-pressure,task-1777219441256281534,completed,att-task-1777219441256281534-1,1,0,,att-task-1777219441256281534-1,1,completed,worker-medium,,1777219446,1777219447,1777219451
overload,RR,RR,memory-pressure,task-1777219441758931309,failed,att-task-1777219441758931309-1,1,0,,att-task-1777219441758931309-1,1,failed,worker-medium,container_failed,1777219451,1777219452,1777219455
overload,RR,RR,memory-pressure,task-1777219442261370990,completed,att-task-1777219442261370990-1,1,0,,att-task-1777219442261370990-1,1,completed,worker-small,,1777219446,1777219447,1777219451
overload,RR,RR,memory-pressure,task-1777219442763941917,failed,att-task-1777219442763941917-1,1,0,,att-task-1777219442763941917-1,1,failed,worker-large,container_failed,1777219451,1777219452,1777219455
overload,RR,RR,memory-pressure,task-1777219442765728968,failed,att-task-1777219442765728968-1,1,0,,att-task-1777219442765728968-1,1,failed,worker-large,container_failed,1777219456,1777219457,1777219460
overload,RR,RR,memory-pressure,task-1777219443267684660,failed,att-task-1777219443267684660-1,1,0,,att-task-1777219443267684660-1,1,failed,worker-medium,container_failed,1777219456,1777219457,1777219460
overload,RR,RR,memory-pressure,task-1777219443770316771,completed,att-task-1777219443770316771-1,1,0,,att-task-1777219443770316771-1,1,completed,worker-small,,1777219451,1777219452,1777219455
overload,RR,RR,memory-pressure,task-1777219444272384469,failed,att-task-1777219444272384469-1,1,0,,att-task-1777219444272384469-1,1,failed,worker-large,container_failed,1777219456,1777219457,1777219460
overload,RR,RR,memory-pressure,task-1777219444774411231,completed,att-task-1777219444774411231-1,1,0,,att-task-1777219444774411231-1,1,completed,worker-small,,1777219456,1777219457,1777219460
overload,RR,RR,memory-pressure,task-1777219445276552598,failed,att-task-1777219445276552598-1,1,0,,att-task-1777219445276552598-1,1,failed,worker-large,container_failed,1777219461,1777219462,1777219465
overload,RR,RR,bursty,task-1777219466435115444,completed,att-task-1777219466435115444-1,1,0,,att-task-1777219466435115444-1,1,completed,worker-large,,1777219466,1777219467,1777219470
overload,RR,RR,bursty,task-1777219466436174526,completed,att-task-1777219466436174526-1,1,0,,att-task-1777219466436174526-1,1,completed,worker-medium,,1777219466,1777219467,1777219470
overload,RR,RR,bursty,task-1777219466436905622,failed,att-task-1777219466436905622-1,1,0,,att-task-1777219466436905622-1,1,failed,worker-small,container_failed,1777219466,1777219467,1777219470
overload,RR,RR,bursty,task-1777219466437692633,completed,att-task-1777219466437692633-1,1,0,,att-task-1777219466437692633-1,1,completed,worker-large,,1777219466,1777219467,1777219471
overload,RR,RR,bursty,task-1777219470438832149,completed,att-task-1777219470438832149-1,1,0,,att-task-1777219470438832149-1,1,completed,worker-medium,,1777219471,1777219472,1777219475
overload,RR,RR,bursty,task-1777219470441054051,completed,att-task-1777219470441054051-1,1,0,,att-task-1777219470441054051-1,1,completed,worker-large,,1777219471,1777219472,1777219476
overload,RR,RR,bursty,task-1777219470460750503,completed,att-task-1777219470460750503-1,1,0,,att-task-1777219470460750503-1,1,completed,worker-medium,,1777219471,1777219472,1777219475
overload,RR,RR,bursty,task-1777219474463208186,failed,att-task-1777219474463208186-1,1,0,,att-task-1777219474463208186-1,1,failed,worker-large,container_failed,1777219476,1777219477,1777219480
overload,RR,RR,bursty,task-1777219474465389410,completed,att-task-1777219474465389410-1,1,0,,att-task-1777219474465389410-1,1,completed,worker-medium,,1777219476,1777219477,1777219480
overload,RR,RR,bursty,task-1777219474466552554,completed,att-task-1777219474466552554-1,1,0,,att-task-1777219474466552554-1,1,completed,worker-large,,1777219476,1777219477,1777219481
overload,RR,RR,bursty,task-1777219474467433232,completed,att-task-1777219474467433232-1,1,0,,att-task-1777219474467433232-1,1,completed,worker-medium,,1777219476,1777219477,1777219481
overload,RR,RR,bursty,task-1777219474468171683,completed,att-task-1777219474468171683-1,1,0,,att-task-1777219474468171683-1,1,completed,worker-small,,1777219476,1777219477,1777219480
overload,RR,RR,bursty,task-1777219474469517176,failed,att-task-1777219474469517176-1,1,0,,att-task-1777219474469517176-1,1,failed,worker-large,container_failed,1777219476,1777219477,1777219480
overload,RR,RR,bursty,task-1777219474470829321,completed,att-task-1777219474470829321-1,1,0,,att-task-1777219474470829321-1,1,completed,worker-medium,,1777219481,1777219482,1777219486
overload,RR,RR,bursty,task-1777219478472788160,completed,att-task-1777219478472788160-1,1,0,,att-task-1777219478472788160-1,1,completed,worker-small,,1777219481,1777219482,1777219485
overload,RR,RR,bursty,task-1777219478474637991,completed,att-task-1777219478474637991-1,1,0,,att-task-1777219478474637991-1,1,completed,worker-large,,1777219481,1777219482,1777219486
overload,RR,RR,bursty,task-1777219478476472353,completed,att-task-1777219478476472353-1,1,0,,att-task-1777219478476472353-1,1,completed,worker-medium,,1777219481,1777219482,1777219485
overload,RR,RR,bursty,task-1777219482478168869,failed,att-task-1777219482478168869-1,1,0,,att-task-1777219482478168869-1,1,failed,worker-large,container_failed,1777219486,1777219487,1777219490
overload,RR,RR,bursty,task-1777219482480680083,completed,att-task-1777219482480680083-1,1,0,,att-task-1777219482480680083-1,1,completed,worker-medium,,1777219486,1777219487,1777219491
overload,RR,RR,bursty,task-1777219482482424466,completed,att-task-1777219482482424466-1,1,0,,att-task-1777219482482424466-1,1,completed,worker-large,,1777219486,1777219487,1777219491
overload,RR,RR,bursty,task-1777219482483739834,completed,att-task-1777219482483739834-1,1,0,,att-task-1777219482483739834-1,1,completed,worker-medium,,1777219486,1777219487,1777219491
overload,RR,RR,bursty,task-1777219482485007755,completed,att-task-1777219482485007755-1,1,0,,att-task-1777219482485007755-1,1,completed,worker-small,,1777219486,1777219487,1777219491
overload,RR,RR,bursty,task-1777219482486212010,failed,att-task-1777219482486212010-1,1,0,,att-task-1777219482486212010-1,1,failed,worker-large,container_failed,1777219486,1777219487,1777219490
overload,RR,RR,bursty,task-1777219482487478775,completed,att-task-1777219482487478775-1,1,0,,att-task-1777219482487478775-1,1,completed,worker-large,,1777219491,1777219492,1777219496
overload,RR,RR,bursty,task-1777219486489547302,completed,att-task-1777219486489547302-1,1,0,,att-task-1777219486489547302-1,1,completed,worker-medium,,1777219491,1777219492,1777219495
overload,RR,RR,bursty,task-1777219486491749814,completed,att-task-1777219486491749814-1,1,0,,att-task-1777219486491749814-1,1,completed,worker-large,,1777219491,1777219492,1777219495
overload,RR,RR,bursty,task-1777219486493153313,completed,att-task-1777219486493153313-1,1,0,,att-task-1777219486493153313-1,1,completed,worker-medium,,1777219486,1777219487,1777219491
overload,RR,RR,bursty,task-1777219490511404656,failed,att-task-1777219490511404656-1,1,0,,att-task-1777219490511404656-1,1,failed,worker-medium,container_failed,1777219491,1777219492,1777219495
overload,RR,RR,bursty,task-1777219490528636564,completed,att-task-1777219490528636564-1,1,0,,att-task-1777219490528636564-1,1,completed,worker-small,,1777219491,1777219492,1777219495
overload,RR,RR,bursty,task-1777219490542389198,completed,att-task-1777219490542389198-1,1,0,,att-task-1777219490542389198-1,1,completed,worker-large,,1777219496,1777219497,1777219501
overload,RR,RR,long-tail,task-1777219502674644145,completed,att-task-1777219502674644145-1,1,0,,att-task-1777219502674644145-1,1,completed,worker-large,,1777219506,1777219512,1777219516
overload,RR,RR,long-tail,task-1777219503176761503,completed,att-task-1777219503176761503-1,1,0,,att-task-1777219503176761503-1,1,completed,worker-medium,,1777219506,1777219507,1777219511
overload,RR,RR,long-tail,task-1777219503679305032,completed,att-task-1777219503679305032-1,1,0,,att-task-1777219503679305032-1,1,completed,worker-small,,1777219506,1777219507,1777219511
overload,RR,RR,long-tail,task-1777219504181696999,completed,att-task-1777219504181696999-1,1,0,,att-task-1777219504181696999-1,1,completed,worker-large,,1777219506,1777219517,1777219518
overload,RR,RR,long-tail,task-1777219504684366624,failed,att-task-1777219504684366624-1,1,0,,att-task-1777219504684366624-1,1,failed,worker-large,container_failed,1777219506,1777219507,1777219510
overload,RR,RR,long-tail,task-1777219505186937208,completed,att-task-1777219505186937208-1,1,0,,att-task-1777219505186937208-1,1,completed,worker-medium,,1777219511,1777219512,1777219517
overload,RR,RR,long-tail,task-1777219505189271014,completed,att-task-1777219505189271014-1,1,0,,att-task-1777219505189271014-1,1,completed,worker-large,,1777219506,1777219512,1777219516
overload,RR,RR,long-tail,task-1777219505691634390,completed,att-task-1777219505691634390-1,1,0,,att-task-1777219505691634390-1,1,completed,worker-large,,1777219521,1777219522,1777219526
overload,RR,RR,long-tail,task-1777219506194341004,completed,att-task-1777219506194341004-1,1,0,,att-task-1777219506194341004-1,1,completed,worker-small,,1777219511,1777219512,1777219516
overload,RR,RR,long-tail,task-1777219506696776091,completed,att-task-1777219506696776091-1,1,0,,att-task-1777219506696776091-1,1,completed,worker-large,,1777219511,1777219522,1777219524
overload,RR,RR,long-tail,task-1777219507198934992,failed,att-task-1777219507198934992-1,1,0,,att-task-1777219507198934992-1,1,failed,worker-medium,container_failed,1777219521,1777219522,1777219525
overload,RR,RR,long-tail,task-1777219507701270896,completed,att-task-1777219507701270896-1,1,0,,att-task-1777219507701270896-1,1,completed,worker-large,,1777219526,1777219527,1777219531
overload,RR,RR,long-tail,task-1777219507703147788,completed,att-task-1777219507703147788-1,1,0,,att-task-1777219507703147788-1,1,completed,worker-small,,1777219516,1777219522,1777219526
overload,RR,RR,long-tail,task-1777219508204623756,completed,att-task-1777219508204623756-1,1,0,,att-task-1777219508204623756-1,1,completed,worker-large,,1777219531,1777219532,1777219536
overload,RR,RR,long-tail,task-1777219508706762696,completed,att-task-1777219508706762696-1,1,0,,att-task-1777219508706762696-1,1,completed,worker-medium,,1777219526,1777219527,1777219530
overload,RR,RR,long-tail,task-1777219509209309623,completed,att-task-1777219509209309623-1,1,0,,att-task-1777219509209309623-1,1,completed,worker-medium,,1777219521,1777219532,1777219533
overload,RR,RR,long-tail,task-1777219509711829035,failed,att-task-1777219509711829035-1,1,0,,att-task-1777219509711829035-1,1,failed,worker-large,container_failed,1777219526,1777219527,1777219530
overload,RR,RR,long-tail,task-1777219510214254740,completed,att-task-1777219510214254740-1,1,0,,att-task-1777219510214254740-1,1,completed,worker-medium,,1777219536,1777219537,1777219541
overload,RTS,RTS,heterogeneous-smoke,task-1777219543452158014,completed,att-task-1777219543452158014-1,1,0,,att-task-1777219543452158014-1,1,completed,worker-small,,1777219546,1777219547,1777219551
overload,RTS,RTS,heterogeneous-smoke,task-1777219543453488999,completed,att-task-1777219543453488999-1,1,0,,att-task-1777219543453488999-1,1,completed,worker-medium,,1777219546,1777219547,1777219551
overload,RTS,RTS,heterogeneous-smoke,task-1777219543454482113,completed,att-task-1777219543454482113-1,1,0,,att-task-1777219543454482113-1,1,completed,worker-medium,,1777219546,1777219547,1777219550
overload,RTS,RTS,heterogeneous-smoke,task-1777219543455234293,completed,att-task-1777219543455234293-1,1,0,,att-task-1777219543455234293-1,1,completed,worker-large,,1777219546,1777219547,1777219551
overload,RTS,RTS,heterogeneous-smoke,task-1777219543455964748,completed,att-task-1777219543455964748-1,1,0,,att-task-1777219543455964748-1,1,completed,worker-small,,1777219546,1777219547,1777219551
overload,RTS,RTS,heterogeneous-smoke,task-1777219543456662613,completed,att-task-1777219543456662613-1,1,0,,att-task-1777219543456662613-1,1,completed,worker-large,,1777219546,1777219547,1777219551
overload,RTS,RTS,heterogeneous-smoke,task-1777219543457380125,completed,att-task-1777219543457380125-1,1,0,,att-task-1777219543457380125-1,1,completed,worker-small,,1777219551,1777219552,1777219556
overload,RTS,RTS,heterogeneous-smoke,task-1777219543458016903,completed,att-task-1777219543458016903-1,1,0,,att-task-1777219543458016903-1,1,completed,worker-large,,1777219551,1777219552,1777219556
overload,RTS,RTS,heterogeneous-smoke,task-1777219543458608900,completed,att-task-1777219543458608900-1,1,0,,att-task-1777219543458608900-1,1,completed,worker-medium,,1777219551,1777219552,1777219556
overload,RTS,RTS,heterogeneous-smoke,task-1777219543459244131,completed,att-task-1777219543459244131-1,1,0,,att-task-1777219543459244131-1,1,completed,worker-large,,1777219561,1777219562,1777219566
overload,RTS,RTS,heterogeneous-smoke,task-1777219543459867048,completed,att-task-1777219543459867048-1,1,0,,att-task-1777219543459867048-1,1,completed,worker-large,,1777219551,1777219552,1777219556
overload,RTS,RTS,heterogeneous-smoke,task-1777219543460546603,completed,att-task-1777219543460546603-1,1,0,,att-task-1777219543460546603-1,1,completed,worker-medium,,1777219551,1777219552,1777219557
overload,RTS,RTS,heterogeneous-smoke,task-1777219543461378893,completed,att-task-1777219543461378893-1,1,0,,att-task-1777219543461378893-1,1,completed,worker-large,,1777219551,1777219552,1777219556
overload,RTS,RTS,heterogeneous-smoke,task-1777219543462126917,completed,att-task-1777219543462126917-1,1,0,,att-task-1777219543462126917-1,1,completed,worker-large,,1777219556,1777219557,1777219561
overload,RTS,RTS,heterogeneous-smoke,task-1777219543462865865,completed,att-task-1777219543462865865-1,1,0,,att-task-1777219543462865865-1,1,completed,worker-medium,,1777219551,1777219552,1777219556
overload,RTS,RTS,heterogeneous-smoke,task-1777219543463636872,completed,att-task-1777219543463636872-1,1,0,,att-task-1777219543463636872-1,1,completed,worker-medium,,1777219561,1777219562,1777219566
overload,RTS,RTS,heterogeneous-smoke,task-1777219543464334467,completed,att-task-1777219543464334467-1,1,0,,att-task-1777219543464334467-1,1,completed,worker-large,,1777219561,1777219562,1777219565
overload,RTS,RTS,heterogeneous-smoke,task-1777219543464970929,completed,att-task-1777219543464970929-1,1,0,,att-task-1777219543464970929-1,1,completed,worker-large,,1777219566,1777219567,1777219571
overload,RTS,RTS,heterogeneous-smoke,task-1777219543465621902,completed,att-task-1777219543465621902-1,1,0,,att-task-1777219543465621902-1,1,completed,worker-medium,,1777219556,1777219557,1777219561
overload,RTS,RTS,heterogeneous-smoke,task-1777219543466174443,completed,att-task-1777219543466174443-1,1,0,,att-task-1777219543466174443-1,1,completed,worker-medium,,1777219566,1777219567,1777219571
overload,RTS,RTS,heterogeneous-smoke,task-1777219543466743839,completed,att-task-1777219543466743839-1,1,0,,att-task-1777219543466743839-1,1,completed,worker-small,,1777219556,1777219557,1777219561
overload,RTS,RTS,heterogeneous-smoke,task-1777219543467340856,completed,att-task-1777219543467340856-1,1,0,,att-task-1777219543467340856-1,1,completed,worker-small,,1777219561,1777219562,1777219566
overload,RTS,RTS,heterogeneous-smoke,task-1777219543467893410,completed,att-task-1777219543467893410-1,1,0,,att-task-1777219543467893410-1,1,completed,worker-large,,1777219566,1777219567,1777219571
overload,RTS,RTS,heterogeneous-smoke,task-1777219543468459023,completed,att-task-1777219543468459023-1,1,0,,att-task-1777219543468459023-1,1,completed,worker-large,,1777219571,1777219572,1777219575
overload,RTS,RTS,heterogeneous-smoke,task-1777219543469000559,completed,att-task-1777219543469000559-1,1,0,,att-task-1777219543469000559-1,1,completed,worker-medium,,1777219556,1777219557,1777219561
overload,RTS,RTS,heterogeneous-smoke,task-1777219543469705222,completed,att-task-1777219543469705222-1,1,0,,att-task-1777219543469705222-1,1,completed,worker-large,,1777219571,1777219572,1777219576
overload,RTS,RTS,heterogeneous-smoke,task-1777219543470468321,completed,att-task-1777219543470468321-1,1,0,,att-task-1777219543470468321-1,1,completed,worker-small,,1777219566,1777219567,1777219571
overload,RTS,RTS,heterogeneous-smoke,task-1777219543471131052,completed,att-task-1777219543471131052-1,1,0,,att-task-1777219543471131052-1,1,completed,worker-medium,,1777219571,1777219572,1777219575
overload,RTS,RTS,heterogeneous-smoke,task-1777219543471719751,completed,att-task-1777219543471719751-1,1,0,,att-task-1777219543471719751-1,1,completed,worker-small,,1777219556,1777219557,1777219561
overload,RTS,RTS,heterogeneous-smoke,task-1777219543472996162,completed,att-task-1777219543472996162-1,1,0,,att-task-1777219543472996162-1,1,completed,worker-large,,1777219576,1777219577,1777219581
overload,RTS,RTS,steady-cpu,task-1777219582888225098,completed,att-task-1777219582888225098-1,1,0,,att-task-1777219582888225098-1,1,completed,worker-large,,1777219586,1777219587,1777219590
overload,RTS,RTS,steady-cpu,task-1777219583890184910,completed,att-task-1777219583890184910-1,1,0,,att-task-1777219583890184910-1,1,completed,worker-large,,1777219586,1777219587,1777219591
overload,RTS,RTS,steady-cpu,task-1777219584892582218,completed,att-task-1777219584892582218-1,1,0,,att-task-1777219584892582218-1,1,completed,worker-small,,1777219586,1777219587,1777219590
overload,RTS,RTS,steady-cpu,task-1777219585894394311,completed,att-task-1777219585894394311-1,1,0,,att-task-1777219585894394311-1,1,completed,worker-medium,,1777219586,1777219587,1777219591
overload,RTS,RTS,steady-cpu,task-1777219586896660942,completed,att-task-1777219586896660942-1,1,0,,att-task-1777219586896660942-1,1,completed,worker-large,,1777219591,1777219592,1777219595
overload,RTS,RTS,steady-cpu,task-1777219587898337205,completed,att-task-1777219587898337205-1,1,0,,att-task-1777219587898337205-1,1,completed,worker-medium,,1777219591,1777219592,1777219596
overload,RTS,RTS,steady-cpu,task-1777219588900336808,completed,att-task-1777219588900336808-1,1,0,,att-task-1777219588900336808-1,1,completed,worker-medium,,1777219591,1777219592,1777219595
overload,RTS,RTS,steady-cpu,task-1777219589902613787,completed,att-task-1777219589902613787-1,1,0,,att-task-1777219589902613787-1,1,completed,worker-large,,1777219591,1777219592,1777219596
overload,RTS,RTS,steady-cpu,task-1777219589904864414,completed,att-task-1777219589904864414-1,1,0,,att-task-1777219589904864414-1,1,completed,worker-small,,1777219591,1777219592,1777219596
overload,RTS,RTS,steady-cpu,task-1777219590906778952,completed,att-task-1777219590906778952-1,1,0,,att-task-1777219590906778952-1,1,completed,worker-medium,,1777219596,1777219597,1777219601
overload,RTS,RTS,steady-cpu,task-1777219591909965700,completed,att-task-1777219591909965700-1,1,0,,att-task-1777219591909965700-1,1,completed,worker-large,,1777219596,1777219597,1777219600
overload,RTS,RTS,steady-cpu,task-1777219592912628205,completed,att-task-1777219592912628205-1,1,0,,att-task-1777219592912628205-1,1,completed,worker-large,,1777219596,1777219597,1777219601
overload,RTS,RTS,steady-cpu,task-1777219593914596922,completed,att-task-1777219593914596922-1,1,0,,att-task-1777219593914596922-1,1,completed,worker-medium,,1777219596,1777219597,1777219600
overload,RTS,RTS,steady-cpu,task-1777219594916719106,completed,att-task-1777219594916719106-1,1,0,,att-task-1777219594916719106-1,1,completed,worker-medium,,1777219601,1777219602,1777219606
overload,RTS,RTS,steady-cpu,task-1777219595918781912,completed,att-task-1777219595918781912-1,1,0,,att-task-1777219595918781912-1,1,completed,worker-small,,1777219596,1777219597,1777219600
overload,RTS,RTS,steady-cpu,task-1777219596920769731,completed,att-task-1777219596920769731-1,1,0,,att-task-1777219596920769731-1,1,completed,worker-large,,1777219601,1777219602,1777219606
overload,RTS,RTS,steady-cpu,task-1777219596922785347,completed,att-task-1777219596922785347-1,1,0,,att-task-1777219596922785347-1,1,completed,worker-large,,1777219601,1777219602,1777219605
overload,RTS,RTS,steady-cpu,task-1777219597924679205,completed,att-task-1777219597924679205-1,1,0,,att-task-1777219597924679205-1,1,completed,worker-medium,,1777219606,1777219607,1777219611
overload,RTS,RTS,steady-cpu,task-1777219598927605185,completed,att-task-1777219598927605185-1,1,0,,att-task-1777219598927605185-1,1,completed,worker-small,,1777219601,1777219602,1777219605
overload,RTS,RTS,steady-cpu,task-1777219599930322484,completed,att-task-1777219599930322484-1,1,0,,att-task-1777219599930322484-1,1,completed,worker-large,,1777219606,1777219607,1777219611
overload,RTS,RTS,steady-cpu,task-1777219600932622320,completed,att-task-1777219600932622320-1,1,0,,att-task-1777219600932622320-1,1,completed,worker-small,,1777219601,1777219602,1777219605
overload,RTS,RTS,steady-cpu,task-1777219601935317452,completed,att-task-1777219601935317452-1,1,0,,att-task-1777219601935317452-1,1,completed,worker-large,,1777219606,1777219612,1777219615
overload,RTS,RTS,steady-cpu,task-1777219602937847674,completed,att-task-1777219602937847674-1,1,0,,att-task-1777219602937847674-1,1,completed,worker-medium,,1777219606,1777219607,1777219610
overload,RTS,RTS,steady-cpu,task-1777219603940534500,completed,att-task-1777219603940534500-1,1,0,,att-task-1777219603940534500-1,1,completed,worker-medium,,1777219611,1777219612,1777219615
overload,RTS,RTS,steady-mixed,task-1777219616024592040,completed,att-task-1777219616024592040-1,1,0,,att-task-1777219616024592040-1,1,completed,worker-medium,,1777219616,1777219617,1777219620
overload,RTS,RTS,steady-mixed,task-1777219616776641623,completed,att-task-1777219616776641623-1,1,0,,att-task-1777219616776641623-1,1,completed,worker-medium,,1777219616,1777219617,1777219620
overload,RTS,RTS,steady-mixed,task-1777219617529386697,failed,att-task-1777219617529386697-1,1,0,,att-task-1777219617529386697-1,1,failed,worker-medium,container_failed,1777219621,1777219622,1777219625
overload,RTS,RTS,steady-mixed,task-1777219618282497363,completed,att-task-1777219618282497363-1,1,0,,att-task-1777219618282497363-1,1,completed,worker-medium,,1777219621,1777219622,1777219626
overload,RTS,RTS,steady-mixed,task-1777219619034413352,completed,att-task-1777219619034413352-1,1,0,,att-task-1777219619034413352-1,1,completed,worker-small,,1777219621,1777219622,1777219625
overload,RTS,RTS,steady-mixed,task-1777219619786287045,failed,att-task-1777219619786287045-1,1,0,,att-task-1777219619786287045-1,1,failed,worker-large,container_failed,1777219621,1777219622,1777219625
overload,RTS,RTS,steady-mixed,task-1777219620538111392,completed,att-task-1777219620538111392-1,1,0,,att-task-1777219620538111392-1,1,completed,worker-large,,1777219621,1777219622,1777219625
overload,RTS,RTS,steady-mixed,task-1777219621290826964,completed,att-task-1777219621290826964-1,1,0,,att-task-1777219621290826964-1,1,completed,worker-large,,1777219621,1777219622,1777219627
overload,RTS,RTS,steady-mixed,task-1777219621293548548,completed,att-task-1777219621293548548-1,1,0,,att-task-1777219621293548548-1,1,completed,worker-medium,,1777219626,1777219627,1777219630
overload,RTS,RTS,steady-mixed,task-1777219622045813751,completed,att-task-1777219622045813751-1,1,0,,att-task-1777219622045813751-1,1,completed,worker-large,,1777219626,1777219627,1777219630
overload,RTS,RTS,steady-mixed,task-1777219622797882397,failed,att-task-1777219622797882397-1,1,0,,att-task-1777219622797882397-1,1,failed,worker-medium,container_failed,1777219626,1777219627,1777219630
overload,RTS,RTS,steady-mixed,task-1777219623549717954,completed,att-task-1777219623549717954-1,1,0,,att-task-1777219623549717954-1,1,completed,worker-large,,1777219626,1777219627,1777219630
overload,RTS,RTS,steady-mixed,task-1777219624301931953,completed,att-task-1777219624301931953-1,1,0,,att-task-1777219624301931953-1,1,completed,worker-small,,1777219626,1777219627,1777219630
overload,RTS,RTS,steady-mixed,task-1777219625054412722,failed,att-task-1777219625054412722-1,1,0,,att-task-1777219625054412722-1,1,failed,worker-large,container_failed,1777219631,1777219632,1777219635
overload,RTS,RTS,steady-mixed,task-1777219625807051357,completed,att-task-1777219625807051357-1,1,0,,att-task-1777219625807051357-1,1,completed,worker-large,,1777219631,1777219632,1777219635
overload,RTS,RTS,steady-mixed,task-1777219626559851868,completed,att-task-1777219626559851868-1,1,0,,att-task-1777219626559851868-1,1,completed,worker-large,,1777219631,1777219632,1777219635
overload,RTS,RTS,steady-mixed,task-1777219626562618264,completed,att-task-1777219626562618264-1,1,0,,att-task-1777219626562618264-1,1,completed,worker-small,,1777219631,1777219632,1777219635
overload,RTS,RTS,steady-mixed,task-1777219627314856304,completed,att-task-1777219627314856304-1,1,0,,att-task-1777219627314856304-1,1,completed,worker-medium,,1777219631,1777219632,1777219635
overload,RTS,RTS,steady-mixed,task-1777219628067624751,failed,att-task-1777219628067624751-1,1,0,,att-task-1777219628067624751-1,1,failed,worker-large,container_failed,1777219631,1777219632,1777219635
overload,RTS,RTS,steady-mixed,task-1777219628819823012,completed,att-task-1777219628819823012-1,1,0,,att-task-1777219628819823012-1,1,completed,worker-medium,,1777219631,1777219632,1777219636
overload,RTS,RTS,steady-mixed,task-1777219629571633683,completed,att-task-1777219629571633683-1,1,0,,att-task-1777219629571633683-1,1,completed,worker-medium,,1777219636,1777219637,1777219640
overload,RTS,RTS,steady-mixed,task-1777219630323930382,failed,att-task-1777219630323930382-1,1,0,,att-task-1777219630323930382-1,1,failed,worker-medium,container_failed,1777219636,1777219637,1777219640
overload,RTS,RTS,steady-mixed,task-1777219631076963264,completed,att-task-1777219631076963264-1,1,0,,att-task-1777219631076963264-1,1,completed,worker-large,,1777219636,1777219637,1777219640
overload,RTS,RTS,steady-mixed,task-1777219631829758857,completed,att-task-1777219631829758857-1,1,0,,att-task-1777219631829758857-1,1,completed,worker-large,,1777219636,1777219637,1777219640
overload,RTS,RTS,memory-pressure,task-1777219640935665412,failed,att-task-1777219640935665412-1,1,0,,att-task-1777219640935665412-1,1,failed,worker-large,container_failed,1777219641,1777219642,1777219645
overload,RTS,RTS,memory-pressure,task-1777219641437628499,failed,att-task-1777219641437628499-1,1,0,,att-task-1777219641437628499-1,1,failed,worker-large,container_failed,1777219641,1777219642,1777219645
overload,RTS,RTS,memory-pressure,task-1777219641940237664,completed,att-task-1777219641940237664-1,1,0,,att-task-1777219641940237664-1,1,completed,worker-medium,,1777219646,1777219647,1777219650
overload,RTS,RTS,memory-pressure,task-1777219642442690031,failed,att-task-1777219642442690031-1,1,0,,att-task-1777219642442690031-1,1,failed,worker-large,container_failed,1777219646,1777219647,1777219650
overload,RTS,RTS,memory-pressure,task-1777219642944654611,completed,att-task-1777219642944654611-1,1,0,,att-task-1777219642944654611-1,1,completed,worker-medium,,1777219646,1777219647,1777219650
overload,RTS,RTS,memory-pressure,task-1777219643446833674,failed,att-task-1777219643446833674-1,1,0,,att-task-1777219643446833674-1,1,failed,worker-large,container_failed,1777219646,1777219647,1777219650
overload,RTS,RTS,memory-pressure,task-1777219643448901073,failed,att-task-1777219643448901073-1,1,0,,att-task-1777219643448901073-1,1,failed,worker-medium,container_failed,1777219651,1777219652,1777219655
overload,RTS,RTS,memory-pressure,task-1777219643950828944,failed,att-task-1777219643950828944-1,1,0,,att-task-1777219643950828944-1,1,failed,worker-large,container_failed,1777219651,1777219652,1777219655
overload,RTS,RTS,memory-pressure,task-1777219644453141510,completed,att-task-1777219644453141510-1,1,0,,att-task-1777219644453141510-1,1,completed,worker-small,,1777219646,1777219647,1777219650
overload,RTS,RTS,memory-pressure,task-1777219644955665780,failed,att-task-1777219644955665780-1,1,0,,att-task-1777219644955665780-1,1,failed,worker-large,container_failed,1777219651,1777219652,1777219655
overload,RTS,RTS,memory-pressure,task-1777219645458128081,completed,att-task-1777219645458128081-1,1,0,,att-task-1777219645458128081-1,1,completed,worker-small,,1777219651,1777219652,1777219655
overload,RTS,RTS,memory-pressure,task-1777219645960807184,failed,att-task-1777219645960807184-1,1,0,,att-task-1777219645960807184-1,1,failed,worker-medium,container_failed,1777219656,1777219657,1777219660
overload,RTS,RTS,memory-pressure,task-1777219645963166876,failed,att-task-1777219645963166876-1,1,0,,att-task-1777219645963166876-1,1,failed,worker-large,container_failed,1777219656,1777219657,1777219660
overload,RTS,RTS,memory-pressure,task-1777219646465486496,failed,att-task-1777219646465486496-1,1,0,,att-task-1777219646465486496-1,1,failed,worker-large,container_failed,1777219656,1777219657,1777219660
overload,RTS,RTS,memory-pressure,task-1777219646967893636,completed,att-task-1777219646967893636-1,1,0,,att-task-1777219646967893636-1,1,completed,worker-small,,1777219656,1777219657,1777219660
overload,RTS,RTS,memory-pressure,task-1777219647469648444,failed,att-task-1777219647469648444-1,1,0,,att-task-1777219647469648444-1,1,failed,worker-medium,container_failed,1777219661,1777219662,1777219665
overload,RTS,RTS,memory-pressure,task-1777219647972050614,completed,att-task-1777219647972050614-1,1,0,,att-task-1777219647972050614-1,1,completed,worker-large,,1777219661,1777219662,1777219665
overload,RTS,RTS,memory-pressure,task-1777219648474719107,failed,att-task-1777219648474719107-1,1,0,,att-task-1777219648474719107-1,1,failed,worker-large,container_failed,1777219661,1777219662,1777219665
overload,RTS,RTS,bursty,task-1777219666614680041,completed,att-task-1777219666614680041-1,1,0,,att-task-1777219666614680041-1,1,completed,worker-small,,1777219666,1777219667,1777219670
overload,RTS,RTS,bursty,task-1777219666616591253,completed,att-task-1777219666616591253-1,1,0,,att-task-1777219666616591253-1,1,completed,worker-medium,,1777219666,1777219667,1777219670
overload,RTS,RTS,bursty,task-1777219666617932754,failed,att-task-1777219666617932754-1,1,0,,att-task-1777219666617932754-1,1,failed,worker-medium,container_failed,1777219666,1777219667,1777219670
overload,RTS,RTS,bursty,task-1777219666619254212,completed,att-task-1777219666619254212-1,1,0,,att-task-1777219666619254212-1,1,completed,worker-large,,1777219666,1777219667,1777219671
overload,RTS,RTS,bursty,task-1777219670621003683,completed,att-task-1777219670621003683-1,1,0,,att-task-1777219670621003683-1,1,completed,worker-medium,,1777219671,1777219672,1777219675
overload,RTS,RTS,bursty,task-1777219670623148649,completed,att-task-1777219670623148649-1,1,0,,att-task-1777219670623148649-1,1,completed,worker-large,,1777219671,1777219672,1777219675
overload,RTS,RTS,bursty,task-1777219670624830550,completed,att-task-1777219670624830550-1,1,0,,att-task-1777219670624830550-1,1,completed,worker-medium,,1777219671,1777219672,1777219675
overload,RTS,RTS,bursty,task-1777219674626876100,failed,att-task-1777219674626876100-1,1,0,,att-task-1777219674626876100-1,1,failed,worker-medium,container_failed,1777219676,1777219677,1777219680
overload,RTS,RTS,bursty,task-1777219674629071412,completed,att-task-1777219674629071412-1,1,0,,att-task-1777219674629071412-1,1,completed,worker-medium,,1777219676,1777219677,1777219680
overload,RTS,RTS,bursty,task-1777219674630957376,completed,att-task-1777219674630957376-1,1,0,,att-task-1777219674630957376-1,1,completed,worker-large,,1777219676,1777219677,1777219681
overload,RTS,RTS,bursty,task-1777219674632475445,completed,att-task-1777219674632475445-1,1,0,,att-task-1777219674632475445-1,1,completed,worker-large,,1777219676,1777219677,1777219680
overload,RTS,RTS,bursty,task-1777219674633927665,completed,att-task-1777219674633927665-1,1,0,,att-task-1777219674633927665-1,1,completed,worker-large,,1777219676,1777219677,1777219680
overload,RTS,RTS,bursty,task-1777219674635516922,failed,att-task-1777219674635516922-1,1,0,,att-task-1777219674635516922-1,1,failed,worker-small,container_failed,1777219676,1777219677,1777219680
overload,RTS,RTS,bursty,task-1777219674636694448,completed,att-task-1777219674636694448-1,1,0,,att-task-1777219674636694448-1,1,completed,worker-medium,,1777219681,1777219682,1777219686
overload,RTS,RTS,bursty,task-1777219678637962225,completed,att-task-1777219678637962225-1,1,0,,att-task-1777219678637962225-1,1,completed,worker-small,,1777219681,1777219682,1777219685
overload,RTS,RTS,bursty,task-1777219678640518003,completed,att-task-1777219678640518003-1,1,0,,att-task-1777219678640518003-1,1,completed,worker-large,,1777219681,1777219682,1777219686
overload,RTS,RTS,bursty,task-1777219678642222145,completed,att-task-1777219678642222145-1,1,0,,att-task-1777219678642222145-1,1,completed,worker-medium,,1777219681,1777219682,1777219685
overload,RTS,RTS,bursty,task-1777219682644054597,failed,att-task-1777219682644054597-1,1,0,,att-task-1777219682644054597-1,1,failed,worker-medium,container_failed,1777219686,1777219687,1777219690
overload,RTS,RTS,bursty,task-1777219682646242606,completed,att-task-1777219682646242606-1,1,0,,att-task-1777219682646242606-1,1,completed,worker-medium,,1777219686,1777219687,1777219690
overload,RTS,RTS,bursty,task-1777219682647998223,completed,att-task-1777219682647998223-1,1,0,,att-task-1777219682647998223-1,1,completed,worker-large,,1777219686,1777219687,1777219691
overload,RTS,RTS,bursty,task-1777219682649344120,completed,att-task-1777219682649344120-1,1,0,,att-task-1777219682649344120-1,1,completed,worker-large,,1777219686,1777219687,1777219691
overload,RTS,RTS,bursty,task-1777219682650631374,completed,att-task-1777219682650631374-1,1,0,,att-task-1777219682650631374-1,1,completed,worker-small,,1777219686,1777219687,1777219690
overload,RTS,RTS,bursty,task-1777219682652488195,failed,att-task-1777219682652488195-1,1,0,,att-task-1777219682652488195-1,1,failed,worker-large,container_failed,1777219686,1777219687,1777219690
overload,RTS,RTS,bursty,task-1777219682654676180,completed,att-task-1777219682654676180-1,1,0,,att-task-1777219682654676180-1,1,completed,worker-medium,,1777219691,1777219692,1777219696
overload,RTS,RTS,bursty,task-1777219686656818982,completed,att-task-1777219686656818982-1,1,0,,att-task-1777219686656818982-1,1,completed,worker-small,,1777219691,1777219692,1777219695
overload,RTS,RTS,bursty,task-1777219686659707797,completed,att-task-1777219686659707797-1,1,0,,att-task-1777219686659707797-1,1,completed,worker-large,,1777219691,1777219692,1777219696
overload,RTS,RTS,bursty,task-1777219686661473589,completed,att-task-1777219686661473589-1,1,0,,att-task-1777219686661473589-1,1,completed,worker-large,,1777219691,1777219692,1777219695
overload,RTS,RTS,bursty,task-1777219690663412631,failed,att-task-1777219690663412631-1,1,0,,att-task-1777219690663412631-1,1,failed,worker-large,container_failed,1777219691,1777219692,1777219695
overload,RTS,RTS,bursty,task-1777219690665692778,completed,att-task-1777219690665692778-1,1,0,,att-task-1777219690665692778-1,1,completed,worker-medium,,1777219696,1777219697,1777219700
overload,RTS,RTS,bursty,task-1777219690667083737,completed,att-task-1777219690667083737-1,1,0,,att-task-1777219690667083737-1,1,completed,worker-large,,1777219696,1777219697,1777219702
overload,RTS,RTS,long-tail,task-1777219702824024905,completed,att-task-1777219702824024905-1,1,0,,att-task-1777219702824024905-1,1,completed,worker-large,,1777219706,1777219712,1777219716
overload,RTS,RTS,long-tail,task-1777219703325498083,completed,att-task-1777219703325498083-1,1,0,,att-task-1777219703325498083-1,1,completed,worker-large,,1777219706,1777219707,1777219711
overload,RTS,RTS,long-tail,task-1777219703828024379,completed,att-task-1777219703828024379-1,1,0,,att-task-1777219703828024379-1,1,completed,worker-small,,1777219706,1777219707,1777219710
overload,RTS,RTS,long-tail,task-1777219704330636702,completed,att-task-1777219704330636702-1,1,0,,att-task-1777219704330636702-1,1,completed,worker-medium,,1777219706,1777219717,1777219718
overload,RTS,RTS,long-tail,task-1777219704833093688,failed,att-task-1777219704833093688-1,1,0,,att-task-1777219704833093688-1,1,failed,worker-medium,container_failed,1777219706,1777219707,1777219710
overload,RTS,RTS,long-tail,task-1777219705335855273,completed,att-task-1777219705335855273-1,1,0,,att-task-1777219705335855273-1,1,completed,worker-large,,1777219711,1777219712,1777219716
overload,RTS,RTS,long-tail,task-1777219705338467821,completed,att-task-1777219705338467821-1,1,0,,att-task-1777219705338467821-1,1,completed,worker-medium,,1777219711,1777219717,1777219721
overload,RTS,RTS,long-tail,task-1777219705840782251,completed,att-task-1777219705840782251-1,1,0,,att-task-1777219705840782251-1,1,completed,worker-large,,1777219716,1777219717,1777219721
overload,RTS,RTS,long-tail,task-1777219706343776507,completed,att-task-1777219706343776507-1,1,0,,att-task-1777219706343776507-1,1,completed,worker-small,,1777219711,1777219712,1777219715
overload,RTS,RTS,long-tail,task-1777219706846716269,completed,att-task-1777219706846716269-1,1,0,,att-task-1777219706846716269-1,1,completed,worker-large,,1777219716,1777219727,1777219728
overload,RTS,RTS,long-tail,task-1777219707348959610,failed,att-task-1777219707348959610-1,1,0,,att-task-1777219707348959610-1,1,failed,worker-medium,container_failed,1777219721,1777219722,1777219725
overload,RTS,RTS,long-tail,task-1777219707851793499,completed,att-task-1777219707851793499-1,1,0,,att-task-1777219707851793499-1,1,completed,worker-large,,1777219721,1777219722,1777219726
overload,RTS,RTS,long-tail,task-1777219707853429720,completed,att-task-1777219707853429720-1,1,0,,att-task-1777219707853429720-1,1,completed,worker-small,,1777219716,1777219722,1777219726
overload,RTS,RTS,long-tail,task-1777219708354799839,completed,att-task-1777219708354799839-1,1,0,,att-task-1777219708354799839-1,1,completed,worker-large,,1777219726,1777219727,1777219731
overload,RTS,RTS,long-tail,task-1777219708856576820,completed,att-task-1777219708856576820-1,1,0,,att-task-1777219708856576820-1,1,completed,worker-medium,,1777219726,1777219727,1777219730
overload,RTS,RTS,long-tail,task-1777219709358955047,completed,att-task-1777219709358955047-1,1,0,,att-task-1777219709358955047-1,1,completed,worker-medium,,1777219721,1777219732,1777219733
overload,RTS,RTS,long-tail,task-1777219709861579681,failed,att-task-1777219709861579681-1,1,0,,att-task-1777219709861579681-1,1,failed,worker-large,container_failed,1777219731,1777219732,1777219736
overload,RTS,RTS,long-tail,task-1777219710364305752,completed,att-task-1777219710364305752-1,1,0,,att-task-1777219710364305752-1,1,completed,worker-large,,1777219731,1777219732,1777219737
overload,PPO-pretrained,PPO,heterogeneous-smoke,task-1777219737631467896,completed,att-task-1777219737631467896-1,1,0,,att-task-1777219737631467896-1,1,completed,worker-large,,1777219741,1777219742,1777219746
overload,PPO-pretrained,PPO,heterogeneous-smoke,task-1777219737633252660,completed,att-task-1777219737633252660-1,1,0,,att-task-1777219737633252660-1,1,completed,worker-large,,1777219741,1777219742,1777219747
overload,PPO-pretrained,PPO,heterogeneous-smoke,task-1777219737634994066,completed,att-task-1777219737634994066-1,1,0,,att-task-1777219737634994066-1,1,completed,worker-large,,1777219741,1777219742,1777219746
overload,PPO-pretrained,PPO,heterogeneous-smoke,task-1777219737636464621,completed,att-task-1777219737636464621-1,1,0,,att-task-1777219737636464621-1,1,completed,worker-medium,,1777219741,1777219742,1777219746
overload,PPO-pretrained,PPO,heterogeneous-smoke,task-1777219737637894570,completed,att-task-1777219737637894570-1,1,0,,att-task-1777219737637894570-1,1,completed,worker-large,,1777219741,1777219742,1777219746
overload,PPO-pretrained,PPO,heterogeneous-smoke,task-1777219737639215350,completed,att-task-1777219737639215350-1,1,0,,att-task-1777219737639215350-1,1,completed,worker-large,,1777219746,1777219747,1777219751
overload,PPO-pretrained,PPO,heterogeneous-smoke,task-1777219737640467668,completed,att-task-1777219737640467668-1,1,0,,att-task-1777219737640467668-1,1,completed,worker-medium,,1777219741,1777219742,1777219746
overload,PPO-pretrained,PPO,heterogeneous-smoke,task-1777219737641826179,completed,att-task-1777219737641826179-1,1,0,,att-task-1777219737641826179-1,1,completed,worker-medium,,1777219746,1777219747,1777219751
overload,PPO-pretrained,PPO,heterogeneous-smoke,task-1777219737643165444,completed,att-task-1777219737643165444-1,1,0,,att-task-1777219737643165444-1,1,completed,worker-small,,1777219741,1777219742,1777219746
overload,PPO-pretrained,PPO,heterogeneous-smoke,task-1777219737644507411,completed,att-task-1777219737644507411-1,1,0,,att-task-1777219737644507411-1,1,completed,worker-large,,1777219751,1777219752,1777219756
overload,PPO-pretrained,PPO,heterogeneous-smoke,task-1777219737645787200,completed,att-task-1777219737645787200-1,1,0,,att-task-1777219737645787200-1,1,completed,worker-small,,1777219741,1777219742,1777219746
overload,PPO-pretrained,PPO,heterogeneous-smoke,task-1777219737647000553,completed,att-task-1777219737647000553-1,1,0,,att-task-1777219737647000553-1,1,completed,worker-small,,1777219746,1777219747,1777219751
overload,PPO-pretrained,PPO,heterogeneous-smoke,task-1777219737648189797,completed,att-task-1777219737648189797-1,1,0,,att-task-1777219737648189797-1,1,completed,worker-large,,1777219751,1777219752,1777219756
overload,PPO-pretrained,PPO,heterogeneous-smoke,task-1777219737649201257,completed,att-task-1777219737649201257-1,1,0,,att-task-1777219737649201257-1,1,completed,worker-medium,,1777219751,1777219752,1777219756
overload,PPO-pretrained,PPO,heterogeneous-smoke,task-1777219737650483546,completed,att-task-1777219737650483546-1,1,0,,att-task-1777219737650483546-1,1,completed,worker-large,,1777219741,1777219742,1777219746
overload,PPO-pretrained,PPO,heterogeneous-smoke,task-1777219737651593875,completed,att-task-1777219737651593875-1,1,0,,att-task-1777219737651593875-1,1,completed,worker-large,,1777219756,1777219757,1777219761
overload,PPO-pretrained,PPO,heterogeneous-smoke,task-1777219737652479689,completed,att-task-1777219737652479689-1,1,0,,att-task-1777219737652479689-1,1,completed,worker-medium,,1777219751,1777219752,1777219756
overload,PPO-pretrained,PPO,heterogeneous-smoke,task-1777219737653256543,completed,att-task-1777219737653256543-1,1,0,,att-task-1777219737653256543-1,1,completed,worker-medium,,1777219756,1777219757,1777219761
overload,PPO-pretrained,PPO,heterogeneous-smoke,task-1777219737654068114,completed,att-task-1777219737654068114-1,1,0,,att-task-1777219737654068114-1,1,completed,worker-large,,1777219746,1777219747,1777219751
overload,PPO-pretrained,PPO,heterogeneous-smoke,task-1777219737655291903,completed,att-task-1777219737655291903-1,1,0,,att-task-1777219737655291903-1,1,completed,worker-large,,1777219761,1777219762,1777219766
overload,PPO-pretrained,PPO,heterogeneous-smoke,task-1777219737656232779,completed,att-task-1777219737656232779-1,1,0,,att-task-1777219737656232779-1,1,completed,worker-small,,1777219751,1777219752,1777219756
overload,PPO-pretrained,PPO,heterogeneous-smoke,task-1777219737657461762,completed,att-task-1777219737657461762-1,1,0,,att-task-1777219737657461762-1,1,completed,worker-large,,1777219756,1777219757,1777219761
overload,PPO-pretrained,PPO,heterogeneous-smoke,task-1777219737658258861,completed,att-task-1777219737658258861-1,1,0,,att-task-1777219737658258861-1,1,completed,worker-small,,1777219756,1777219757,1777219761
overload,PPO-pretrained,PPO,heterogeneous-smoke,task-1777219737658985166,completed,att-task-1777219737658985166-1,1,0,,att-task-1777219737658985166-1,1,completed,worker-medium,,1777219761,1777219762,1777219766
overload,PPO-pretrained,PPO,heterogeneous-smoke,task-1777219737659729394,completed,att-task-1777219737659729394-1,1,0,,att-task-1777219737659729394-1,1,completed,worker-small,,1777219751,1777219752,1777219756
overload,PPO-pretrained,PPO,heterogeneous-smoke,task-1777219737660471404,completed,att-task-1777219737660471404-1,1,0,,att-task-1777219737660471404-1,1,completed,worker-large,,1777219766,1777219767,1777219771
overload,PPO-pretrained,PPO,heterogeneous-smoke,task-1777219737661190073,completed,att-task-1777219737661190073-1,1,0,,att-task-1777219737661190073-1,1,completed,worker-medium,,1777219761,1777219762,1777219765
overload,PPO-pretrained,PPO,heterogeneous-smoke,task-1777219737662224874,completed,att-task-1777219737662224874-1,1,0,,att-task-1777219737662224874-1,1,completed,worker-medium,,1777219766,1777219767,1777219771
overload,PPO-pretrained,PPO,heterogeneous-smoke,task-1777219737663193255,completed,att-task-1777219737663193255-1,1,0,,att-task-1777219737663193255-1,1,completed,worker-large,,1777219756,1777219757,1777219761
overload,PPO-pretrained,PPO,heterogeneous-smoke,task-1777219737664047794,completed,att-task-1777219737664047794-1,1,0,,att-task-1777219737664047794-1,1,completed,worker-large,,1777219771,1777219772,1777219776
overload,PPO-pretrained,PPO,steady-cpu,task-1777219777195893657,completed,att-task-1777219777195893657-1,1,0,,att-task-1777219777195893657-1,1,completed,worker-large,,1777219781,1777219782,1777219785
overload,PPO-pretrained,PPO,steady-cpu,task-1777219778198069715,completed,att-task-1777219778198069715-1,1,0,,att-task-1777219778198069715-1,1,completed,worker-large,,1777219781,1777219782,1777219786
overload,PPO-pretrained,PPO,steady-cpu,task-1777219779200855849,completed,att-task-1777219779200855849-1,1,0,,att-task-1777219779200855849-1,1,completed,worker-large,,1777219781,1777219782,1777219785
overload,PPO-pretrained,PPO,steady-cpu,task-1777219780203670447,completed,att-task-1777219780203670447-1,1,0,,att-task-1777219780203670447-1,1,completed,worker-medium,,1777219781,1777219782,1777219786
overload,PPO-pretrained,PPO,steady-cpu,task-1777219781206145717,completed,att-task-1777219781206145717-1,1,0,,att-task-1777219781206145717-1,1,completed,worker-large,,1777219781,1777219782,1777219785
overload,PPO-pretrained,PPO,steady-cpu,task-1777219782208874065,completed,att-task-1777219782208874065-1,1,0,,att-task-1777219782208874065-1,1,completed,worker-large,,1777219786,1777219787,1777219791
overload,PPO-pretrained,PPO,steady-cpu,task-1777219783211340276,completed,att-task-1777219783211340276-1,1,0,,att-task-1777219783211340276-1,1,completed,worker-large,,1777219786,1777219787,1777219790
overload,PPO-pretrained,PPO,steady-cpu,task-1777219784214175838,completed,att-task-1777219784214175838-1,1,0,,att-task-1777219784214175838-1,1,completed,worker-medium,,1777219786,1777219787,1777219791
overload,PPO-pretrained,PPO,steady-cpu,task-1777219784216552555,completed,att-task-1777219784216552555-1,1,0,,att-task-1777219784216552555-1,1,completed,worker-large,,1777219786,1777219787,1777219790
overload,PPO-pretrained,PPO,steady-cpu,task-1777219785218665084,completed,att-task-1777219785218665084-1,1,0,,att-task-1777219785218665084-1,1,completed,worker-large,,1777219791,1777219792,1777219795
overload,PPO-pretrained,PPO,steady-cpu,task-1777219786221972333,completed,att-task-1777219786221972333-1,1,0,,att-task-1777219786221972333-1,1,completed,worker-large,,1777219786,1777219787,1777219790
overload,PPO-pretrained,PPO,steady-cpu,task-1777219787224293412,completed,att-task-1777219787224293412-1,1,0,,att-task-1777219787224293412-1,1,completed,worker-large,,1777219791,1777219792,1777219796
overload,PPO-pretrained,PPO,steady-cpu,task-1777219788226864643,completed,att-task-1777219788226864643-1,1,0,,att-task-1777219788226864643-1,1,completed,worker-medium,,1777219791,1777219797,1777219798
overload,PPO-pretrained,PPO,steady-cpu,task-1777219789229562876,completed,att-task-1777219789229562876-1,1,0,,att-task-1777219789229562876-1,1,completed,worker-medium,,1777219791,1777219797,1777219799
overload,PPO-pretrained,PPO,steady-cpu,task-1777219790231694301,completed,att-task-1777219790231694301-1,1,0,,att-task-1777219790231694301-1,1,completed,worker-small,,1777219791,1777219792,1777219795
overload,PPO-pretrained,PPO,steady-cpu,task-1777219791256866239,completed,att-task-1777219791256866239-1,1,0,,att-task-1777219791256866239-1,1,completed,worker-large,,1777219796,1777219797,1777219801
overload,PPO-pretrained,PPO,steady-cpu,task-1777219791258659832,completed,att-task-1777219791258659832-1,1,0,,att-task-1777219791258659832-1,1,completed,worker-small,,1777219791,1777219792,1777219795
overload,PPO-pretrained,PPO,steady-cpu,task-1777219792260087985,completed,att-task-1777219792260087985-1,1,0,,att-task-1777219792260087985-1,1,completed,worker-large,,1777219796,1777219797,1777219800
overload,PPO-pretrained,PPO,steady-cpu,task-1777219793262089978,completed,att-task-1777219793262089978-1,1,0,,att-task-1777219793262089978-1,1,completed,worker-small,,1777219796,1777219797,1777219800
overload,PPO-pretrained,PPO,steady-cpu,task-1777219794264220862,completed,att-task-1777219794264220862-1,1,0,,att-task-1777219794264220862-1,1,completed,worker-large,,1777219801,1777219802,1777219806
overload,PPO-pretrained,PPO,steady-cpu,task-1777219795266413579,completed,att-task-1777219795266413579-1,1,0,,att-task-1777219795266413579-1,1,completed,worker-small,,1777219796,1777219797,1777219800
overload,PPO-pretrained,PPO,steady-cpu,task-1777219796268978450,completed,att-task-1777219796268978450-1,1,0,,att-task-1777219796268978450-1,1,completed,worker-large,,1777219801,1777219802,1777219807
overload,PPO-pretrained,PPO,steady-cpu,task-1777219797270948634,completed,att-task-1777219797270948634-1,1,0,,att-task-1777219797270948634-1,1,completed,worker-medium,,1777219801,1777219802,1777219806
overload,PPO-pretrained,PPO,steady-cpu,task-1777219798273628548,completed,att-task-1777219798273628548-1,1,0,,att-task-1777219798273628548-1,1,completed,worker-medium,,1777219801,1777219802,1777219806
overload,PPO-pretrained,PPO,steady-mixed,task-1777219807372169310,completed,att-task-1777219807372169310-1,1,0,,att-task-1777219807372169310-1,1,completed,worker-large,,1777219811,1777219812,1777219815
overload,PPO-pretrained,PPO,steady-mixed,task-1777219808124344732,completed,att-task-1777219808124344732-1,1,0,,att-task-1777219808124344732-1,1,completed,worker-large,,1777219811,1777219812,1777219816
overload,PPO-pretrained,PPO,steady-mixed,task-1777219808877036350,failed,att-task-1777219808877036350-1,1,0,,att-task-1777219808877036350-1,1,failed,worker-large,container_failed,1777219811,1777219812,1777219815
overload,PPO-pretrained,PPO,steady-mixed,task-1777219809629508276,completed,att-task-1777219809629508276-1,1,0,,att-task-1777219809629508276-1,1,completed,worker-medium,,1777219811,1777219812,1777219816
overload,PPO-pretrained,PPO,steady-mixed,task-1777219810382009438,completed,att-task-1777219810382009438-1,1,0,,att-task-1777219810382009438-1,1,completed,worker-small,,1777219811,1777219812,1777219816
overload,PPO-pretrained,PPO,steady-mixed,task-1777219811134440340,failed,att-task-1777219811134440340-1,1,0,,att-task-1777219811134440340-1,1,failed,worker-large,container_failed,1777219811,1777219812,1777219816
overload,PPO-pretrained,PPO,steady-mixed,task-1777219811887058914,completed,att-task-1777219811887058914-1,1,0,,att-task-1777219811887058914-1,1,completed,worker-large,,1777219816,1777219817,1777219820
overload,PPO-pretrained,PPO,steady-mixed,task-1777219812638943329,completed,att-task-1777219812638943329-1,1,0,,att-task-1777219812638943329-1,1,completed,worker-large,,1777219816,1777219817,1777219820
overload,PPO-pretrained,PPO,steady-mixed,task-1777219812641159178,completed,att-task-1777219812641159178-1,1,0,,att-task-1777219812641159178-1,1,completed,worker-large,,1777219816,1777219817,1777219820
overload,PPO-pretrained,PPO,steady-mixed,task-1777219813393129948,completed,att-task-1777219813393129948-1,1,0,,att-task-1777219813393129948-1,1,completed,worker-large,,1777219816,1777219817,1777219820
overload,PPO-pretrained,PPO,steady-mixed,task-1777219814145780022,failed,att-task-1777219814145780022-1,1,0,,att-task-1777219814145780022-1,1,failed,worker-medium,container_failed,1777219816,1777219817,1777219820
overload,PPO-pretrained,PPO,steady-mixed,task-1777219814898043637,completed,att-task-1777219814898043637-1,1,0,,att-task-1777219814898043637-1,1,completed,worker-medium,,1777219816,1777219817,1777219821
overload,PPO-pretrained,PPO,steady-mixed,task-1777219815650414546,completed,att-task-1777219815650414546-1,1,0,,att-task-1777219815650414546-1,1,completed,worker-small,,1777219816,1777219817,1777219820
overload,PPO-pretrained,PPO,steady-mixed,task-1777219816403476084,failed,att-task-1777219816403476084-1,1,0,,att-task-1777219816403476084-1,1,failed,worker-large,container_failed,1777219821,1777219822,1777219825
overload,PPO-pretrained,PPO,steady-mixed,task-1777219817155951021,completed,att-task-1777219817155951021-1,1,0,,att-task-1777219817155951021-1,1,completed,worker-large,,1777219821,1777219822,1777219825
overload,PPO-pretrained,PPO,steady-mixed,task-1777219817908334912,completed,att-task-1777219817908334912-1,1,0,,att-task-1777219817908334912-1,1,completed,worker-large,,1777219821,1777219822,1777219825
overload,PPO-pretrained,PPO,steady-mixed,task-1777219817910412277,completed,att-task-1777219817910412277-1,1,0,,att-task-1777219817910412277-1,1,completed,worker-medium,,1777219821,1777219822,1777219825
overload,PPO-pretrained,PPO,steady-mixed,task-1777219818662290995,completed,att-task-1777219818662290995-1,1,0,,att-task-1777219818662290995-1,1,completed,worker-large,,1777219821,1777219822,1777219825
overload,PPO-pretrained,PPO,steady-mixed,task-1777219819414933691,failed,att-task-1777219819414933691-1,1,0,,att-task-1777219819414933691-1,1,failed,worker-medium,container_failed,1777219821,1777219822,1777219825
overload,PPO-pretrained,PPO,steady-mixed,task-1777219820172069373,completed,att-task-1777219820172069373-1,1,0,,att-task-1777219820172069373-1,1,completed,worker-large,,1777219826,1777219832,1777219834
overload,PPO-pretrained,PPO,steady-mixed,task-1777219820925128379,completed,att-task-1777219820925128379-1,1,0,,att-task-1777219820925128379-1,1,completed,worker-small,,1777219821,1777219822,1777219825
overload,PPO-pretrained,PPO,steady-mixed,task-1777219821678536056,failed,att-task-1777219821678536056-1,1,0,,att-task-1777219821678536056-1,1,failed,worker-large,container_failed,1777219826,1777219832,1777219834
overload,PPO-pretrained,PPO,steady-mixed,task-1777219822431066910,completed,att-task-1777219822431066910-1,1,0,,att-task-1777219822431066910-1,1,completed,worker-large,,1777219826,1777219832,1777219834
overload,PPO-pretrained,PPO,steady-mixed,task-1777219823183821106,completed,att-task-1777219823183821106-1,1,0,,att-task-1777219823183821106-1,1,completed,worker-medium,,1777219826,1777219832,1777219834
overload,PPO-pretrained,PPO,memory-pressure,task-1777219835277838760,failed,att-task-1777219835277838760-1,1,0,,att-task-1777219835277838760-1,1,failed,worker-large,container_failed,1777219836,1777219837,1777219840
overload,PPO-pretrained,PPO,memory-pressure,task-1777219835779456934,failed,att-task-1777219835779456934-1,1,0,,att-task-1777219835779456934-1,1,failed,worker-large,container_failed,1777219836,1777219837,1777219840
overload,PPO-pretrained,PPO,memory-pressure,task-1777219836281597241,completed,att-task-1777219836281597241-1,1,0,,att-task-1777219836281597241-1,1,completed,worker-medium,,1777219836,1777219837,1777219840
overload,PPO-pretrained,PPO,memory-pressure,task-1777219836784060969,failed,att-task-1777219836784060969-1,1,0,,att-task-1777219836784060969-1,1,failed,worker-large,container_failed,1777219841,1777219842,1777219845
overload,PPO-pretrained,PPO,memory-pressure,task-1777219837286486860,completed,att-task-1777219837286486860-1,1,0,,att-task-1777219837286486860-1,1,completed,worker-large,,1777219841,1777219842,1777219845
overload,PPO-pretrained,PPO,memory-pressure,task-1777219837788747782,failed,att-task-1777219837788747782-1,1,0,,att-task-1777219837788747782-1,1,failed,worker-medium,container_failed,1777219841,1777219842,1777219845
overload,PPO-pretrained,PPO,memory-pressure,task-1777219837790220936,failed,att-task-1777219837790220936-1,1,0,,att-task-1777219837790220936-1,1,failed,worker-large,container_failed,1777219846,1777219847,1777219850
overload,PPO-pretrained,PPO,memory-pressure,task-1777219838291936050,failed,att-task-1777219838291936050-1,1,0,,att-task-1777219838291936050-1,1,failed,worker-large,container_failed,1777219846,1777219847,1777219850
overload,PPO-pretrained,PPO,memory-pressure,task-1777219838794216639,completed,att-task-1777219838794216639-1,1,0,,att-task-1777219838794216639-1,1,completed,worker-small,,1777219841,1777219842,1777219845
overload,PPO-pretrained,PPO,memory-pressure,task-1777219839296661496,failed,att-task-1777219839296661496-1,1,0,,att-task-1777219839296661496-1,1,failed,worker-medium,container_failed,1777219846,1777219847,1777219850
overload,PPO-pretrained,PPO,memory-pressure,task-1777219839799542656,completed,att-task-1777219839799542656-1,1,0,,att-task-1777219839799542656-1,1,completed,worker-small,,1777219846,1777219847,1777219850
overload,PPO-pretrained,PPO,memory-pressure,task-1777219840319721862,failed,att-task-1777219840319721862-1,1,0,,att-task-1777219840319721862-1,1,failed,worker-large,container_failed,1777219851,1777219852,1777219856
overload,PPO-pretrained,PPO,memory-pressure,task-1777219840321869920,failed,att-task-1777219840321869920-1,1,0,,att-task-1777219840321869920-1,1,failed,worker-large,container_failed,1777219851,1777219852,1777219856
overload,PPO-pretrained,PPO,memory-pressure,task-1777219840823831478,failed,att-task-1777219840823831478-1,1,0,,att-task-1777219840823831478-1,1,failed,worker-medium,container_failed,1777219851,1777219852,1777219856
overload,PPO-pretrained,PPO,memory-pressure,task-1777219841326705588,completed,att-task-1777219841326705588-1,1,0,,att-task-1777219841326705588-1,1,completed,worker-small,,1777219851,1777219852,1777219856
overload,PPO-pretrained,PPO,memory-pressure,task-1777219841829233688,failed,att-task-1777219841829233688-1,1,0,,att-task-1777219841829233688-1,1,failed,worker-large,container_failed,1777219856,1777219857,1777219860
overload,PPO-pretrained,PPO,memory-pressure,task-1777219842332269542,completed,att-task-1777219842332269542-1,1,0,,att-task-1777219842332269542-1,1,completed,worker-large,,1777219856,1777219857,1777219860
overload,PPO-pretrained,PPO,memory-pressure,task-1777219842835132882,failed,att-task-1777219842835132882-1,1,0,,att-task-1777219842835132882-1,1,failed,worker-medium,container_failed,1777219856,1777219857,1777219860
overload,PPO-pretrained,PPO,bursty,task-1777219861011786043,completed,att-task-1777219861011786043-1,1,0,,att-task-1777219861011786043-1,1,completed,worker-large,,1777219861,1777219862,1777219866
overload,PPO-pretrained,PPO,bursty,task-1777219861012848488,completed,att-task-1777219861012848488-1,1,0,,att-task-1777219861012848488-1,1,completed,worker-large,,1777219861,1777219862,1777219866
overload,PPO-pretrained,PPO,bursty,task-1777219861013682709,failed,att-task-1777219861013682709-1,1,0,,att-task-1777219861013682709-1,1,failed,worker-large,container_failed,1777219861,1777219862,1777219866
overload,PPO-pretrained,PPO,bursty,task-1777219861014489692,completed,att-task-1777219861014489692-1,1,0,,att-task-1777219861014489692-1,1,completed,worker-medium,,1777219861,1777219862,1777219866
overload,PPO-pretrained,PPO,bursty,task-1777219865015860714,completed,att-task-1777219865015860714-1,1,0,,att-task-1777219865015860714-1,1,completed,worker-large,,1777219866,1777219867,1777219870
overload,PPO-pretrained,PPO,bursty,task-1777219865018138780,completed,att-task-1777219865018138780-1,1,0,,att-task-1777219865018138780-1,1,completed,worker-large,,1777219866,1777219867,1777219871
overload,PPO-pretrained,PPO,bursty,task-1777219865019677911,completed,att-task-1777219865019677911-1,1,0,,att-task-1777219865019677911-1,1,completed,worker-large,,1777219866,1777219867,1777219870
overload,PPO-pretrained,PPO,bursty,task-1777219869021908708,failed,att-task-1777219869021908708-1,1,0,,att-task-1777219869021908708-1,1,failed,worker-large,container_failed,1777219871,1777219872,1777219875
overload,PPO-pretrained,PPO,bursty,task-1777219869024206771,completed,att-task-1777219869024206771-1,1,0,,att-task-1777219869024206771-1,1,completed,worker-large,,1777219871,1777219872,1777219875
overload,PPO-pretrained,PPO,bursty,task-1777219869025864251,completed,att-task-1777219869025864251-1,1,0,,att-task-1777219869025864251-1,1,completed,worker-medium,,1777219871,1777219872,1777219876
overload,PPO-pretrained,PPO,bursty,task-1777219869027206483,completed,att-task-1777219869027206483-1,1,0,,att-task-1777219869027206483-1,1,completed,worker-large,,1777219871,1777219872,1777219875
overload,PPO-pretrained,PPO,bursty,task-1777219869028591086,completed,att-task-1777219869028591086-1,1,0,,att-task-1777219869028591086-1,1,completed,worker-small,,1777219871,1777219872,1777219875
overload,PPO-pretrained,PPO,bursty,task-1777219869029891264,failed,att-task-1777219869029891264-1,1,0,,att-task-1777219869029891264-1,1,failed,worker-large,container_failed,1777219871,1777219872,1777219875
overload,PPO-pretrained,PPO,bursty,task-1777219869031123462,completed,att-task-1777219869031123462-1,1,0,,att-task-1777219869031123462-1,1,completed,worker-large,,1777219876,1777219877,1777219881
overload,PPO-pretrained,PPO,bursty,task-1777219873032638436,completed,att-task-1777219873032638436-1,1,0,,att-task-1777219873032638436-1,1,completed,worker-large,,1777219876,1777219877,1777219881
overload,PPO-pretrained,PPO,bursty,task-1777219873034677126,completed,att-task-1777219873034677126-1,1,0,,att-task-1777219873034677126-1,1,completed,worker-medium,,1777219876,1777219877,1777219881
overload,PPO-pretrained,PPO,bursty,task-1777219873035759952,completed,att-task-1777219873035759952-1,1,0,,att-task-1777219873035759952-1,1,completed,worker-large,,1777219876,1777219877,1777219881
overload,PPO-pretrained,PPO,bursty,task-1777219877037061747,failed,att-task-1777219877037061747-1,1,0,,att-task-1777219877037061747-1,1,failed,worker-large,container_failed,1777219881,1777219882,1777219885
overload,PPO-pretrained,PPO,bursty,task-1777219877039485671,completed,att-task-1777219877039485671-1,1,0,,att-task-1777219877039485671-1,1,completed,worker-large,,1777219881,1777219882,1777219885
overload,PPO-pretrained,PPO,bursty,task-1777219877041192484,completed,att-task-1777219877041192484-1,1,0,,att-task-1777219877041192484-1,1,completed,worker-medium,,1777219881,1777219882,1777219886
overload,PPO-pretrained,PPO,bursty,task-1777219877042890207,completed,att-task-1777219877042890207-1,1,0,,att-task-1777219877042890207-1,1,completed,worker-large,,1777219881,1777219882,1777219886
overload,PPO-pretrained,PPO,bursty,task-1777219877044202867,completed,att-task-1777219877044202867-1,1,0,,att-task-1777219877044202867-1,1,completed,worker-small,,1777219881,1777219882,1777219885
overload,PPO-pretrained,PPO,bursty,task-1777219877045588922,failed,att-task-1777219877045588922-1,1,0,,att-task-1777219877045588922-1,1,failed,worker-large,container_failed,1777219881,1777219882,1777219885
overload,PPO-pretrained,PPO,bursty,task-1777219877047091154,completed,att-task-1777219877047091154-1,1,0,,att-task-1777219877047091154-1,1,completed,worker-large,,1777219886,1777219887,1777219891
overload,PPO-pretrained,PPO,bursty,task-1777219881048828312,completed,att-task-1777219881048828312-1,1,0,,att-task-1777219881048828312-1,1,completed,worker-large,,1777219886,1777219887,1777219890
overload,PPO-pretrained,PPO,bursty,task-1777219881051267407,completed,att-task-1777219881051267407-1,1,0,,att-task-1777219881051267407-1,1,completed,worker-medium,,1777219886,1777219887,1777219891
overload,PPO-pretrained,PPO,bursty,task-1777219881053152720,completed,att-task-1777219881053152720-1,1,0,,att-task-1777219881053152720-1,1,completed,worker-medium,,1777219881,1777219882,1777219886
overload,PPO-pretrained,PPO,bursty,task-1777219885054921029,failed,att-task-1777219885054921029-1,1,0,,att-task-1777219885054921029-1,1,failed,worker-medium,container_failed,1777219886,1777219887,1777219890
overload,PPO-pretrained,PPO,bursty,task-1777219885056850500,completed,att-task-1777219885056850500-1,1,0,,att-task-1777219885056850500-1,1,completed,worker-small,,1777219886,1777219887,1777219890
overload,PPO-pretrained,PPO,bursty,task-1777219885058548586,completed,att-task-1777219885058548586-1,1,0,,att-task-1777219885058548586-1,1,completed,worker-large,,1777219891,1777219892,1777219896
overload,PPO-pretrained,PPO,long-tail,task-1777219897196280336,completed,att-task-1777219897196280336-1,1,0,,att-task-1777219897196280336-1,1,completed,worker-large,,1777219901,1777219907,1777219911
overload,PPO-pretrained,PPO,long-tail,task-1777219897698366580,completed,att-task-1777219897698366580-1,1,0,,att-task-1777219897698366580-1,1,completed,worker-large,,1777219901,1777219902,1777219906
overload,PPO-pretrained,PPO,long-tail,task-1777219898200893363,completed,att-task-1777219898200893363-1,1,0,,att-task-1777219898200893363-1,1,completed,worker-medium,,1777219901,1777219902,1777219906
overload,PPO-pretrained,PPO,long-tail,task-1777219898703772125,completed,att-task-1777219898703772125-1,1,0,,att-task-1777219898703772125-1,1,completed,worker-medium,,1777219901,1777219912,1777219913
overload,PPO-pretrained,PPO,long-tail,task-1777219899206645194,failed,att-task-1777219899206645194-1,1,0,,att-task-1777219899206645194-1,1,failed,worker-medium,container_failed,1777219906,1777219907,1777219910
overload,PPO-pretrained,PPO,long-tail,task-1777219899709546437,completed,att-task-1777219899709546437-1,1,0,,att-task-1777219899709546437-1,1,completed,worker-large,,1777219906,1777219907,1777219911
overload,PPO-pretrained,PPO,long-tail,task-1777219899711771918,completed,att-task-1777219899711771918-1,1,0,,att-task-1777219899711771918-1,1,completed,worker-small,,1777219901,1777219907,1777219911
overload,PPO-pretrained,PPO,long-tail,task-1777219900213360612,completed,att-task-1777219900213360612-1,1,0,,att-task-1777219900213360612-1,1,completed,worker-large,,1777219911,1777219912,1777219916
overload,PPO-pretrained,PPO,long-tail,task-1777219900715853190,completed,att-task-1777219900715853190-1,1,0,,att-task-1777219900715853190-1,1,completed,worker-medium,,1777219911,1777219912,1777219915
overload,PPO-pretrained,PPO,long-tail,task-1777219901218438209,completed,att-task-1777219901218438209-1,1,0,,att-task-1777219901218438209-1,1,completed,worker-large,,1777219911,1777219922,1777219923
overload,PPO-pretrained,PPO,long-tail,task-1777219901721019781,failed,att-task-1777219901721019781-1,1,0,,att-task-1777219901721019781-1,1,failed,worker-large,container_failed,1777219916,1777219917,1777219920
overload,PPO-pretrained,PPO,long-tail,task-1777219902223758037,completed,att-task-1777219902223758037-1,1,0,,att-task-1777219902223758037-1,1,completed,worker-medium,,1777219916,1777219917,1777219921
overload,PPO-pretrained,PPO,long-tail,task-1777219902226056175,completed,att-task-1777219902226056175-1,1,0,,att-task-1777219902226056175-1,1,completed,worker-small,,1777219911,1777219917,1777219921
overload,PPO-pretrained,PPO,long-tail,task-1777219902728201086,completed,att-task-1777219902728201086-1,1,0,,att-task-1777219902728201086-1,1,completed,worker-large,,1777219921,1777219922,1777219926
overload,PPO-pretrained,PPO,long-tail,task-1777219903231043129,completed,att-task-1777219903231043129-1,1,0,,att-task-1777219903231043129-1,1,completed,worker-large,,1777219916,1777219917,1777219920
overload,PPO-pretrained,PPO,long-tail,task-1777219903733554314,completed,att-task-1777219903733554314-1,1,0,,att-task-1777219903733554314-1,1,completed,worker-medium,,1777219921,1777219932,1777219933
overload,PPO-pretrained,PPO,long-tail,task-1777219904236241278,failed,att-task-1777219904236241278-1,1,0,,att-task-1777219904236241278-1,1,failed,worker-medium,container_failed,1777219921,1777219922,1777219925
overload,PPO-pretrained,PPO,long-tail,task-1777219904738853404,completed,att-task-1777219904738853404-1,1,0,,att-task-1777219904738853404-1,1,completed,worker-large,,1777219926,1777219927,1777219931
overload,PPO-adapted,PPO,heterogeneous-smoke,task-1777219934983291599,completed,att-task-1777219934983291599-1,1,0,,att-task-1777219934983291599-1,1,completed,worker-large,,1777219936,1777219937,1777219941
overload,PPO-adapted,PPO,heterogeneous-smoke,task-1777219934984908015,completed,att-task-1777219934984908015-1,1,0,,att-task-1777219934984908015-1,1,completed,worker-large,,1777219936,1777219937,1777219941
overload,PPO-adapted,PPO,heterogeneous-smoke,task-1777219934985853898,completed,att-task-1777219934985853898-1,1,0,,att-task-1777219934985853898-1,1,completed,worker-large,,1777219936,1777219937,1777219941
overload,PPO-adapted,PPO,heterogeneous-smoke,task-1777219934986665323,completed,att-task-1777219934986665323-1,1,0,,att-task-1777219934986665323-1,1,completed,worker-medium,,1777219936,1777219937,1777219941
overload,PPO-adapted,PPO,heterogeneous-smoke,task-1777219934987422102,completed,att-task-1777219934987422102-1,1,0,,att-task-1777219934987422102-1,1,completed,worker-large,,1777219936,1777219937,1777219942
overload,PPO-adapted,PPO,heterogeneous-smoke,task-1777219934988844884,completed,att-task-1777219934988844884-1,1,0,,att-task-1777219934988844884-1,1,completed,worker-large,,1777219941,1777219942,1777219946
overload,PPO-adapted,PPO,heterogeneous-smoke,task-1777219934990731647,completed,att-task-1777219934990731647-1,1,0,,att-task-1777219934990731647-1,1,completed,worker-medium,,1777219936,1777219937,1777219941
overload,PPO-adapted,PPO,heterogeneous-smoke,task-1777219934992581616,completed,att-task-1777219934992581616-1,1,0,,att-task-1777219934992581616-1,1,completed,worker-medium,,1777219941,1777219942,1777219945
overload,PPO-adapted,PPO,heterogeneous-smoke,task-1777219934994758549,completed,att-task-1777219934994758549-1,1,0,,att-task-1777219934994758549-1,1,completed,worker-small,,1777219936,1777219937,1777219941
overload,PPO-adapted,PPO,heterogeneous-smoke,task-1777219934996665085,completed,att-task-1777219934996665085-1,1,0,,att-task-1777219934996665085-1,1,completed,worker-large,,1777219946,1777219947,1777219951
overload,PPO-adapted,PPO,heterogeneous-smoke,task-1777219934998661164,completed,att-task-1777219934998661164-1,1,0,,att-task-1777219934998661164-1,1,completed,worker-small,,1777219936,1777219937,1777219941
overload,PPO-adapted,PPO,heterogeneous-smoke,task-1777219935001521571,completed,att-task-1777219935001521571-1,1,0,,att-task-1777219935001521571-1,1,completed,worker-small,,1777219941,1777219942,1777219946
overload,PPO-adapted,PPO,heterogeneous-smoke,task-1777219935003670360,completed,att-task-1777219935003670360-1,1,0,,att-task-1777219935003670360-1,1,completed,worker-large,,1777219946,1777219947,1777219951
overload,PPO-adapted,PPO,heterogeneous-smoke,task-1777219935005460239,completed,att-task-1777219935005460239-1,1,0,,att-task-1777219935005460239-1,1,completed,worker-medium,,1777219946,1777219947,1777219951
overload,PPO-adapted,PPO,heterogeneous-smoke,task-1777219935006900034,completed,att-task-1777219935006900034-1,1,0,,att-task-1777219935006900034-1,1,completed,worker-large,,1777219936,1777219937,1777219942
overload,PPO-adapted,PPO,heterogeneous-smoke,task-1777219935008434106,completed,att-task-1777219935008434106-1,1,0,,att-task-1777219935008434106-1,1,completed,worker-large,,1777219951,1777219952,1777219956
overload,PPO-adapted,PPO,heterogeneous-smoke,task-1777219935010156562,completed,att-task-1777219935010156562-1,1,0,,att-task-1777219935010156562-1,1,completed,worker-medium,,1777219946,1777219947,1777219950
overload,PPO-adapted,PPO,heterogeneous-smoke,task-1777219935011962755,completed,att-task-1777219935011962755-1,1,0,,att-task-1777219935011962755-1,1,completed,worker-medium,,1777219951,1777219952,1777219956
overload,PPO-adapted,PPO,heterogeneous-smoke,task-1777219935013740540,completed,att-task-1777219935013740540-1,1,0,,att-task-1777219935013740540-1,1,completed,worker-small,,1777219946,1777219947,1777219951
overload,PPO-adapted,PPO,heterogeneous-smoke,task-1777219935015649810,completed,att-task-1777219935015649810-1,1,0,,att-task-1777219935015649810-1,1,completed,worker-large,,1777219956,1777219957,1777219961
overload,PPO-adapted,PPO,heterogeneous-smoke,task-1777219935017388570,completed,att-task-1777219935017388570-1,1,0,,att-task-1777219935017388570-1,1,completed,worker-large,,1777219941,1777219942,1777219945
overload,PPO-adapted,PPO,heterogeneous-smoke,task-1777219935019107511,completed,att-task-1777219935019107511-1,1,0,,att-task-1777219935019107511-1,1,completed,worker-large,,1777219951,1777219952,1777219956
overload,PPO-adapted,PPO,heterogeneous-smoke,task-1777219935020677773,completed,att-task-1777219935020677773-1,1,0,,att-task-1777219935020677773-1,1,completed,worker-small,,1777219951,1777219952,1777219955
overload,PPO-adapted,PPO,heterogeneous-smoke,task-1777219935021888155,completed,att-task-1777219935021888155-1,1,0,,att-task-1777219935021888155-1,1,completed,worker-medium,,1777219956,1777219957,1777219960
overload,PPO-adapted,PPO,heterogeneous-smoke,task-1777219935022767416,completed,att-task-1777219935022767416-1,1,0,,att-task-1777219935022767416-1,1,completed,worker-small,,1777219946,1777219947,1777219951
overload,PPO-adapted,PPO,heterogeneous-smoke,task-1777219935023792046,completed,att-task-1777219935023792046-1,1,0,,att-task-1777219935023792046-1,1,completed,worker-large,,1777219961,1777219962,1777219966
overload,PPO-adapted,PPO,heterogeneous-smoke,task-1777219935024628978,completed,att-task-1777219935024628978-1,1,0,,att-task-1777219935024628978-1,1,completed,worker-medium,,1777219956,1777219957,1777219960
overload,PPO-adapted,PPO,heterogeneous-smoke,task-1777219935025453480,completed,att-task-1777219935025453480-1,1,0,,att-task-1777219935025453480-1,1,completed,worker-medium,,1777219961,1777219962,1777219965
overload,PPO-adapted,PPO,heterogeneous-smoke,task-1777219935026377560,completed,att-task-1777219935026377560-1,1,0,,att-task-1777219935026377560-1,1,completed,worker-large,,1777219951,1777219952,1777219955
overload,PPO-adapted,PPO,heterogeneous-smoke,task-1777219935027347549,completed,att-task-1777219935027347549-1,1,0,,att-task-1777219935027347549-1,1,completed,worker-large,,1777219966,1777219967,1777219971
overload,PPO-adapted,PPO,steady-cpu,task-1777219974566016738,completed,att-task-1777219974566016738-1,1,0,,att-task-1777219974566016738-1,1,completed,worker-large,,1777219976,1777219977,1777219980
overload,PPO-adapted,PPO,steady-cpu,task-1777219975567513033,completed,att-task-1777219975567513033-1,1,0,,att-task-1777219975567513033-1,1,completed,worker-large,,1777219976,1777219977,1777219980
overload,PPO-adapted,PPO,steady-cpu,task-1777219976569650830,completed,att-task-1777219976569650830-1,1,0,,att-task-1777219976569650830-1,1,completed,worker-large,,1777219976,1777219977,1777219980
overload,PPO-adapted,PPO,steady-cpu,task-1777219977572027081,completed,att-task-1777219977572027081-1,1,0,,att-task-1777219977572027081-1,1,completed,worker-large,,1777219981,1777219982,1777219986
overload,PPO-adapted,PPO,steady-cpu,task-1777219978574813916,completed,att-task-1777219978574813916-1,1,0,,att-task-1777219978574813916-1,1,completed,worker-large,,1777219981,1777219982,1777219985
overload,PPO-adapted,PPO,steady-cpu,task-1777219979577706970,completed,att-task-1777219979577706970-1,1,0,,att-task-1777219979577706970-1,1,completed,worker-medium,,1777219981,1777219982,1777219986
overload,PPO-adapted,PPO,steady-cpu,task-1777219980580054518,completed,att-task-1777219980580054518-1,1,0,,att-task-1777219980580054518-1,1,completed,worker-large,,1777219981,1777219982,1777219985
overload,PPO-adapted,PPO,steady-cpu,task-1777219981582666694,completed,att-task-1777219981582666694-1,1,0,,att-task-1777219981582666694-1,1,completed,worker-large,,1777219986,1777219987,1777219991
overload,PPO-adapted,PPO,steady-cpu,task-1777219981584662509,completed,att-task-1777219981584662509-1,1,0,,att-task-1777219981584662509-1,1,completed,worker-large,,1777219981,1777219982,1777219986
overload,PPO-adapted,PPO,steady-cpu,task-1777219982586604294,completed,att-task-1777219982586604294-1,1,0,,att-task-1777219982586604294-1,1,completed,worker-large,,1777219986,1777219987,1777219991
overload,PPO-adapted,PPO,steady-cpu,task-1777219983589222963,completed,att-task-1777219983589222963-1,1,0,,att-task-1777219983589222963-1,1,completed,worker-medium,,1777219986,1777219987,1777219991
overload,PPO-adapted,PPO,steady-cpu,task-1777219984591304139,completed,att-task-1777219984591304139-1,1,0,,att-task-1777219984591304139-1,1,completed,worker-large,,1777219991,1777219992,1777219996
overload,PPO-adapted,PPO,steady-cpu,task-1777219985593430484,completed,att-task-1777219985593430484-1,1,0,,att-task-1777219985593430484-1,1,completed,worker-small,,1777219986,1777219987,1777219991
overload,PPO-adapted,PPO,steady-cpu,task-1777219986596547690,completed,att-task-1777219986596547690-1,1,0,,att-task-1777219986596547690-1,1,completed,worker-large,,1777219991,1777219992,1777219996
overload,PPO-adapted,PPO,steady-cpu,task-1777219987599818358,completed,att-task-1777219987599818358-1,1,0,,att-task-1777219987599818358-1,1,completed,worker-medium,,1777219991,1777219992,1777219996
overload,PPO-adapted,PPO,steady-cpu,task-1777219988602320001,completed,att-task-1777219988602320001-1,1,0,,att-task-1777219988602320001-1,1,completed,worker-medium,,1777219991,1777219992,1777219996
overload,PPO-adapted,PPO,steady-cpu,task-1777219988604714289,completed,att-task-1777219988604714289-1,1,0,,att-task-1777219988604714289-1,1,completed,worker-small,,1777219991,1777219992,1777219996
overload,PPO-adapted,PPO,steady-cpu,task-1777219989607039729,completed,att-task-1777219989607039729-1,1,0,,att-task-1777219989607039729-1,1,completed,worker-large,,1777219996,1777219997,1777220001
overload,PPO-adapted,PPO,steady-cpu,task-1777219990609927898,completed,att-task-1777219990609927898-1,1,0,,att-task-1777219990609927898-1,1,completed,worker-small,,1777219991,1777219992,1777219996
overload,PPO-adapted,PPO,steady-cpu,task-1777219991613360623,completed,att-task-1777219991613360623-1,1,0,,att-task-1777219991613360623-1,1,completed,worker-large,,1777219996,1777219997,1777220001
overload,PPO-adapted,PPO,steady-cpu,task-1777219992616574230,completed,att-task-1777219992616574230-1,1,0,,att-task-1777219992616574230-1,1,completed,worker-medium,,1777219996,1777219997,1777220001
overload,PPO-adapted,PPO,steady-cpu,task-1777219993619608823,completed,att-task-1777219993619608823-1,1,0,,att-task-1777219993619608823-1,1,completed,worker-medium,,1777219996,1777219997,1777220001
overload,PPO-adapted,PPO,steady-cpu,task-1777219994622849327,completed,att-task-1777219994622849327-1,1,0,,att-task-1777219994622849327-1,1,completed,worker-small,,1777219996,1777219997,1777220001
overload,PPO-adapted,PPO,steady-cpu,task-1777219995625945252,completed,att-task-1777219995625945252-1,1,0,,att-task-1777219995625945252-1,1,completed,worker-large,,1777220001,1777220002,1777220006
overload,PPO-adapted,PPO,steady-mixed,task-1777220007761114575,completed,att-task-1777220007761114575-1,1,0,,att-task-1777220007761114575-1,1,completed,worker-large,,1777220011,1777220012,1777220015
overload,PPO-adapted,PPO,steady-mixed,task-1777220008513700991,completed,att-task-1777220008513700991-1,1,0,,att-task-1777220008513700991-1,1,completed,worker-large,,1777220011,1777220012,1777220015
overload,PPO-adapted,PPO,steady-mixed,task-1777220009266459995,failed,att-task-1777220009266459995-1,1,0,,att-task-1777220009266459995-1,1,failed,worker-large,container_failed,1777220011,1777220012,1777220015
overload,PPO-adapted,PPO,steady-mixed,task-1777220010019192359,completed,att-task-1777220010019192359-1,1,0,,att-task-1777220010019192359-1,1,completed,worker-medium,,1777220011,1777220012,1777220015
overload,PPO-adapted,PPO,steady-mixed,task-1777220010771712784,completed,att-task-1777220010771712784-1,1,0,,att-task-1777220010771712784-1,1,completed,worker-small,,1777220011,1777220012,1777220015
overload,PPO-adapted,PPO,steady-mixed,task-1777220011523923945,failed,att-task-1777220011523923945-1,1,0,,att-task-1777220011523923945-1,1,failed,worker-large,container_failed,1777220011,1777220012,1777220015
overload,PPO-adapted,PPO,steady-mixed,task-1777220012276307030,completed,att-task-1777220012276307030-1,1,0,,att-task-1777220012276307030-1,1,completed,worker-large,,1777220016,1777220017,1777220020
overload,PPO-adapted,PPO,steady-mixed,task-1777220013028578741,completed,att-task-1777220013028578741-1,1,0,,att-task-1777220013028578741-1,1,completed,worker-large,,1777220016,1777220017,1777220020
overload,PPO-adapted,PPO,steady-mixed,task-1777220013030213303,completed,att-task-1777220013030213303-1,1,0,,att-task-1777220013030213303-1,1,completed,worker-large,,1777220016,1777220017,1777220020
overload,PPO-adapted,PPO,steady-mixed,task-1777220013782139687,completed,att-task-1777220013782139687-1,1,0,,att-task-1777220013782139687-1,1,completed,worker-large,,1777220016,1777220017,1777220021
overload,PPO-adapted,PPO,steady-mixed,task-1777220014534650849,failed,att-task-1777220014534650849-1,1,0,,att-task-1777220014534650849-1,1,failed,worker-medium,container_failed,1777220016,1777220017,1777220020
overload,PPO-adapted,PPO,steady-mixed,task-1777220015287888964,completed,att-task-1777220015287888964-1,1,0,,att-task-1777220015287888964-1,1,completed,worker-medium,,1777220016,1777220017,1777220020
overload,PPO-adapted,PPO,steady-mixed,task-1777220016041203106,completed,att-task-1777220016041203106-1,1,0,,att-task-1777220016041203106-1,1,completed,worker-small,,1777220016,1777220017,1777220020
overload,PPO-adapted,PPO,steady-mixed,task-1777220016793905547,failed,att-task-1777220016793905547-1,1,0,,att-task-1777220016793905547-1,1,failed,worker-large,container_failed,1777220021,1777220022,1777220025
overload,PPO-adapted,PPO,steady-mixed,task-1777220017546772157,completed,att-task-1777220017546772157-1,1,0,,att-task-1777220017546772157-1,1,completed,worker-large,,1777220021,1777220022,1777220025
overload,PPO-adapted,PPO,steady-mixed,task-1777220018299948317,completed,att-task-1777220018299948317-1,1,0,,att-task-1777220018299948317-1,1,completed,worker-large,,1777220021,1777220022,1777220025
overload,PPO-adapted,PPO,steady-mixed,task-1777220018302542776,completed,att-task-1777220018302542776-1,1,0,,att-task-1777220018302542776-1,1,completed,worker-medium,,1777220021,1777220022,1777220025
overload,PPO-adapted,PPO,steady-mixed,task-1777220019055133455,completed,att-task-1777220019055133455-1,1,0,,att-task-1777220019055133455-1,1,completed,worker-large,,1777220021,1777220022,1777220025
overload,PPO-adapted,PPO,steady-mixed,task-1777220019808327873,failed,att-task-1777220019808327873-1,1,0,,att-task-1777220019808327873-1,1,failed,worker-medium,container_failed,1777220021,1777220022,1777220025
overload,PPO-adapted,PPO,steady-mixed,task-1777220020560662060,completed,att-task-1777220020560662060-1,1,0,,att-task-1777220020560662060-1,1,completed,worker-large,,1777220026,1777220027,1777220031
overload,PPO-adapted,PPO,steady-mixed,task-1777220021314118142,completed,att-task-1777220021314118142-1,1,0,,att-task-1777220021314118142-1,1,completed,worker-small,,1777220021,1777220022,1777220025
overload,PPO-adapted,PPO,steady-mixed,task-1777220022067033947,failed,att-task-1777220022067033947-1,1,0,,att-task-1777220022067033947-1,1,failed,worker-large,container_failed,1777220026,1777220027,1777220030
overload,PPO-adapted,PPO,steady-mixed,task-1777220022819886535,completed,att-task-1777220022819886535-1,1,0,,att-task-1777220022819886535-1,1,completed,worker-large,,1777220026,1777220027,1777220030
overload,PPO-adapted,PPO,steady-mixed,task-1777220023572789084,completed,att-task-1777220023572789084-1,1,0,,att-task-1777220023572789084-1,1,completed,worker-medium,,1777220026,1777220027,1777220030
overload,PPO-adapted,PPO,memory-pressure,task-1777220032688667024,failed,att-task-1777220032688667024-1,1,0,,att-task-1777220032688667024-1,1,failed,worker-large,container_failed,1777220036,1777220037,1777220040
overload,PPO-adapted,PPO,memory-pressure,task-1777220033190874749,failed,att-task-1777220033190874749-1,1,0,,att-task-1777220033190874749-1,1,failed,worker-large,container_failed,1777220036,1777220037,1777220040
overload,PPO-adapted,PPO,memory-pressure,task-1777220033693774417,completed,att-task-1777220033693774417-1,1,0,,att-task-1777220033693774417-1,1,completed,worker-medium,,1777220036,1777220037,1777220041
overload,PPO-adapted,PPO,memory-pressure,task-1777220034196609816,failed,att-task-1777220034196609816-1,1,0,,att-task-1777220034196609816-1,1,failed,worker-large,container_failed,1777220041,1777220042,1777220046
overload,PPO-adapted,PPO,memory-pressure,task-1777220034699744881,completed,att-task-1777220034699744881-1,1,0,,att-task-1777220034699744881-1,1,completed,worker-medium,,1777220036,1777220037,1777220041
overload,PPO-adapted,PPO,memory-pressure,task-1777220035202776180,failed,att-task-1777220035202776180-1,1,0,,att-task-1777220035202776180-1,1,failed,worker-large,container_failed,1777220041,1777220042,1777220046
overload,PPO-adapted,PPO,memory-pressure,task-1777220035205441598,failed,att-task-1777220035205441598-1,1,0,,att-task-1777220035205441598-1,1,failed,worker-medium,container_failed,1777220041,1777220042,1777220046
overload,PPO-adapted,PPO,memory-pressure,task-1777220035707805356,failed,att-task-1777220035707805356-1,1,0,,att-task-1777220035707805356-1,1,failed,worker-large,container_failed,1777220046,1777220047,1777220050
overload,PPO-adapted,PPO,memory-pressure,task-1777220036210766922,completed,att-task-1777220036210766922-1,1,0,,att-task-1777220036210766922-1,1,completed,worker-small,,1777220036,1777220037,1777220041
overload,PPO-adapted,PPO,memory-pressure,task-1777220036714027671,failed,att-task-1777220036714027671-1,1,0,,att-task-1777220036714027671-1,1,failed,worker-large,container_failed,1777220046,1777220047,1777220050
overload,PPO-adapted,PPO,memory-pressure,task-1777220037217140265,completed,att-task-1777220037217140265-1,1,0,,att-task-1777220037217140265-1,1,completed,worker-small,,1777220041,1777220042,1777220046
overload,PPO-adapted,PPO,memory-pressure,task-1777220037719730416,failed,att-task-1777220037719730416-1,1,0,,att-task-1777220037719730416-1,1,failed,worker-medium,container_failed,1777220046,1777220047,1777220050
overload,PPO-adapted,PPO,memory-pressure,task-1777220037721791641,failed,att-task-1777220037721791641-1,1,0,,att-task-1777220037721791641-1,1,failed,worker-large,container_failed,1777220051,1777220052,1777220055
overload,PPO-adapted,PPO,memory-pressure,task-1777220038223417404,failed,att-task-1777220038223417404-1,1,0,,att-task-1777220038223417404-1,1,failed,worker-large,container_failed,1777220051,1777220052,1777220055
overload,PPO-adapted,PPO,memory-pressure,task-1777220038725984898,completed,att-task-1777220038725984898-1,1,0,,att-task-1777220038725984898-1,1,completed,worker-small,,1777220046,1777220047,1777220050
overload,PPO-adapted,PPO,memory-pressure,task-1777220039229110631,failed,att-task-1777220039229110631-1,1,0,,att-task-1777220039229110631-1,1,failed,worker-medium,container_failed,1777220051,1777220052,1777220055
overload,PPO-adapted,PPO,memory-pressure,task-1777220039731978464,completed,att-task-1777220039731978464-1,1,0,,att-task-1777220039731978464-1,1,completed,worker-small,,1777220051,1777220052,1777220055
overload,PPO-adapted,PPO,memory-pressure,task-1777220040252727960,failed,att-task-1777220040252727960-1,1,0,,att-task-1777220040252727960-1,1,failed,worker-large,container_failed,1777220056,1777220057,1777220060
overload,PPO-adapted,PPO,bursty,task-1777220061533165690,completed,att-task-1777220061533165690-1,1,0,,att-task-1777220061533165690-1,1,completed,worker-large,,1777220061,1777220062,1777220065
overload,PPO-adapted,PPO,bursty,task-1777220061534842551,completed,att-task-1777220061534842551-1,1,0,,att-task-1777220061534842551-1,1,completed,worker-large,,1777220061,1777220062,1777220065
overload,PPO-adapted,PPO,bursty,task-1777220061536279608,failed,att-task-1777220061536279608-1,1,0,,att-task-1777220061536279608-1,1,failed,worker-large,container_failed,1777220061,1777220062,1777220065
overload,PPO-adapted,PPO,bursty,task-1777220061538176708,completed,att-task-1777220061538176708-1,1,0,,att-task-1777220061538176708-1,1,completed,worker-medium,,1777220061,1777220062,1777220066
overload,PPO-adapted,PPO,bursty,task-1777220065540602189,completed,att-task-1777220065540602189-1,1,0,,att-task-1777220065540602189-1,1,completed,worker-large,,1777220066,1777220067,1777220071
overload,PPO-adapted,PPO,bursty,task-1777220065543855160,completed,att-task-1777220065543855160-1,1,0,,att-task-1777220065543855160-1,1,completed,worker-large,,1777220066,1777220067,1777220071
overload,PPO-adapted,PPO,bursty,task-1777220065545737704,completed,att-task-1777220065545737704-1,1,0,,att-task-1777220065545737704-1,1,completed,worker-large,,1777220066,1777220067,1777220071
overload,PPO-adapted,PPO,bursty,task-1777220069547880049,failed,att-task-1777220069547880049-1,1,0,,att-task-1777220069547880049-1,1,failed,worker-large,container_failed,1777220071,1777220072,1777220075
overload,PPO-adapted,PPO,bursty,task-1777220069550666608,completed,att-task-1777220069550666608-1,1,0,,att-task-1777220069550666608-1,1,completed,worker-large,,1777220071,1777220072,1777220075
overload,PPO-adapted,PPO,bursty,task-1777220069552549441,completed,att-task-1777220069552549441-1,1,0,,att-task-1777220069552549441-1,1,completed,worker-medium,,1777220071,1777220072,1777220076
overload,PPO-adapted,PPO,bursty,task-1777220069554178880,completed,att-task-1777220069554178880-1,1,0,,att-task-1777220069554178880-1,1,completed,worker-large,,1777220071,1777220072,1777220075
overload,PPO-adapted,PPO,bursty,task-1777220069555707568,completed,att-task-1777220069555707568-1,1,0,,att-task-1777220069555707568-1,1,completed,worker-small,,1777220071,1777220072,1777220075
overload,PPO-adapted,PPO,bursty,task-1777220069557059793,failed,att-task-1777220069557059793-1,1,0,,att-task-1777220069557059793-1,1,failed,worker-large,container_failed,1777220071,1777220072,1777220075
overload,PPO-adapted,PPO,bursty,task-1777220069558422764,completed,att-task-1777220069558422764-1,1,0,,att-task-1777220069558422764-1,1,completed,worker-large,,1777220076,1777220077,1777220081
overload,PPO-adapted,PPO,bursty,task-1777220073560251601,completed,att-task-1777220073560251601-1,1,0,,att-task-1777220073560251601-1,1,completed,worker-large,,1777220076,1777220077,1777220080
overload,PPO-adapted,PPO,bursty,task-1777220073562765694,completed,att-task-1777220073562765694-1,1,0,,att-task-1777220073562765694-1,1,completed,worker-medium,,1777220076,1777220077,1777220081
overload,PPO-adapted,PPO,bursty,task-1777220073564934231,completed,att-task-1777220073564934231-1,1,0,,att-task-1777220073564934231-1,1,completed,worker-large,,1777220076,1777220077,1777220080
overload,PPO-adapted,PPO,bursty,task-1777220077567011020,failed,att-task-1777220077567011020-1,1,0,,att-task-1777220077567011020-1,1,failed,worker-large,container_failed,1777220081,1777220082,1777220085
overload,PPO-adapted,PPO,bursty,task-1777220077569553640,completed,att-task-1777220077569553640-1,1,0,,att-task-1777220077569553640-1,1,completed,worker-large,,1777220081,1777220082,1777220085
overload,PPO-adapted,PPO,bursty,task-1777220077571664654,completed,att-task-1777220077571664654-1,1,0,,att-task-1777220077571664654-1,1,completed,worker-medium,,1777220081,1777220082,1777220086
overload,PPO-adapted,PPO,bursty,task-1777220077573240701,completed,att-task-1777220077573240701-1,1,0,,att-task-1777220077573240701-1,1,completed,worker-large,,1777220081,1777220082,1777220085
overload,PPO-adapted,PPO,bursty,task-1777220077574864543,completed,att-task-1777220077574864543-1,1,0,,att-task-1777220077574864543-1,1,completed,worker-small,,1777220081,1777220082,1777220085
overload,PPO-adapted,PPO,bursty,task-1777220077576558969,failed,att-task-1777220077576558969-1,1,0,,att-task-1777220077576558969-1,1,failed,worker-large,container_failed,1777220081,1777220082,1777220085
overload,PPO-adapted,PPO,bursty,task-1777220077578747353,completed,att-task-1777220077578747353-1,1,0,,att-task-1777220077578747353-1,1,completed,worker-large,,1777220086,1777220087,1777220091
overload,PPO-adapted,PPO,bursty,task-1777220081580894934,completed,att-task-1777220081580894934-1,1,0,,att-task-1777220081580894934-1,1,completed,worker-large,,1777220086,1777220087,1777220090
overload,PPO-adapted,PPO,bursty,task-1777220081583884967,completed,att-task-1777220081583884967-1,1,0,,att-task-1777220081583884967-1,1,completed,worker-medium,,1777220086,1777220087,1777220091
overload,PPO-adapted,PPO,bursty,task-1777220081585702049,completed,att-task-1777220081585702049-1,1,0,,att-task-1777220081585702049-1,1,completed,worker-medium,,1777220081,1777220082,1777220085
overload,PPO-adapted,PPO,bursty,task-1777220085587916849,failed,att-task-1777220085587916849-1,1,0,,att-task-1777220085587916849-1,1,failed,worker-medium,container_failed,1777220086,1777220087,1777220090
overload,PPO-adapted,PPO,bursty,task-1777220085591321203,completed,att-task-1777220085591321203-1,1,0,,att-task-1777220085591321203-1,1,completed,worker-small,,1777220086,1777220087,1777220090
overload,PPO-adapted,PPO,bursty,task-1777220085616922988,completed,att-task-1777220085616922988-1,1,0,,att-task-1777220085616922988-1,1,completed,worker-large,,1777220091,1777220092,1777220095
overload,PPO-adapted,PPO,long-tail,task-1777220097813578811,completed,att-task-1777220097813578811-1,1,0,,att-task-1777220097813578811-1,1,completed,worker-large,,1777220101,1777220107,1777220112
overload,PPO-adapted,PPO,long-tail,task-1777220098315351761,completed,att-task-1777220098315351761-1,1,0,,att-task-1777220098315351761-1,1,completed,worker-large,,1777220101,1777220102,1777220106
overload,PPO-adapted,PPO,long-tail,task-1777220098817788051,completed,att-task-1777220098817788051-1,1,0,,att-task-1777220098817788051-1,1,completed,worker-medium,,1777220101,1777220102,1777220106
overload,PPO-adapted,PPO,long-tail,task-1777220099320165255,completed,att-task-1777220099320165255-1,1,0,,att-task-1777220099320165255-1,1,completed,worker-medium,,1777220101,1777220112,1777220114
overload,PPO-adapted,PPO,long-tail,task-1777220099822975146,failed,att-task-1777220099822975146-1,1,0,,att-task-1777220099822975146-1,1,failed,worker-medium,container_failed,1777220106,1777220107,1777220110
overload,PPO-adapted,PPO,long-tail,task-1777220100325621506,completed,att-task-1777220100325621506-1,1,0,,att-task-1777220100325621506-1,1,completed,worker-large,,1777220111,1777220112,1777220116
overload,PPO-adapted,PPO,long-tail,task-1777220100327897533,completed,att-task-1777220100327897533-1,1,0,,att-task-1777220100327897533-1,1,completed,worker-small,,1777220101,1777220107,1777220112
overload,PPO-adapted,PPO,long-tail,task-1777220100829829231,completed,att-task-1777220100829829231-1,1,0,,att-task-1777220100829829231-1,1,completed,worker-large,,1777220116,1777220117,1777220121
overload,PPO-adapted,PPO,long-tail,task-1777220101332540106,completed,att-task-1777220101332540106-1,1,0,,att-task-1777220101332540106-1,1,completed,worker-medium,,1777220111,1777220112,1777220115
overload,PPO-adapted,PPO,long-tail,task-1777220101835263833,completed,att-task-1777220101835263833-1,1,0,,att-task-1777220101835263833-1,1,completed,worker-large,,1777220116,1777220127,1777220128
overload,PPO-adapted,PPO,long-tail,task-1777220102337960707,failed,att-task-1777220102337960707-1,1,0,,att-task-1777220102337960707-1,1,failed,worker-medium,container_failed,1777220116,1777220117,1777220120
overload,PPO-adapted,PPO,long-tail,task-1777220102840733209,completed,att-task-1777220102840733209-1,1,0,,att-task-1777220102840733209-1,1,completed,worker-large,,1777220121,1777220122,1777220126
overload,PPO-adapted,PPO,long-tail,task-1777220102843136959,completed,att-task-1777220102843136959-1,1,0,,att-task-1777220102843136959-1,1,completed,worker-medium,,1777220116,1777220122,1777220126
overload,PPO-adapted,PPO,long-tail,task-1777220103345094989,completed,att-task-1777220103345094989-1,1,0,,att-task-1777220103345094989-1,1,completed,worker-large,,1777220126,1777220127,1777220131
overload,PPO-adapted,PPO,long-tail,task-1777220103847016806,completed,att-task-1777220103847016806-1,1,0,,att-task-1777220103847016806-1,1,completed,worker-small,,1777220116,1777220117,1777220121
overload,PPO-adapted,PPO,long-tail,task-1777220104349250745,completed,att-task-1777220104349250745-1,1,0,,att-task-1777220104349250745-1,1,completed,worker-medium,,1777220121,1777220132,1777220133
overload,PPO-adapted,PPO,long-tail,task-1777220104852357076,failed,att-task-1777220104852357076-1,1,0,,att-task-1777220104852357076-1,1,failed,worker-medium,container_failed,1777220126,1777220127,1777220130
overload,PPO-adapted,PPO,long-tail,task-1777220105354963703,completed,att-task-1777220105354963703-1,1,0,,att-task-1777220105354963703-1,1,completed,worker-large,,1777220131,1777220132,1777220136
